[0.000000] (-) TimerEvent: {}
[0.000861] (ydlidar_ros2_driver) JobQueued: {'identifier': 'ydlidar_ros2_driver', 'dependencies': OrderedDict()}
[0.001746] (ydlidar_ros2_driver) JobStarted: {'identifier': 'ydlidar_ros2_driver'}
[0.015503] (ydlidar_ros2_driver) JobProgress: {'identifier': 'ydlidar_ros2_driver', 'progress': 'cmake'}
[0.017088] (ydlidar_ros2_driver) Command: {'cmd': ['/usr/bin/cmake', '/home/geonmo/ydlidar_ws/src/ydlidar_ros2_driver', '-DCMAKE_INSTALL_PREFIX=/home/geonmo/ydlidar_ws/install/ydlidar_ros2_driver'], 'cwd': '/home/geonmo/ydlidar_ws/build/ydlidar_ros2_driver', 'env': OrderedDict([('LESSOPEN', '| /usr/bin/lesspipe %s'), ('USER', 'geonmo'), ('SSH_CLIENT', '192.168.55.100 37708 22'), ('LC_TIME', 'ko_KR.UTF-8'), ('XDG_SESSION_TYPE', 'tty'), ('SHLVL', '1'), ('LD_LIBRARY_PATH', '/usr/local/cuda/lib64:/usr/local/cuda-12.6/lib64:/opt/ros/humble/opt/rviz_ogre_vendor/lib:/opt/ros/humble/lib/aarch64-linux-gnu:/opt/ros/humble/lib:/usr/local/cuda/lib64:/usr/local/cuda-12.6/lib64:'), ('MOTD_SHOWN', 'pam'), ('HOME', '/home/geonmo'), ('OLDPWD', '/home/geonmo/ydlidar_ws'), ('SSH_TTY', '/dev/pts/0'), ('ROS_PYTHON_VERSION', '3'), ('LC_MONETARY', 'ko_KR.UTF-8'), ('DBUS_SESSION_BUS_ADDRESS', 'unix:path=/run/user/1000/bus'), ('ROS_DISTRO', 'humble'), ('LOGNAME', 'geonmo'), ('_', '/usr/bin/colcon'), ('ROS_VERSION', '2'), ('XDG_SESSION_CLASS', 'user'), ('TERM', 'xterm-256color'), ('XDG_SESSION_ID', '3'), ('ROS_LOCALHOST_ONLY', '0'), ('PATH', '/usr/local/cuda/bin:/usr/local/cuda-12.6/bin:/opt/ros/humble/bin:/usr/local/cuda/bin:/usr/local/cuda-12.6/bin:/usr/local/sbin:/usr/local/bin:/usr/sbin:/usr/bin:/sbin:/bin:/usr/games:/usr/local/games:/snap/bin:/home/geonmo/.local/bin:/home/geonmo/.local/bin'), ('LC_ADDRESS', 'ko_KR.UTF-8'), ('XDG_RUNTIME_DIR', '/run/user/1000'), ('LANG', 'ko_KR.UTF-8'), ('LC_TELEPHONE', 'ko_KR.UTF-8'), ('LS_COLORS', 'rs=0:di=01;34:ln=01;36:mh=00:pi=40;33:so=01;35:do=01;35:bd=40;33;01:cd=40;33;01:or=40;31;01:mi=00:su=37;41:sg=30;43:ca=30;41:tw=30;42:ow=34;42:st=37;44:ex=01;32:*.tar=01;31:*.tgz=01;31:*.arc=01;31:*.arj=01;31:*.taz=01;31:*.lha=01;31:*.lz4=01;31:*.lzh=01;31:*.lzma=01;31:*.tlz=01;31:*.txz=01;31:*.tzo=01;31:*.t7z=01;31:*.zip=01;31:*.z=01;31:*.dz=01;31:*.gz=01;31:*.lrz=01;31:*.lz=01;31:*.lzo=01;31:*.xz=01;31:*.zst=01;31:*.tzst=01;31:*.bz2=01;31:*.bz=01;31:*.tbz=01;31:*.tbz2=01;31:*.tz=01;31:*.deb=01;31:*.rpm=01;31:*.jar=01;31:*.war=01;31:*.ear=01;31:*.sar=01;31:*.rar=01;31:*.alz=01;31:*.ace=01;31:*.zoo=01;31:*.cpio=01;31:*.7z=01;31:*.rz=01;31:*.cab=01;31:*.wim=01;31:*.swm=01;31:*.dwm=01;31:*.esd=01;31:*.jpg=01;35:*.jpeg=01;35:*.mjpg=01;35:*.mjpeg=01;35:*.gif=01;35:*.bmp=01;35:*.pbm=01;35:*.pgm=01;35:*.ppm=01;35:*.tga=01;35:*.xbm=01;35:*.xpm=01;35:*.tif=01;35:*.tiff=01;35:*.png=01;35:*.svg=01;35:*.svgz=01;35:*.mng=01;35:*.pcx=01;35:*.mov=01;35:*.mpg=01;35:*.mpeg=01;35:*.m2v=01;35:*.mkv=01;35:*.webm=01;35:*.webp=01;35:*.ogm=01;35:*.mp4=01;35:*.m4v=01;35:*.mp4v=01;35:*.vob=01;35:*.qt=01;35:*.nuv=01;35:*.wmv=01;35:*.asf=01;35:*.rm=01;35:*.rmvb=01;35:*.flc=01;35:*.avi=01;35:*.fli=01;35:*.flv=01;35:*.gl=01;35:*.dl=01;35:*.xcf=01;35:*.xwd=01;35:*.yuv=01;35:*.cgm=01;35:*.emf=01;35:*.ogv=01;35:*.ogx=01;35:*.aac=00;36:*.au=00;36:*.flac=00;36:*.m4a=00;36:*.mid=00;36:*.midi=00;36:*.mka=00;36:*.mp3=00;36:*.mpc=00;36:*.ogg=00;36:*.ra=00;36:*.wav=00;36:*.oga=00;36:*.opus=00;36:*.spx=00;36:*.xspf=00;36:'), ('AMENT_PREFIX_PATH', '/opt/ros/humble'), ('SHELL', '/bin/bash'), ('LC_NAME', 'ko_KR.UTF-8'), ('LESSCLOSE', '/usr/bin/lesspipe %s %s'), ('LC_MEASUREMENT', 'ko_KR.UTF-8'), ('LC_IDENTIFICATION', 'ko_KR.UTF-8'), ('PWD', '/home/geonmo/ydlidar_ws/build/ydlidar_ros2_driver'), ('LC_ALL', 'ko_KR.UTF-8'), ('SSH_CONNECTION', '192.168.55.100 37708 192.168.55.1 22'), ('PYTHONPATH', '/opt/ros/humble/lib/python3.10/site-packages:/opt/ros/humble/local/lib/python3.10/dist-packages'), ('LC_NUMERIC', 'ko_KR.UTF-8'), ('LC_PAPER', 'ko_KR.UTF-8'), ('COLCON', '1'), ('CMAKE_PREFIX_PATH', '/opt/ros/humble')]), 'shell': False}
[0.044920] (ydlidar_ros2_driver) StdoutLine: {'line': b'-- Found ament_cmake: 1.3.12 (/opt/ros/humble/share/ament_cmake/cmake)\n'}
[0.099891] (-) TimerEvent: {}
[0.200718] (-) TimerEvent: {}
[0.289011] (ydlidar_ros2_driver) StdoutLine: {'line': b'-- Override CMake install command with custom implementation using symlinks instead of copying resources\n'}
[0.300837] (-) TimerEvent: {}
[0.315108] (ydlidar_ros2_driver) StdoutLine: {'line': b'-- Found rclcpp: 16.0.17 (/opt/ros/humble/share/rclcpp/cmake)\n'}
[0.386813] (ydlidar_ros2_driver) StdoutLine: {'line': b'-- Found rosidl_generator_c: 3.1.8 (/opt/ros/humble/share/rosidl_generator_c/cmake)\n'}
[0.391629] (ydlidar_ros2_driver) StdoutLine: {'line': b'-- Found rosidl_adapter: 3.1.8 (/opt/ros/humble/share/rosidl_adapter/cmake)\n'}
[0.400922] (-) TimerEvent: {}
[0.403204] (ydlidar_ros2_driver) StdoutLine: {'line': b'-- Found rosidl_generator_cpp: 3.1.8 (/opt/ros/humble/share/rosidl_generator_cpp/cmake)\n'}
[0.421447] (ydlidar_ros2_driver) StdoutLine: {'line': b'-- Using all available rosidl_typesupport_c: rosidl_typesupport_fastrtps_c;rosidl_typesupport_introspection_c\n'}
[0.445235] (ydlidar_ros2_driver) StdoutLine: {'line': b'-- Using all available rosidl_typesupport_cpp: rosidl_typesupport_fastrtps_cpp;rosidl_typesupport_introspection_cpp\n'}
[0.501030] (-) TimerEvent: {}
[0.506289] (ydlidar_ros2_driver) StdoutLine: {'line': b'-- Found rmw_implementation_cmake: 6.1.2 (/opt/ros/humble/share/rmw_implementation_cmake/cmake)\n'}
[0.508708] (ydlidar_ros2_driver) StdoutLine: {'line': b'-- Found rmw_fastrtps_cpp: 6.2.9 (/opt/ros/humble/share/rmw_fastrtps_cpp/cmake)\n'}
[0.601216] (-) TimerEvent: {}
[0.692224] (ydlidar_ros2_driver) StdoutLine: {'line': b"-- Using RMW implementation 'rmw_fastrtps_cpp' as default\n"}
[0.701326] (-) TimerEvent: {}
[0.786559] (ydlidar_ros2_driver) StdoutLine: {'line': b'-- Found sensor_msgs: 4.9.0 (/opt/ros/humble/share/sensor_msgs/cmake)\n'}
[0.801425] (-) TimerEvent: {}
[0.841205] (ydlidar_ros2_driver) StdoutLine: {'line': b'-- Found visualization_msgs: 4.9.0 (/opt/ros/humble/share/visualization_msgs/cmake)\n'}
[0.877493] (ydlidar_ros2_driver) StdoutLine: {'line': b'-- Found std_srvs: 4.9.0 (/opt/ros/humble/share/std_srvs/cmake)\n'}
[0.901528] (-) TimerEvent: {}
[0.902395] (ydlidar_ros2_driver) StdoutLine: {'line': b'-- Found ament_lint_auto: 0.12.14 (/opt/ros/humble/share/ament_lint_auto/cmake)\n'}
[1.001695] (-) TimerEvent: {}
[1.049960] (ydlidar_ros2_driver) StdoutLine: {'line': b"-- Added test 'copyright' to check source files copyright and LICENSE\n"}
[1.056767] (ydlidar_ros2_driver) StdoutLine: {'line': b"-- Added test 'cppcheck' to perform static code analysis on C / C++ code\n"}
[1.057427] (ydlidar_ros2_driver) StdoutLine: {'line': b'-- Configured cppcheck include dirs: /home/geonmo/ydlidar_ws/src/ydlidar_ros2_driver/src\n'}
[1.057662] (ydlidar_ros2_driver) StdoutLine: {'line': b'-- Configured cppcheck exclude dirs and/or files: \n'}
[1.063802] (ydlidar_ros2_driver) StdoutLine: {'line': b"-- Added test 'cpplint' to check C / C++ code against the Google style\n"}
[1.064130] (ydlidar_ros2_driver) StdoutLine: {'line': b'-- Configured cpplint exclude dirs and/or files: \n'}
[1.065154] (ydlidar_ros2_driver) StdoutLine: {'line': b"-- Added test 'flake8' to check Python code syntax and style conventions\n"}
[1.067190] (ydlidar_ros2_driver) StdoutLine: {'line': b"-- Added test 'lint_cmake' to check CMake code style\n"}
[1.068656] (ydlidar_ros2_driver) StdoutLine: {'line': b"-- Added test 'pep257' to check Python code against some of the docstring style conventions in PEP 257\n"}
[1.075046] (ydlidar_ros2_driver) StdoutLine: {'line': b"-- Added test 'uncrustify' to check C / C++ code style\n"}
[1.075253] (ydlidar_ros2_driver) StdoutLine: {'line': b'-- Configured uncrustify additional arguments: \n'}
[1.076106] (ydlidar_ros2_driver) StdoutLine: {'line': b"-- Added test 'xmllint' to check XML markup files\n"}
[1.078128] (ydlidar_ros2_driver) StdoutLine: {'line': b'-- Configuring done\n'}
[1.101785] (-) TimerEvent: {}
[1.108256] (ydlidar_ros2_driver) StdoutLine: {'line': b'-- Generating done\n'}
[1.119497] (ydlidar_ros2_driver) StdoutLine: {'line': b'-- Build files have been written to: /home/geonmo/ydlidar_ws/build/ydlidar_ros2_driver\n'}
[1.139556] (ydlidar_ros2_driver) CommandEnded: {'returncode': 0}
[1.140782] (ydlidar_ros2_driver) JobProgress: {'identifier': 'ydlidar_ros2_driver', 'progress': 'build'}
[1.142163] (ydlidar_ros2_driver) Command: {'cmd': ['/usr/bin/cmake', '--build', '/home/geonmo/ydlidar_ws/build/ydlidar_ros2_driver', '--', '-j4', '-l4'], 'cwd': '/home/geonmo/ydlidar_ws/build/ydlidar_ros2_driver', 'env': OrderedDict([('LESSOPEN', '| /usr/bin/lesspipe %s'), ('USER', 'geonmo'), ('SSH_CLIENT', '192.168.55.100 37708 22'), ('LC_TIME', 'ko_KR.UTF-8'), ('XDG_SESSION_TYPE', 'tty'), ('SHLVL', '1'), ('LD_LIBRARY_PATH', '/usr/local/cuda/lib64:/usr/local/cuda-12.6/lib64:/opt/ros/humble/opt/rviz_ogre_vendor/lib:/opt/ros/humble/lib/aarch64-linux-gnu:/opt/ros/humble/lib:/usr/local/cuda/lib64:/usr/local/cuda-12.6/lib64:'), ('MOTD_SHOWN', 'pam'), ('HOME', '/home/geonmo'), ('OLDPWD', '/home/geonmo/ydlidar_ws'), ('SSH_TTY', '/dev/pts/0'), ('ROS_PYTHON_VERSION', '3'), ('LC_MONETARY', 'ko_KR.UTF-8'), ('DBUS_SESSION_BUS_ADDRESS', 'unix:path=/run/user/1000/bus'), ('ROS_DISTRO', 'humble'), ('LOGNAME', 'geonmo'), ('_', '/usr/bin/colcon'), ('ROS_VERSION', '2'), ('XDG_SESSION_CLASS', 'user'), ('TERM', 'xterm-256color'), ('XDG_SESSION_ID', '3'), ('ROS_LOCALHOST_ONLY', '0'), ('PATH', '/usr/local/cuda/bin:/usr/local/cuda-12.6/bin:/opt/ros/humble/bin:/usr/local/cuda/bin:/usr/local/cuda-12.6/bin:/usr/local/sbin:/usr/local/bin:/usr/sbin:/usr/bin:/sbin:/bin:/usr/games:/usr/local/games:/snap/bin:/home/geonmo/.local/bin:/home/geonmo/.local/bin'), ('LC_ADDRESS', 'ko_KR.UTF-8'), ('XDG_RUNTIME_DIR', '/run/user/1000'), ('LANG', 'ko_KR.UTF-8'), ('LC_TELEPHONE', 'ko_KR.UTF-8'), ('LS_COLORS', 'rs=0:di=01;34:ln=01;36:mh=00:pi=40;33:so=01;35:do=01;35:bd=40;33;01:cd=40;33;01:or=40;31;01:mi=00:su=37;41:sg=30;43:ca=30;41:tw=30;42:ow=34;42:st=37;44:ex=01;32:*.tar=01;31:*.tgz=01;31:*.arc=01;31:*.arj=01;31:*.taz=01;31:*.lha=01;31:*.lz4=01;31:*.lzh=01;31:*.lzma=01;31:*.tlz=01;31:*.txz=01;31:*.tzo=01;31:*.t7z=01;31:*.zip=01;31:*.z=01;31:*.dz=01;31:*.gz=01;31:*.lrz=01;31:*.lz=01;31:*.lzo=01;31:*.xz=01;31:*.zst=01;31:*.tzst=01;31:*.bz2=01;31:*.bz=01;31:*.tbz=01;31:*.tbz2=01;31:*.tz=01;31:*.deb=01;31:*.rpm=01;31:*.jar=01;31:*.war=01;31:*.ear=01;31:*.sar=01;31:*.rar=01;31:*.alz=01;31:*.ace=01;31:*.zoo=01;31:*.cpio=01;31:*.7z=01;31:*.rz=01;31:*.cab=01;31:*.wim=01;31:*.swm=01;31:*.dwm=01;31:*.esd=01;31:*.jpg=01;35:*.jpeg=01;35:*.mjpg=01;35:*.mjpeg=01;35:*.gif=01;35:*.bmp=01;35:*.pbm=01;35:*.pgm=01;35:*.ppm=01;35:*.tga=01;35:*.xbm=01;35:*.xpm=01;35:*.tif=01;35:*.tiff=01;35:*.png=01;35:*.svg=01;35:*.svgz=01;35:*.mng=01;35:*.pcx=01;35:*.mov=01;35:*.mpg=01;35:*.mpeg=01;35:*.m2v=01;35:*.mkv=01;35:*.webm=01;35:*.webp=01;35:*.ogm=01;35:*.mp4=01;35:*.m4v=01;35:*.mp4v=01;35:*.vob=01;35:*.qt=01;35:*.nuv=01;35:*.wmv=01;35:*.asf=01;35:*.rm=01;35:*.rmvb=01;35:*.flc=01;35:*.avi=01;35:*.fli=01;35:*.flv=01;35:*.gl=01;35:*.dl=01;35:*.xcf=01;35:*.xwd=01;35:*.yuv=01;35:*.cgm=01;35:*.emf=01;35:*.ogv=01;35:*.ogx=01;35:*.aac=00;36:*.au=00;36:*.flac=00;36:*.m4a=00;36:*.mid=00;36:*.midi=00;36:*.mka=00;36:*.mp3=00;36:*.mpc=00;36:*.ogg=00;36:*.ra=00;36:*.wav=00;36:*.oga=00;36:*.opus=00;36:*.spx=00;36:*.xspf=00;36:'), ('AMENT_PREFIX_PATH', '/opt/ros/humble'), ('SHELL', '/bin/bash'), ('LC_NAME', 'ko_KR.UTF-8'), ('LESSCLOSE', '/usr/bin/lesspipe %s %s'), ('LC_MEASUREMENT', 'ko_KR.UTF-8'), ('LC_IDENTIFICATION', 'ko_KR.UTF-8'), ('PWD', '/home/geonmo/ydlidar_ws/build/ydlidar_ros2_driver'), ('LC_ALL', 'ko_KR.UTF-8'), ('SSH_CONNECTION', '192.168.55.100 37708 192.168.55.1 22'), ('PYTHONPATH', '/opt/ros/humble/lib/python3.10/site-packages:/opt/ros/humble/local/lib/python3.10/dist-packages'), ('LC_NUMERIC', 'ko_KR.UTF-8'), ('LC_PAPER', 'ko_KR.UTF-8'), ('COLCON', '1'), ('CMAKE_PREFIX_PATH', '/opt/ros/humble')]), 'shell': False}
[1.201994] (-) TimerEvent: {}
[1.221111] (ydlidar_ros2_driver) StdoutLine: {'line': b'\x1b[35m\x1b[1mConsolidate compiler generated dependencies of target ydlidar_ros2_driver_client\x1b[0m\n'}
[1.221691] (ydlidar_ros2_driver) StdoutLine: {'line': b'\x1b[35m\x1b[1mConsolidate compiler generated dependencies of target ydlidar_ros2_driver_node\x1b[0m\n'}
[1.256216] (ydlidar_ros2_driver) StdoutLine: {'line': b'[ 50%] \x1b[32mBuilding CXX object CMakeFiles/ydlidar_ros2_driver_node.dir/src/ydlidar_ros2_driver_node.cpp.o\x1b[0m\n'}
[1.256747] (ydlidar_ros2_driver) StdoutLine: {'line': b'[ 75%] Built target ydlidar_ros2_driver_client\n'}
[1.302176] (-) TimerEvent: {}
[1.402829] (-) TimerEvent: {}
[1.503517] (-) TimerEvent: {}
[1.604152] (-) TimerEvent: {}
[1.704674] (-) TimerEvent: {}
[1.805177] (-) TimerEvent: {}
[1.905798] (-) TimerEvent: {}
[2.006553] (-) TimerEvent: {}
[2.107272] (-) TimerEvent: {}
[2.207995] (-) TimerEvent: {}
[2.308729] (-) TimerEvent: {}
[2.409474] (-) TimerEvent: {}
[2.510222] (-) TimerEvent: {}
[2.610948] (-) TimerEvent: {}
[2.711667] (-) TimerEvent: {}
[2.812648] (-) TimerEvent: {}
[2.913412] (-) TimerEvent: {}
[3.014144] (-) TimerEvent: {}
[3.114866] (-) TimerEvent: {}
[3.215583] (-) TimerEvent: {}
[3.316314] (-) TimerEvent: {}
[3.417077] (-) TimerEvent: {}
[3.517848] (-) TimerEvent: {}
[3.618844] (-) TimerEvent: {}
[3.719845] (-) TimerEvent: {}
[3.820862] (-) TimerEvent: {}
[3.921641] (-) TimerEvent: {}
[4.022403] (-) TimerEvent: {}
[4.123125] (-) TimerEvent: {}
[4.224088] (-) TimerEvent: {}
[4.325100] (-) TimerEvent: {}
[4.425892] (-) TimerEvent: {}
[4.526891] (-) TimerEvent: {}
[4.627967] (-) TimerEvent: {}
[4.728746] (-) TimerEvent: {}
[4.829537] (-) TimerEvent: {}
[4.930293] (-) TimerEvent: {}
[5.031050] (-) TimerEvent: {}
[5.131787] (-) TimerEvent: {}
[5.232542] (-) TimerEvent: {}
[5.333339] (-) TimerEvent: {}
[5.434106] (-) TimerEvent: {}
[5.534881] (-) TimerEvent: {}
[5.635634] (-) TimerEvent: {}
[5.736395] (-) TimerEvent: {}
[5.837365] (-) TimerEvent: {}
[5.938099] (-) TimerEvent: {}
[6.039093] (-) TimerEvent: {}
[6.139882] (-) TimerEvent: {}
[6.240629] (-) TimerEvent: {}
[6.341393] (-) TimerEvent: {}
[6.442152] (-) TimerEvent: {}
[6.543153] (-) TimerEvent: {}
[6.583425] (ydlidar_ros2_driver) StderrLine: {'line': b'\x1b[01m\x1b[K/home/geonmo/ydlidar_ws/src/ydlidar_ros2_driver/src/ydlidar_ros2_driver_node.cpp:\x1b[m\x1b[K In function \xe2\x80\x98\x1b[01m\x1b[Kint main(int, char**)\x1b[m\x1b[K\xe2\x80\x99:\n'}
[6.584895] (ydlidar_ros2_driver) StderrLine: {'line': b'\x1b[01m\x1b[K/home/geonmo/ydlidar_ws/src/ydlidar_ros2_driver/src/ydlidar_ros2_driver_node.cpp:44:26:\x1b[m\x1b[K \x1b[01;31m\x1b[Kerror: \x1b[m\x1b[Kno matching function for call to \xe2\x80\x98\x1b[01m\x1b[Krclcpp::Node::declare_parameter(const char [5])\x1b[m\x1b[K\xe2\x80\x99\n'}
[6.585635] (ydlidar_ros2_driver) StderrLine: {'line': b'   44 |   \x1b[01;31m\x1b[Knode->declare_parameter("port")\x1b[m\x1b[K;\n'}
[6.586010] (ydlidar_ros2_driver) StderrLine: {'line': b'      |   \x1b[01;31m\x1b[K~~~~~~~~~~~~~~~~~~~~~~~^~~~~~~~\x1b[m\x1b[K\n'}
[6.586359] (ydlidar_ros2_driver) StderrLine: {'line': b'In file included from \x1b[01m\x1b[K/opt/ros/humble/include/rclcpp/rclcpp/executors/single_threaded_executor.hpp:28\x1b[m\x1b[K,\n'}
[6.586856] (ydlidar_ros2_driver) StderrLine: {'line': b'                 from \x1b[01m\x1b[K/opt/ros/humble/include/rclcpp/rclcpp/executors.hpp:22\x1b[m\x1b[K,\n'}
[6.587300] (ydlidar_ros2_driver) StderrLine: {'line': b'                 from \x1b[01m\x1b[K/opt/ros/humble/include/rclcpp/rclcpp/rclcpp.hpp:155\x1b[m\x1b[K,\n'}
[6.587476] (ydlidar_ros2_driver) StderrLine: {'line': b'                 from \x1b[01m\x1b[K/home/geonmo/ydlidar_ws/src/ydlidar_ros2_driver/src/ydlidar_ros2_driver_node.cpp:23\x1b[m\x1b[K:\n'}
[6.587656] (ydlidar_ros2_driver) StderrLine: {'line': b'\x1b[01m\x1b[K/opt/ros/humble/include/rclcpp/rclcpp/node.hpp:421:3:\x1b[m\x1b[K \x1b[01;36m\x1b[Knote: \x1b[m\x1b[Kcandidate: \xe2\x80\x98\x1b[01m\x1b[Ktemplate<class ParameterT> auto rclcpp::Node::declare_parameter(const string&, const ParameterT&, const ParameterDescriptor&, bool)\x1b[m\x1b[K\xe2\x80\x99\n'}
[6.588350] (ydlidar_ros2_driver) StderrLine: {'line': b'  421 |   \x1b[01;36m\x1b[Kdeclare_parameter\x1b[m\x1b[K(\n'}
[6.588613] (ydlidar_ros2_driver) StderrLine: {'line': b'      |   \x1b[01;36m\x1b[K^~~~~~~~~~~~~~~~~\x1b[m\x1b[K\n'}
[6.589025] (ydlidar_ros2_driver) StderrLine: {'line': b'\x1b[01m\x1b[K/opt/ros/humble/include/rclcpp/rclcpp/node.hpp:421:3:\x1b[m\x1b[K \x1b[01;36m\x1b[Knote: \x1b[m\x1b[K  template argument deduction/substitution failed:\n'}
[6.589189] (ydlidar_ros2_driver) StderrLine: {'line': b'\x1b[01m\x1b[K/home/geonmo/ydlidar_ws/src/ydlidar_ros2_driver/src/ydlidar_ros2_driver_node.cpp:44:26:\x1b[m\x1b[K \x1b[01;36m\x1b[Knote: \x1b[m\x1b[K  candidate expects 4 arguments, 1 provided\n'}
[6.589797] (ydlidar_ros2_driver) StderrLine: {'line': b'   44 |   \x1b[01;36m\x1b[Knode->declare_parameter("port")\x1b[m\x1b[K;\n'}
[6.590359] (ydlidar_ros2_driver) StderrLine: {'line': b'      |   \x1b[01;36m\x1b[K~~~~~~~~~~~~~~~~~~~~~~~^~~~~~~~\x1b[m\x1b[K\n'}
[6.590790] (ydlidar_ros2_driver) StderrLine: {'line': b'In file included from \x1b[01m\x1b[K/opt/ros/humble/include/rclcpp/rclcpp/executors/single_threaded_executor.hpp:28\x1b[m\x1b[K,\n'}
[6.591270] (ydlidar_ros2_driver) StderrLine: {'line': b'                 from \x1b[01m\x1b[K/opt/ros/humble/include/rclcpp/rclcpp/executors.hpp:22\x1b[m\x1b[K,\n'}
[6.591444] (ydlidar_ros2_driver) StderrLine: {'line': b'                 from \x1b[01m\x1b[K/opt/ros/humble/include/rclcpp/rclcpp/rclcpp.hpp:155\x1b[m\x1b[K,\n'}
[6.591972] (ydlidar_ros2_driver) StderrLine: {'line': b'                 from \x1b[01m\x1b[K/home/geonmo/ydlidar_ws/src/ydlidar_ros2_driver/src/ydlidar_ros2_driver_node.cpp:23\x1b[m\x1b[K:\n'}
[6.592286] (ydlidar_ros2_driver) StderrLine: {'line': b'\x1b[01m\x1b[K/opt/ros/humble/include/rclcpp/rclcpp/node.hpp:434:3:\x1b[m\x1b[K \x1b[01;36m\x1b[Knote: \x1b[m\x1b[Kcandidate: \xe2\x80\x98\x1b[01m\x1b[Ktemplate<class ParameterT> auto rclcpp::Node::declare_parameter(const string&, const ParameterDescriptor&, bool)\x1b[m\x1b[K\xe2\x80\x99\n'}
[6.592589] (ydlidar_ros2_driver) StderrLine: {'line': b'  434 |   \x1b[01;36m\x1b[Kdeclare_parameter\x1b[m\x1b[K(\n'}
[6.592870] (ydlidar_ros2_driver) StderrLine: {'line': b'      |   \x1b[01;36m\x1b[K^~~~~~~~~~~~~~~~~\x1b[m\x1b[K\n'}
[6.593224] (ydlidar_ros2_driver) StderrLine: {'line': b'\x1b[01m\x1b[K/opt/ros/humble/include/rclcpp/rclcpp/node.hpp:434:3:\x1b[m\x1b[K \x1b[01;36m\x1b[Knote: \x1b[m\x1b[K  template argument deduction/substitution failed:\n'}
[6.593489] (ydlidar_ros2_driver) StderrLine: {'line': b'\x1b[01m\x1b[K/home/geonmo/ydlidar_ws/src/ydlidar_ros2_driver/src/ydlidar_ros2_driver_node.cpp:44:26:\x1b[m\x1b[K \x1b[01;36m\x1b[Knote: \x1b[m\x1b[K  couldn\xe2\x80\x99t deduce template parameter \xe2\x80\x98\x1b[01m\x1b[KParameterT\x1b[m\x1b[K\xe2\x80\x99\n'}
[6.593960] (ydlidar_ros2_driver) StderrLine: {'line': b'   44 |   \x1b[01;36m\x1b[Knode->declare_parameter("port")\x1b[m\x1b[K;\n'}
[6.594196] (ydlidar_ros2_driver) StderrLine: {'line': b'      |   \x1b[01;36m\x1b[K~~~~~~~~~~~~~~~~~~~~~~~^~~~~~~~\x1b[m\x1b[K\n'}
[6.594841] (ydlidar_ros2_driver) StderrLine: {'line': b'In file included from \x1b[01m\x1b[K/opt/ros/humble/include/rclcpp/rclcpp/executors/single_threaded_executor.hpp:28\x1b[m\x1b[K,\n'}
[6.595535] (ydlidar_ros2_driver) StderrLine: {'line': b'                 from \x1b[01m\x1b[K/opt/ros/humble/include/rclcpp/rclcpp/executors.hpp:22\x1b[m\x1b[K,\n'}
[6.595832] (ydlidar_ros2_driver) StderrLine: {'line': b'                 from \x1b[01m\x1b[K/opt/ros/humble/include/rclcpp/rclcpp/rclcpp.hpp:155\x1b[m\x1b[K,\n'}
[6.596152] (ydlidar_ros2_driver) StderrLine: {'line': b'                 from \x1b[01m\x1b[K/home/geonmo/ydlidar_ws/src/ydlidar_ros2_driver/src/ydlidar_ros2_driver_node.cpp:23\x1b[m\x1b[K:\n'}
[6.596652] (ydlidar_ros2_driver) StderrLine: {'line': b'\x1b[01m\x1b[K/opt/ros/humble/include/rclcpp/rclcpp/node.hpp:366:3:\x1b[m\x1b[K \x1b[01;36m\x1b[Knote: \x1b[m\x1b[Kcandidate: \xe2\x80\x98\x1b[01m\x1b[Kconst rclcpp::ParameterValue& rclcpp::Node::declare_parameter(const string&, const rclcpp::ParameterValue&, const ParameterDescriptor&, bool)\x1b[m\x1b[K\xe2\x80\x99\n'}
[6.597077] (ydlidar_ros2_driver) StderrLine: {'line': b'  366 |   \x1b[01;36m\x1b[Kdeclare_parameter\x1b[m\x1b[K(\n'}
[6.597527] (ydlidar_ros2_driver) StderrLine: {'line': b'      |   \x1b[01;36m\x1b[K^~~~~~~~~~~~~~~~~\x1b[m\x1b[K\n'}
[6.597794] (ydlidar_ros2_driver) StderrLine: {'line': b'\x1b[01m\x1b[K/opt/ros/humble/include/rclcpp/rclcpp/node.hpp:366:3:\x1b[m\x1b[K \x1b[01;36m\x1b[Knote: \x1b[m\x1b[K  candidate expects 4 arguments, 1 provided\n'}
[6.597945] (ydlidar_ros2_driver) StderrLine: {'line': b'\x1b[01m\x1b[K/opt/ros/humble/include/rclcpp/rclcpp/node.hpp:391:3:\x1b[m\x1b[K \x1b[01;36m\x1b[Knote: \x1b[m\x1b[Kcandidate: \xe2\x80\x98\x1b[01m\x1b[Kconst rclcpp::ParameterValue& rclcpp::Node::declare_parameter(const string&, rclcpp::ParameterType, const ParameterDescriptor&, bool)\x1b[m\x1b[K\xe2\x80\x99\n'}
[6.598092] (ydlidar_ros2_driver) StderrLine: {'line': b'  391 |   \x1b[01;36m\x1b[Kdeclare_parameter\x1b[m\x1b[K(\n'}
[6.598259] (ydlidar_ros2_driver) StderrLine: {'line': b'      |   \x1b[01;36m\x1b[K^~~~~~~~~~~~~~~~~\x1b[m\x1b[K\n'}
[6.598396] (ydlidar_ros2_driver) StderrLine: {'line': b'\x1b[01m\x1b[K/opt/ros/humble/include/rclcpp/rclcpp/node.hpp:391:3:\x1b[m\x1b[K \x1b[01;36m\x1b[Knote: \x1b[m\x1b[K  candidate expects 4 arguments, 1 provided\n'}
[6.598530] (ydlidar_ros2_driver) StderrLine: {'line': b'\x1b[01m\x1b[K/home/geonmo/ydlidar_ws/src/ydlidar_ros2_driver/src/ydlidar_ros2_driver_node.cpp:51:26:\x1b[m\x1b[K \x1b[01;31m\x1b[Kerror: \x1b[m\x1b[Kno matching function for call to \xe2\x80\x98\x1b[01m\x1b[Krclcpp::Node::declare_parameter(const char [13])\x1b[m\x1b[K\xe2\x80\x99\n'}
[6.598684] (ydlidar_ros2_driver) StderrLine: {'line': b'   51 |   \x1b[01;31m\x1b[Knode->declare_parameter("ignore_array")\x1b[m\x1b[K;\n'}
[6.598822] (ydlidar_ros2_driver) StderrLine: {'line': b'      |   \x1b[01;31m\x1b[K~~~~~~~~~~~~~~~~~~~~~~~^~~~~~~~~~~~~~~~\x1b[m\x1b[K\n'}
[6.598956] (ydlidar_ros2_driver) StderrLine: {'line': b'In file included from \x1b[01m\x1b[K/opt/ros/humble/include/rclcpp/rclcpp/executors/single_threaded_executor.hpp:28\x1b[m\x1b[K,\n'}
[6.599088] (ydlidar_ros2_driver) StderrLine: {'line': b'                 from \x1b[01m\x1b[K/opt/ros/humble/include/rclcpp/rclcpp/executors.hpp:22\x1b[m\x1b[K,\n'}
[6.599221] (ydlidar_ros2_driver) StderrLine: {'line': b'                 from \x1b[01m\x1b[K/opt/ros/humble/include/rclcpp/rclcpp/rclcpp.hpp:155\x1b[m\x1b[K,\n'}
[6.599350] (ydlidar_ros2_driver) StderrLine: {'line': b'                 from \x1b[01m\x1b[K/home/geonmo/ydlidar_ws/src/ydlidar_ros2_driver/src/ydlidar_ros2_driver_node.cpp:23\x1b[m\x1b[K:\n'}
[6.599480] (ydlidar_ros2_driver) StderrLine: {'line': b'\x1b[01m\x1b[K/opt/ros/humble/include/rclcpp/rclcpp/node.hpp:421:3:\x1b[m\x1b[K \x1b[01;36m\x1b[Knote: \x1b[m\x1b[Kcandidate: \xe2\x80\x98\x1b[01m\x1b[Ktemplate<class ParameterT> auto rclcpp::Node::declare_parameter(const string&, const ParameterT&, const ParameterDescriptor&, bool)\x1b[m\x1b[K\xe2\x80\x99\n'}
[6.599631] (ydlidar_ros2_driver) StderrLine: {'line': b'  421 |   \x1b[01;36m\x1b[Kdeclare_parameter\x1b[m\x1b[K(\n'}
[6.599762] (ydlidar_ros2_driver) StderrLine: {'line': b'      |   \x1b[01;36m\x1b[K^~~~~~~~~~~~~~~~~\x1b[m\x1b[K\n'}
[6.599890] (ydlidar_ros2_driver) StderrLine: {'line': b'\x1b[01m\x1b[K/opt/ros/humble/include/rclcpp/rclcpp/node.hpp:421:3:\x1b[m\x1b[K \x1b[01;36m\x1b[Knote: \x1b[m\x1b[K  template argument deduction/substitution failed:\n'}
[6.600018] (ydlidar_ros2_driver) StderrLine: {'line': b'\x1b[01m\x1b[K/home/geonmo/ydlidar_ws/src/ydlidar_ros2_driver/src/ydlidar_ros2_driver_node.cpp:51:26:\x1b[m\x1b[K \x1b[01;36m\x1b[Knote: \x1b[m\x1b[K  candidate expects 4 arguments, 1 provided\n'}
[6.600173] (ydlidar_ros2_driver) StderrLine: {'line': b'   51 |   \x1b[01;36m\x1b[Knode->declare_parameter("ignore_array")\x1b[m\x1b[K;\n'}
[6.600307] (ydlidar_ros2_driver) StderrLine: {'line': b'      |   \x1b[01;36m\x1b[K~~~~~~~~~~~~~~~~~~~~~~~^~~~~~~~~~~~~~~~\x1b[m\x1b[K\n'}
[6.600436] (ydlidar_ros2_driver) StderrLine: {'line': b'In file included from \x1b[01m\x1b[K/opt/ros/humble/include/rclcpp/rclcpp/executors/single_threaded_executor.hpp:28\x1b[m\x1b[K,\n'}
[6.600568] (ydlidar_ros2_driver) StderrLine: {'line': b'                 from \x1b[01m\x1b[K/opt/ros/humble/include/rclcpp/rclcpp/executors.hpp:22\x1b[m\x1b[K,\n'}
[6.600717] (ydlidar_ros2_driver) StderrLine: {'line': b'                 from \x1b[01m\x1b[K/opt/ros/humble/include/rclcpp/rclcpp/rclcpp.hpp:155\x1b[m\x1b[K,\n'}
[6.600849] (ydlidar_ros2_driver) StderrLine: {'line': b'                 from \x1b[01m\x1b[K/home/geonmo/ydlidar_ws/src/ydlidar_ros2_driver/src/ydlidar_ros2_driver_node.cpp:23\x1b[m\x1b[K:\n'}
[6.600978] (ydlidar_ros2_driver) StderrLine: {'line': b'\x1b[01m\x1b[K/opt/ros/humble/include/rclcpp/rclcpp/node.hpp:434:3:\x1b[m\x1b[K \x1b[01;36m\x1b[Knote: \x1b[m\x1b[Kcandidate: \xe2\x80\x98\x1b[01m\x1b[Ktemplate<class ParameterT> auto rclcpp::Node::declare_parameter(const string&, const ParameterDescriptor&, bool)\x1b[m\x1b[K\xe2\x80\x99\n'}
[6.601115] (ydlidar_ros2_driver) StderrLine: {'line': b'  434 |   \x1b[01;36m\x1b[Kdeclare_parameter\x1b[m\x1b[K(\n'}
[6.601244] (ydlidar_ros2_driver) StderrLine: {'line': b'      |   \x1b[01;36m\x1b[K^~~~~~~~~~~~~~~~~\x1b[m\x1b[K\n'}
[6.601415] (ydlidar_ros2_driver) StderrLine: {'line': b'\x1b[01m\x1b[K/opt/ros/humble/include/rclcpp/rclcpp/node.hpp:434:3:\x1b[m\x1b[K \x1b[01;36m\x1b[Knote: \x1b[m\x1b[K  template argument deduction/substitution failed:\n'}
[6.601553] (ydlidar_ros2_driver) StderrLine: {'line': b'\x1b[01m\x1b[K/home/geonmo/ydlidar_ws/src/ydlidar_ros2_driver/src/ydlidar_ros2_driver_node.cpp:51:26:\x1b[m\x1b[K \x1b[01;36m\x1b[Knote: \x1b[m\x1b[K  couldn\xe2\x80\x99t deduce template parameter \xe2\x80\x98\x1b[01m\x1b[KParameterT\x1b[m\x1b[K\xe2\x80\x99\n'}
[6.601690] (ydlidar_ros2_driver) StderrLine: {'line': b'   51 |   \x1b[01;36m\x1b[Knode->declare_parameter("ignore_array")\x1b[m\x1b[K;\n'}
[6.601821] (ydlidar_ros2_driver) StderrLine: {'line': b'      |   \x1b[01;36m\x1b[K~~~~~~~~~~~~~~~~~~~~~~~^~~~~~~~~~~~~~~~\x1b[m\x1b[K\n'}
[6.601951] (ydlidar_ros2_driver) StderrLine: {'line': b'In file included from \x1b[01m\x1b[K/opt/ros/humble/include/rclcpp/rclcpp/executors/single_threaded_executor.hpp:28\x1b[m\x1b[K,\n'}
[6.602084] (ydlidar_ros2_driver) StderrLine: {'line': b'                 from \x1b[01m\x1b[K/opt/ros/humble/include/rclcpp/rclcpp/executors.hpp:22\x1b[m\x1b[K,\n'}
[6.602217] (ydlidar_ros2_driver) StderrLine: {'line': b'                 from \x1b[01m\x1b[K/opt/ros/humble/include/rclcpp/rclcpp/rclcpp.hpp:155\x1b[m\x1b[K,\n'}
[6.602346] (ydlidar_ros2_driver) StderrLine: {'line': b'                 from \x1b[01m\x1b[K/home/geonmo/ydlidar_ws/src/ydlidar_ros2_driver/src/ydlidar_ros2_driver_node.cpp:23\x1b[m\x1b[K:\n'}
[6.602474] (ydlidar_ros2_driver) StderrLine: {'line': b'\x1b[01m\x1b[K/opt/ros/humble/include/rclcpp/rclcpp/node.hpp:366:3:\x1b[m\x1b[K \x1b[01;36m\x1b[Knote: \x1b[m\x1b[Kcandidate: \xe2\x80\x98\x1b[01m\x1b[Kconst rclcpp::ParameterValue& rclcpp::Node::declare_parameter(const string&, const rclcpp::ParameterValue&, const ParameterDescriptor&, bool)\x1b[m\x1b[K\xe2\x80\x99\n'}
[6.602613] (ydlidar_ros2_driver) StderrLine: {'line': b'  366 |   \x1b[01;36m\x1b[Kdeclare_parameter\x1b[m\x1b[K(\n'}
[6.602742] (ydlidar_ros2_driver) StderrLine: {'line': b'      |   \x1b[01;36m\x1b[K^~~~~~~~~~~~~~~~~\x1b[m\x1b[K\n'}
[6.602870] (ydlidar_ros2_driver) StderrLine: {'line': b'\x1b[01m\x1b[K/opt/ros/humble/include/rclcpp/rclcpp/node.hpp:366:3:\x1b[m\x1b[K \x1b[01;36m\x1b[Knote: \x1b[m\x1b[K  candidate expects 4 arguments, 1 provided\n'}
[6.603001] (ydlidar_ros2_driver) StderrLine: {'line': b'\x1b[01m\x1b[K/opt/ros/humble/include/rclcpp/rclcpp/node.hpp:391:3:\x1b[m\x1b[K \x1b[01;36m\x1b[Knote: \x1b[m\x1b[Kcandidate: \xe2\x80\x98\x1b[01m\x1b[Kconst rclcpp::ParameterValue& rclcpp::Node::declare_parameter(const string&, rclcpp::ParameterType, const ParameterDescriptor&, bool)\x1b[m\x1b[K\xe2\x80\x99\n'}
[6.603174] (ydlidar_ros2_driver) StderrLine: {'line': b'  391 |   \x1b[01;36m\x1b[Kdeclare_parameter\x1b[m\x1b[K(\n'}
[6.603309] (ydlidar_ros2_driver) StderrLine: {'line': b'      |   \x1b[01;36m\x1b[K^~~~~~~~~~~~~~~~~\x1b[m\x1b[K\n'}
[6.603438] (ydlidar_ros2_driver) StderrLine: {'line': b'\x1b[01m\x1b[K/opt/ros/humble/include/rclcpp/rclcpp/node.hpp:391:3:\x1b[m\x1b[K \x1b[01;36m\x1b[Knote: \x1b[m\x1b[K  candidate expects 4 arguments, 1 provided\n'}
[6.603586] (ydlidar_ros2_driver) StderrLine: {'line': b'\x1b[01m\x1b[K/home/geonmo/ydlidar_ws/src/ydlidar_ros2_driver/src/ydlidar_ros2_driver_node.cpp:56:26:\x1b[m\x1b[K \x1b[01;31m\x1b[Kerror: \x1b[m\x1b[Kno matching function for call to \xe2\x80\x98\x1b[01m\x1b[Krclcpp::Node::declare_parameter(const char [9])\x1b[m\x1b[K\xe2\x80\x99\n'}
[6.603724] (ydlidar_ros2_driver) StderrLine: {'line': b'   56 |   \x1b[01;31m\x1b[Knode->declare_parameter("frame_id")\x1b[m\x1b[K;\n'}
[6.603855] (ydlidar_ros2_driver) StderrLine: {'line': b'      |   \x1b[01;31m\x1b[K~~~~~~~~~~~~~~~~~~~~~~~^~~~~~~~~~~~\x1b[m\x1b[K\n'}
[6.603985] (ydlidar_ros2_driver) StderrLine: {'line': b'In file included from \x1b[01m\x1b[K/opt/ros/humble/include/rclcpp/rclcpp/executors/single_threaded_executor.hpp:28\x1b[m\x1b[K,\n'}
[6.604115] (ydlidar_ros2_driver) StderrLine: {'line': b'                 from \x1b[01m\x1b[K/opt/ros/humble/include/rclcpp/rclcpp/executors.hpp:22\x1b[m\x1b[K,\n'}
[6.604246] (ydlidar_ros2_driver) StderrLine: {'line': b'                 from \x1b[01m\x1b[K/opt/ros/humble/include/rclcpp/rclcpp/rclcpp.hpp:155\x1b[m\x1b[K,\n'}
[6.604375] (ydlidar_ros2_driver) StderrLine: {'line': b'                 from \x1b[01m\x1b[K/home/geonmo/ydlidar_ws/src/ydlidar_ros2_driver/src/ydlidar_ros2_driver_node.cpp:23\x1b[m\x1b[K:\n'}
[6.604504] (ydlidar_ros2_driver) StderrLine: {'line': b'\x1b[01m\x1b[K/opt/ros/humble/include/rclcpp/rclcpp/node.hpp:421:3:\x1b[m\x1b[K \x1b[01;36m\x1b[Knote: \x1b[m\x1b[Kcandidate: \xe2\x80\x98\x1b[01m\x1b[Ktemplate<class ParameterT> auto rclcpp::Node::declare_parameter(const string&, const ParameterT&, const ParameterDescriptor&, bool)\x1b[m\x1b[K\xe2\x80\x99\n'}
[6.604638] (ydlidar_ros2_driver) StderrLine: {'line': b'  421 |   \x1b[01;36m\x1b[Kdeclare_parameter\x1b[m\x1b[K(\n'}
[6.604765] (ydlidar_ros2_driver) StderrLine: {'line': b'      |   \x1b[01;36m\x1b[K^~~~~~~~~~~~~~~~~\x1b[m\x1b[K\n'}
[6.604891] (ydlidar_ros2_driver) StderrLine: {'line': b'\x1b[01m\x1b[K/opt/ros/humble/include/rclcpp/rclcpp/node.hpp:421:3:\x1b[m\x1b[K \x1b[01;36m\x1b[Knote: \x1b[m\x1b[K  template argument deduction/substitution failed:\n'}
[6.605019] (ydlidar_ros2_driver) StderrLine: {'line': b'\x1b[01m\x1b[K/home/geonmo/ydlidar_ws/src/ydlidar_ros2_driver/src/ydlidar_ros2_driver_node.cpp:56:26:\x1b[m\x1b[K \x1b[01;36m\x1b[Knote: \x1b[m\x1b[K  candidate expects 4 arguments, 1 provided\n'}
[6.605167] (ydlidar_ros2_driver) StderrLine: {'line': b'   56 |   \x1b[01;36m\x1b[Knode->declare_parameter("frame_id")\x1b[m\x1b[K;\n'}
[6.605315] (ydlidar_ros2_driver) StderrLine: {'line': b'      |   \x1b[01;36m\x1b[K~~~~~~~~~~~~~~~~~~~~~~~^~~~~~~~~~~~\x1b[m\x1b[K\n'}
[6.605456] (ydlidar_ros2_driver) StderrLine: {'line': b'In file included from \x1b[01m\x1b[K/opt/ros/humble/include/rclcpp/rclcpp/executors/single_threaded_executor.hpp:28\x1b[m\x1b[K,\n'}
[6.605586] (ydlidar_ros2_driver) StderrLine: {'line': b'                 from \x1b[01m\x1b[K/opt/ros/humble/include/rclcpp/rclcpp/executors.hpp:22\x1b[m\x1b[K,\n'}
[6.605715] (ydlidar_ros2_driver) StderrLine: {'line': b'                 from \x1b[01m\x1b[K/opt/ros/humble/include/rclcpp/rclcpp/rclcpp.hpp:155\x1b[m\x1b[K,\n'}
[6.605844] (ydlidar_ros2_driver) StderrLine: {'line': b'                 from \x1b[01m\x1b[K/home/geonmo/ydlidar_ws/src/ydlidar_ros2_driver/src/ydlidar_ros2_driver_node.cpp:23\x1b[m\x1b[K:\n'}
[6.605976] (ydlidar_ros2_driver) StderrLine: {'line': b'\x1b[01m\x1b[K/opt/ros/humble/include/rclcpp/rclcpp/node.hpp:434:3:\x1b[m\x1b[K \x1b[01;36m\x1b[Knote: \x1b[m\x1b[Kcandidate: \xe2\x80\x98\x1b[01m\x1b[Ktemplate<class ParameterT> auto rclcpp::Node::declare_parameter(const string&, const ParameterDescriptor&, bool)\x1b[m\x1b[K\xe2\x80\x99\n'}
[6.606109] (ydlidar_ros2_driver) StderrLine: {'line': b'  434 |   \x1b[01;36m\x1b[Kdeclare_parameter\x1b[m\x1b[K(\n'}
[6.606236] (ydlidar_ros2_driver) StderrLine: {'line': b'      |   \x1b[01;36m\x1b[K^~~~~~~~~~~~~~~~~\x1b[m\x1b[K\n'}
[6.606383] (ydlidar_ros2_driver) StderrLine: {'line': b'\x1b[01m\x1b[K/opt/ros/humble/include/rclcpp/rclcpp/node.hpp:434:3:\x1b[m\x1b[K \x1b[01;36m\x1b[Knote: \x1b[m\x1b[K  template argument deduction/substitution failed:\n'}
[6.606515] (ydlidar_ros2_driver) StderrLine: {'line': b'\x1b[01m\x1b[K/home/geonmo/ydlidar_ws/src/ydlidar_ros2_driver/src/ydlidar_ros2_driver_node.cpp:56:26:\x1b[m\x1b[K \x1b[01;36m\x1b[Knote: \x1b[m\x1b[K  couldn\xe2\x80\x99t deduce template parameter \xe2\x80\x98\x1b[01m\x1b[KParameterT\x1b[m\x1b[K\xe2\x80\x99\n'}
[6.606647] (ydlidar_ros2_driver) StderrLine: {'line': b'   56 |   \x1b[01;36m\x1b[Knode->declare_parameter("frame_id")\x1b[m\x1b[K;\n'}
[6.606774] (ydlidar_ros2_driver) StderrLine: {'line': b'      |   \x1b[01;36m\x1b[K~~~~~~~~~~~~~~~~~~~~~~~^~~~~~~~~~~~\x1b[m\x1b[K\n'}
[6.606903] (ydlidar_ros2_driver) StderrLine: {'line': b'In file included from \x1b[01m\x1b[K/opt/ros/humble/include/rclcpp/rclcpp/executors/single_threaded_executor.hpp:28\x1b[m\x1b[K,\n'}
[6.607031] (ydlidar_ros2_driver) StderrLine: {'line': b'                 from \x1b[01m\x1b[K/opt/ros/humble/include/rclcpp/rclcpp/executors.hpp:22\x1b[m\x1b[K,\n'}
[6.607159] (ydlidar_ros2_driver) StderrLine: {'line': b'                 from \x1b[01m\x1b[K/opt/ros/humble/include/rclcpp/rclcpp/rclcpp.hpp:155\x1b[m\x1b[K,\n'}
[6.607285] (ydlidar_ros2_driver) StderrLine: {'line': b'                 from \x1b[01m\x1b[K/home/geonmo/ydlidar_ws/src/ydlidar_ros2_driver/src/ydlidar_ros2_driver_node.cpp:23\x1b[m\x1b[K:\n'}
[6.607412] (ydlidar_ros2_driver) StderrLine: {'line': b'\x1b[01m\x1b[K/opt/ros/humble/include/rclcpp/rclcpp/node.hpp:366:3:\x1b[m\x1b[K \x1b[01;36m\x1b[Knote: \x1b[m\x1b[Kcandidate: \xe2\x80\x98\x1b[01m\x1b[Kconst rclcpp::ParameterValue& rclcpp::Node::declare_parameter(const string&, const rclcpp::ParameterValue&, const ParameterDescriptor&, bool)\x1b[m\x1b[K\xe2\x80\x99\n'}
[6.607564] (ydlidar_ros2_driver) StderrLine: {'line': b'  366 |   \x1b[01;36m\x1b[Kdeclare_parameter\x1b[m\x1b[K(\n'}
[6.607696] (ydlidar_ros2_driver) StderrLine: {'line': b'      |   \x1b[01;36m\x1b[K^~~~~~~~~~~~~~~~~\x1b[m\x1b[K\n'}
[6.607823] (ydlidar_ros2_driver) StderrLine: {'line': b'\x1b[01m\x1b[K/opt/ros/humble/include/rclcpp/rclcpp/node.hpp:366:3:\x1b[m\x1b[K \x1b[01;36m\x1b[Knote: \x1b[m\x1b[K  candidate expects 4 arguments, 1 provided\n'}
[6.607951] (ydlidar_ros2_driver) StderrLine: {'line': b'\x1b[01m\x1b[K/opt/ros/humble/include/rclcpp/rclcpp/node.hpp:391:3:\x1b[m\x1b[K \x1b[01;36m\x1b[Knote: \x1b[m\x1b[Kcandidate: \xe2\x80\x98\x1b[01m\x1b[Kconst rclcpp::ParameterValue& rclcpp::Node::declare_parameter(const string&, rclcpp::ParameterType, const ParameterDescriptor&, bool)\x1b[m\x1b[K\xe2\x80\x99\n'}
[6.608101] (ydlidar_ros2_driver) StderrLine: {'line': b'  391 |   \x1b[01;36m\x1b[Kdeclare_parameter\x1b[m\x1b[K(\n'}
[6.608230] (ydlidar_ros2_driver) StderrLine: {'line': b'      |   \x1b[01;36m\x1b[K^~~~~~~~~~~~~~~~~\x1b[m\x1b[K\n'}
[6.608357] (ydlidar_ros2_driver) StderrLine: {'line': b'\x1b[01m\x1b[K/opt/ros/humble/include/rclcpp/rclcpp/node.hpp:391:3:\x1b[m\x1b[K \x1b[01;36m\x1b[Knote: \x1b[m\x1b[K  candidate expects 4 arguments, 1 provided\n'}
[6.608485] (ydlidar_ros2_driver) StderrLine: {'line': b'\x1b[01m\x1b[K/home/geonmo/ydlidar_ws/src/ydlidar_ros2_driver/src/ydlidar_ros2_driver_node.cpp:62:26:\x1b[m\x1b[K \x1b[01;31m\x1b[Kerror: \x1b[m\x1b[Kno matching function for call to \xe2\x80\x98\x1b[01m\x1b[Krclcpp::Node::declare_parameter(const char [9])\x1b[m\x1b[K\xe2\x80\x99\n'}
[6.608615] (ydlidar_ros2_driver) StderrLine: {'line': b'   62 |   \x1b[01;31m\x1b[Knode->declare_parameter("baudrate")\x1b[m\x1b[K;\n'}
[6.608744] (ydlidar_ros2_driver) StderrLine: {'line': b'      |   \x1b[01;31m\x1b[K~~~~~~~~~~~~~~~~~~~~~~~^~~~~~~~~~~~\x1b[m\x1b[K\n'}
[6.608872] (ydlidar_ros2_driver) StderrLine: {'line': b'In file included from \x1b[01m\x1b[K/opt/ros/humble/include/rclcpp/rclcpp/executors/single_threaded_executor.hpp:28\x1b[m\x1b[K,\n'}
[6.609002] (ydlidar_ros2_driver) StderrLine: {'line': b'                 from \x1b[01m\x1b[K/opt/ros/humble/include/rclcpp/rclcpp/executors.hpp:22\x1b[m\x1b[K,\n'}
[6.609145] (ydlidar_ros2_driver) StderrLine: {'line': b'                 from \x1b[01m\x1b[K/opt/ros/humble/include/rclcpp/rclcpp/rclcpp.hpp:155\x1b[m\x1b[K,\n'}
[6.609272] (ydlidar_ros2_driver) StderrLine: {'line': b'                 from \x1b[01m\x1b[K/home/geonmo/ydlidar_ws/src/ydlidar_ros2_driver/src/ydlidar_ros2_driver_node.cpp:23\x1b[m\x1b[K:\n'}
[6.609428] (ydlidar_ros2_driver) StderrLine: {'line': b'\x1b[01m\x1b[K/opt/ros/humble/include/rclcpp/rclcpp/node.hpp:421:3:\x1b[m\x1b[K \x1b[01;36m\x1b[Knote: \x1b[m\x1b[Kcandidate: \xe2\x80\x98\x1b[01m\x1b[Ktemplate<class ParameterT> auto rclcpp::Node::declare_parameter(const string&, const ParameterT&, const ParameterDescriptor&, bool)\x1b[m\x1b[K\xe2\x80\x99\n'}
[6.609566] (ydlidar_ros2_driver) StderrLine: {'line': b'  421 |   \x1b[01;36m\x1b[Kdeclare_parameter\x1b[m\x1b[K(\n'}
[6.609696] (ydlidar_ros2_driver) StderrLine: {'line': b'      |   \x1b[01;36m\x1b[K^~~~~~~~~~~~~~~~~\x1b[m\x1b[K\n'}
[6.609824] (ydlidar_ros2_driver) StderrLine: {'line': b'\x1b[01m\x1b[K/opt/ros/humble/include/rclcpp/rclcpp/node.hpp:421:3:\x1b[m\x1b[K \x1b[01;36m\x1b[Knote: \x1b[m\x1b[K  template argument deduction/substitution failed:\n'}
[6.609972] (ydlidar_ros2_driver) StderrLine: {'line': b'\x1b[01m\x1b[K/home/geonmo/ydlidar_ws/src/ydlidar_ros2_driver/src/ydlidar_ros2_driver_node.cpp:62:26:\x1b[m\x1b[K \x1b[01;36m\x1b[Knote: \x1b[m\x1b[K  candidate expects 4 arguments, 1 provided\n'}
[6.610105] (ydlidar_ros2_driver) StderrLine: {'line': b'   62 |   \x1b[01;36m\x1b[Knode->declare_parameter("baudrate")\x1b[m\x1b[K;\n'}
[6.610229] (ydlidar_ros2_driver) StderrLine: {'line': b'      |   \x1b[01;36m\x1b[K~~~~~~~~~~~~~~~~~~~~~~~^~~~~~~~~~~~\x1b[m\x1b[K\n'}
[6.610355] (ydlidar_ros2_driver) StderrLine: {'line': b'In file included from \x1b[01m\x1b[K/opt/ros/humble/include/rclcpp/rclcpp/executors/single_threaded_executor.hpp:28\x1b[m\x1b[K,\n'}
[6.610483] (ydlidar_ros2_driver) StderrLine: {'line': b'                 from \x1b[01m\x1b[K/opt/ros/humble/include/rclcpp/rclcpp/executors.hpp:22\x1b[m\x1b[K,\n'}
[6.610611] (ydlidar_ros2_driver) StderrLine: {'line': b'                 from \x1b[01m\x1b[K/opt/ros/humble/include/rclcpp/rclcpp/rclcpp.hpp:155\x1b[m\x1b[K,\n'}
[6.610740] (ydlidar_ros2_driver) StderrLine: {'line': b'                 from \x1b[01m\x1b[K/home/geonmo/ydlidar_ws/src/ydlidar_ros2_driver/src/ydlidar_ros2_driver_node.cpp:23\x1b[m\x1b[K:\n'}
[6.610871] (ydlidar_ros2_driver) StderrLine: {'line': b'\x1b[01m\x1b[K/opt/ros/humble/include/rclcpp/rclcpp/node.hpp:434:3:\x1b[m\x1b[K \x1b[01;36m\x1b[Knote: \x1b[m\x1b[Kcandidate: \xe2\x80\x98\x1b[01m\x1b[Ktemplate<class ParameterT> auto rclcpp::Node::declare_parameter(const string&, const ParameterDescriptor&, bool)\x1b[m\x1b[K\xe2\x80\x99\n'}
[6.611005] (ydlidar_ros2_driver) StderrLine: {'line': b'  434 |   \x1b[01;36m\x1b[Kdeclare_parameter\x1b[m\x1b[K(\n'}
[6.611134] (ydlidar_ros2_driver) StderrLine: {'line': b'      |   \x1b[01;36m\x1b[K^~~~~~~~~~~~~~~~~\x1b[m\x1b[K\n'}
[6.611262] (ydlidar_ros2_driver) StderrLine: {'line': b'\x1b[01m\x1b[K/opt/ros/humble/include/rclcpp/rclcpp/node.hpp:434:3:\x1b[m\x1b[K \x1b[01;36m\x1b[Knote: \x1b[m\x1b[K  template argument deduction/substitution failed:\n'}
[6.611390] (ydlidar_ros2_driver) StderrLine: {'line': b'\x1b[01m\x1b[K/home/geonmo/ydlidar_ws/src/ydlidar_ros2_driver/src/ydlidar_ros2_driver_node.cpp:62:26:\x1b[m\x1b[K \x1b[01;36m\x1b[Knote: \x1b[m\x1b[K  couldn\xe2\x80\x99t deduce template parameter \xe2\x80\x98\x1b[01m\x1b[KParameterT\x1b[m\x1b[K\xe2\x80\x99\n'}
[6.611520] (ydlidar_ros2_driver) StderrLine: {'line': b'   62 |   \x1b[01;36m\x1b[Knode->declare_parameter("baudrate")\x1b[m\x1b[K;\n'}
[6.611646] (ydlidar_ros2_driver) StderrLine: {'line': b'      |   \x1b[01;36m\x1b[K~~~~~~~~~~~~~~~~~~~~~~~^~~~~~~~~~~~\x1b[m\x1b[K\n'}
[6.611773] (ydlidar_ros2_driver) StderrLine: {'line': b'In file included from \x1b[01m\x1b[K/opt/ros/humble/include/rclcpp/rclcpp/executors/single_threaded_executor.hpp:28\x1b[m\x1b[K,\n'}
[6.611900] (ydlidar_ros2_driver) StderrLine: {'line': b'                 from \x1b[01m\x1b[K/opt/ros/humble/include/rclcpp/rclcpp/executors.hpp:22\x1b[m\x1b[K,\n'}
[6.612045] (ydlidar_ros2_driver) StderrLine: {'line': b'                 from \x1b[01m\x1b[K/opt/ros/humble/include/rclcpp/rclcpp/rclcpp.hpp:155\x1b[m\x1b[K,\n'}
[6.612185] (ydlidar_ros2_driver) StderrLine: {'line': b'                 from \x1b[01m\x1b[K/home/geonmo/ydlidar_ws/src/ydlidar_ros2_driver/src/ydlidar_ros2_driver_node.cpp:23\x1b[m\x1b[K:\n'}
[6.612315] (ydlidar_ros2_driver) StderrLine: {'line': b'\x1b[01m\x1b[K/opt/ros/humble/include/rclcpp/rclcpp/node.hpp:366:3:\x1b[m\x1b[K \x1b[01;36m\x1b[Knote: \x1b[m\x1b[Kcandidate: \xe2\x80\x98\x1b[01m\x1b[Kconst rclcpp::ParameterValue& rclcpp::Node::declare_parameter(const string&, const rclcpp::ParameterValue&, const ParameterDescriptor&, bool)\x1b[m\x1b[K\xe2\x80\x99\n'}
[6.612454] (ydlidar_ros2_driver) StderrLine: {'line': b'  366 |   \x1b[01;36m\x1b[Kdeclare_parameter\x1b[m\x1b[K(\n'}
[6.612582] (ydlidar_ros2_driver) StderrLine: {'line': b'      |   \x1b[01;36m\x1b[K^~~~~~~~~~~~~~~~~\x1b[m\x1b[K\n'}
[6.612708] (ydlidar_ros2_driver) StderrLine: {'line': b'\x1b[01m\x1b[K/opt/ros/humble/include/rclcpp/rclcpp/node.hpp:366:3:\x1b[m\x1b[K \x1b[01;36m\x1b[Knote: \x1b[m\x1b[K  candidate expects 4 arguments, 1 provided\n'}
[6.612837] (ydlidar_ros2_driver) StderrLine: {'line': b'\x1b[01m\x1b[K/opt/ros/humble/include/rclcpp/rclcpp/node.hpp:391:3:\x1b[m\x1b[K \x1b[01;36m\x1b[Knote: \x1b[m\x1b[Kcandidate: \xe2\x80\x98\x1b[01m\x1b[Kconst rclcpp::ParameterValue& rclcpp::Node::declare_parameter(const string&, rclcpp::ParameterType, const ParameterDescriptor&, bool)\x1b[m\x1b[K\xe2\x80\x99\n'}
[6.612987] (ydlidar_ros2_driver) StderrLine: {'line': b'  391 |   \x1b[01;36m\x1b[Kdeclare_parameter\x1b[m\x1b[K(\n'}
[6.613116] (ydlidar_ros2_driver) StderrLine: {'line': b'      |   \x1b[01;36m\x1b[K^~~~~~~~~~~~~~~~~\x1b[m\x1b[K\n'}
[6.613242] (ydlidar_ros2_driver) StderrLine: {'line': b'\x1b[01m\x1b[K/opt/ros/humble/include/rclcpp/rclcpp/node.hpp:391:3:\x1b[m\x1b[K \x1b[01;36m\x1b[Knote: \x1b[m\x1b[K  candidate expects 4 arguments, 1 provided\n'}
[6.613396] (ydlidar_ros2_driver) StderrLine: {'line': b'\x1b[01m\x1b[K/home/geonmo/ydlidar_ws/src/ydlidar_ros2_driver/src/ydlidar_ros2_driver_node.cpp:67:26:\x1b[m\x1b[K \x1b[01;31m\x1b[Kerror: \x1b[m\x1b[Kno matching function for call to \xe2\x80\x98\x1b[01m\x1b[Krclcpp::Node::declare_parameter(const char [11])\x1b[m\x1b[K\xe2\x80\x99\n'}
[6.613535] (ydlidar_ros2_driver) StderrLine: {'line': b'   67 |   \x1b[01;31m\x1b[Knode->declare_parameter("lidar_type")\x1b[m\x1b[K;\n'}
[6.613665] (ydlidar_ros2_driver) StderrLine: {'line': b'      |   \x1b[01;31m\x1b[K~~~~~~~~~~~~~~~~~~~~~~~^~~~~~~~~~~~~~\x1b[m\x1b[K\n'}
[6.613791] (ydlidar_ros2_driver) StderrLine: {'line': b'In file included from \x1b[01m\x1b[K/opt/ros/humble/include/rclcpp/rclcpp/executors/single_threaded_executor.hpp:28\x1b[m\x1b[K,\n'}
[6.613918] (ydlidar_ros2_driver) StderrLine: {'line': b'                 from \x1b[01m\x1b[K/opt/ros/humble/include/rclcpp/rclcpp/executors.hpp:22\x1b[m\x1b[K,\n'}
[6.614046] (ydlidar_ros2_driver) StderrLine: {'line': b'                 from \x1b[01m\x1b[K/opt/ros/humble/include/rclcpp/rclcpp/rclcpp.hpp:155\x1b[m\x1b[K,\n'}
[6.614177] (ydlidar_ros2_driver) StderrLine: {'line': b'                 from \x1b[01m\x1b[K/home/geonmo/ydlidar_ws/src/ydlidar_ros2_driver/src/ydlidar_ros2_driver_node.cpp:23\x1b[m\x1b[K:\n'}
[6.614305] (ydlidar_ros2_driver) StderrLine: {'line': b'\x1b[01m\x1b[K/opt/ros/humble/include/rclcpp/rclcpp/node.hpp:421:3:\x1b[m\x1b[K \x1b[01;36m\x1b[Knote: \x1b[m\x1b[Kcandidate: \xe2\x80\x98\x1b[01m\x1b[Ktemplate<class ParameterT> auto rclcpp::Node::declare_parameter(const string&, const ParameterT&, const ParameterDescriptor&, bool)\x1b[m\x1b[K\xe2\x80\x99\n'}
[6.614439] (ydlidar_ros2_driver) StderrLine: {'line': b'  421 |   \x1b[01;36m\x1b[Kdeclare_parameter\x1b[m\x1b[K(\n'}
[6.614564] (ydlidar_ros2_driver) StderrLine: {'line': b'      |   \x1b[01;36m\x1b[K^~~~~~~~~~~~~~~~~\x1b[m\x1b[K\n'}
[6.614689] (ydlidar_ros2_driver) StderrLine: {'line': b'\x1b[01m\x1b[K/opt/ros/humble/include/rclcpp/rclcpp/node.hpp:421:3:\x1b[m\x1b[K \x1b[01;36m\x1b[Knote: \x1b[m\x1b[K  template argument deduction/substitution failed:\n'}
[6.614850] (ydlidar_ros2_driver) StderrLine: {'line': b'\x1b[01m\x1b[K/home/geonmo/ydlidar_ws/src/ydlidar_ros2_driver/src/ydlidar_ros2_driver_node.cpp:67:26:\x1b[m\x1b[K \x1b[01;36m\x1b[Knote: \x1b[m\x1b[K  candidate expects 4 arguments, 1 provided\n'}
[6.614982] (ydlidar_ros2_driver) StderrLine: {'line': b'   67 |   \x1b[01;36m\x1b[Knode->declare_parameter("lidar_type")\x1b[m\x1b[K;\n'}
[6.615110] (ydlidar_ros2_driver) StderrLine: {'line': b'      |   \x1b[01;36m\x1b[K~~~~~~~~~~~~~~~~~~~~~~~^~~~~~~~~~~~~~\x1b[m\x1b[K\n'}
[6.615237] (ydlidar_ros2_driver) StderrLine: {'line': b'In file included from \x1b[01m\x1b[K/opt/ros/humble/include/rclcpp/rclcpp/executors/single_threaded_executor.hpp:28\x1b[m\x1b[K,\n'}
[6.615366] (ydlidar_ros2_driver) StderrLine: {'line': b'                 from \x1b[01m\x1b[K/opt/ros/humble/include/rclcpp/rclcpp/executors.hpp:22\x1b[m\x1b[K,\n'}
[6.615494] (ydlidar_ros2_driver) StderrLine: {'line': b'                 from \x1b[01m\x1b[K/opt/ros/humble/include/rclcpp/rclcpp/rclcpp.hpp:155\x1b[m\x1b[K,\n'}
[6.615622] (ydlidar_ros2_driver) StderrLine: {'line': b'                 from \x1b[01m\x1b[K/home/geonmo/ydlidar_ws/src/ydlidar_ros2_driver/src/ydlidar_ros2_driver_node.cpp:23\x1b[m\x1b[K:\n'}
[6.615749] (ydlidar_ros2_driver) StderrLine: {'line': b'\x1b[01m\x1b[K/opt/ros/humble/include/rclcpp/rclcpp/node.hpp:434:3:\x1b[m\x1b[K \x1b[01;36m\x1b[Knote: \x1b[m\x1b[Kcandidate: \xe2\x80\x98\x1b[01m\x1b[Ktemplate<class ParameterT> auto rclcpp::Node::declare_parameter(const string&, const ParameterDescriptor&, bool)\x1b[m\x1b[K\xe2\x80\x99\n'}
[6.615881] (ydlidar_ros2_driver) StderrLine: {'line': b'  434 |   \x1b[01;36m\x1b[Kdeclare_parameter\x1b[m\x1b[K(\n'}
[6.616006] (ydlidar_ros2_driver) StderrLine: {'line': b'      |   \x1b[01;36m\x1b[K^~~~~~~~~~~~~~~~~\x1b[m\x1b[K\n'}
[6.616133] (ydlidar_ros2_driver) StderrLine: {'line': b'\x1b[01m\x1b[K/opt/ros/humble/include/rclcpp/rclcpp/node.hpp:434:3:\x1b[m\x1b[K \x1b[01;36m\x1b[Knote: \x1b[m\x1b[K  template argument deduction/substitution failed:\n'}
[6.616262] (ydlidar_ros2_driver) StderrLine: {'line': b'\x1b[01m\x1b[K/home/geonmo/ydlidar_ws/src/ydlidar_ros2_driver/src/ydlidar_ros2_driver_node.cpp:67:26:\x1b[m\x1b[K \x1b[01;36m\x1b[Knote: \x1b[m\x1b[K  couldn\xe2\x80\x99t deduce template parameter \xe2\x80\x98\x1b[01m\x1b[KParameterT\x1b[m\x1b[K\xe2\x80\x99\n'}
[6.616394] (ydlidar_ros2_driver) StderrLine: {'line': b'   67 |   \x1b[01;36m\x1b[Knode->declare_parameter("lidar_type")\x1b[m\x1b[K;\n'}
[6.616543] (ydlidar_ros2_driver) StderrLine: {'line': b'      |   \x1b[01;36m\x1b[K~~~~~~~~~~~~~~~~~~~~~~~^~~~~~~~~~~~~~\x1b[m\x1b[K\n'}
[6.616675] (ydlidar_ros2_driver) StderrLine: {'line': b'In file included from \x1b[01m\x1b[K/opt/ros/humble/include/rclcpp/rclcpp/executors/single_threaded_executor.hpp:28\x1b[m\x1b[K,\n'}
[6.616805] (ydlidar_ros2_driver) StderrLine: {'line': b'                 from \x1b[01m\x1b[K/opt/ros/humble/include/rclcpp/rclcpp/executors.hpp:22\x1b[m\x1b[K,\n'}
[6.616933] (ydlidar_ros2_driver) StderrLine: {'line': b'                 from \x1b[01m\x1b[K/opt/ros/humble/include/rclcpp/rclcpp/rclcpp.hpp:155\x1b[m\x1b[K,\n'}
[6.617060] (ydlidar_ros2_driver) StderrLine: {'line': b'                 from \x1b[01m\x1b[K/home/geonmo/ydlidar_ws/src/ydlidar_ros2_driver/src/ydlidar_ros2_driver_node.cpp:23\x1b[m\x1b[K:\n'}
[6.617187] (ydlidar_ros2_driver) StderrLine: {'line': b'\x1b[01m\x1b[K/opt/ros/humble/include/rclcpp/rclcpp/node.hpp:366:3:\x1b[m\x1b[K \x1b[01;36m\x1b[Knote: \x1b[m\x1b[Kcandidate: \xe2\x80\x98\x1b[01m\x1b[Kconst rclcpp::ParameterValue& rclcpp::Node::declare_parameter(const string&, const rclcpp::ParameterValue&, const ParameterDescriptor&, bool)\x1b[m\x1b[K\xe2\x80\x99\n'}
[6.617341] (ydlidar_ros2_driver) StderrLine: {'line': b'  366 |   \x1b[01;36m\x1b[Kdeclare_parameter\x1b[m\x1b[K(\n'}
[6.617476] (ydlidar_ros2_driver) StderrLine: {'line': b'      |   \x1b[01;36m\x1b[K^~~~~~~~~~~~~~~~~\x1b[m\x1b[K\n'}
[6.617627] (ydlidar_ros2_driver) StderrLine: {'line': b'\x1b[01m\x1b[K/opt/ros/humble/include/rclcpp/rclcpp/node.hpp:366:3:\x1b[m\x1b[K \x1b[01;36m\x1b[Knote: \x1b[m\x1b[K  candidate expects 4 arguments, 1 provided\n'}
[6.617761] (ydlidar_ros2_driver) StderrLine: {'line': b'\x1b[01m\x1b[K/opt/ros/humble/include/rclcpp/rclcpp/node.hpp:391:3:\x1b[m\x1b[K \x1b[01;36m\x1b[Knote: \x1b[m\x1b[Kcandidate: \xe2\x80\x98\x1b[01m\x1b[Kconst rclcpp::ParameterValue& rclcpp::Node::declare_parameter(const string&, rclcpp::ParameterType, const ParameterDescriptor&, bool)\x1b[m\x1b[K\xe2\x80\x99\n'}
[6.617913] (ydlidar_ros2_driver) StderrLine: {'line': b'  391 |   \x1b[01;36m\x1b[Kdeclare_parameter\x1b[m\x1b[K(\n'}
[6.618044] (ydlidar_ros2_driver) StderrLine: {'line': b'      |   \x1b[01;36m\x1b[K^~~~~~~~~~~~~~~~~\x1b[m\x1b[K\n'}
[6.618171] (ydlidar_ros2_driver) StderrLine: {'line': b'\x1b[01m\x1b[K/opt/ros/humble/include/rclcpp/rclcpp/node.hpp:391:3:\x1b[m\x1b[K \x1b[01;36m\x1b[Knote: \x1b[m\x1b[K  candidate expects 4 arguments, 1 provided\n'}
[6.618300] (ydlidar_ros2_driver) StderrLine: {'line': b'\x1b[01m\x1b[K/home/geonmo/ydlidar_ws/src/ydlidar_ros2_driver/src/ydlidar_ros2_driver_node.cpp:72:26:\x1b[m\x1b[K \x1b[01;31m\x1b[Kerror: \x1b[m\x1b[Kno matching function for call to \xe2\x80\x98\x1b[01m\x1b[Krclcpp::Node::declare_parameter(const char [12])\x1b[m\x1b[K\xe2\x80\x99\n'}
[6.618434] (ydlidar_ros2_driver) StderrLine: {'line': b'   72 |   \x1b[01;31m\x1b[Knode->declare_parameter("device_type")\x1b[m\x1b[K;\n'}
[6.618561] (ydlidar_ros2_driver) StderrLine: {'line': b'      |   \x1b[01;31m\x1b[K~~~~~~~~~~~~~~~~~~~~~~~^~~~~~~~~~~~~~~\x1b[m\x1b[K\n'}
[6.618687] (ydlidar_ros2_driver) StderrLine: {'line': b'In file included from \x1b[01m\x1b[K/opt/ros/humble/include/rclcpp/rclcpp/executors/single_threaded_executor.hpp:28\x1b[m\x1b[K,\n'}
[6.618815] (ydlidar_ros2_driver) StderrLine: {'line': b'                 from \x1b[01m\x1b[K/opt/ros/humble/include/rclcpp/rclcpp/executors.hpp:22\x1b[m\x1b[K,\n'}
[6.618944] (ydlidar_ros2_driver) StderrLine: {'line': b'                 from \x1b[01m\x1b[K/opt/ros/humble/include/rclcpp/rclcpp/rclcpp.hpp:155\x1b[m\x1b[K,\n'}
[6.619071] (ydlidar_ros2_driver) StderrLine: {'line': b'                 from \x1b[01m\x1b[K/home/geonmo/ydlidar_ws/src/ydlidar_ros2_driver/src/ydlidar_ros2_driver_node.cpp:23\x1b[m\x1b[K:\n'}
[6.619198] (ydlidar_ros2_driver) StderrLine: {'line': b'\x1b[01m\x1b[K/opt/ros/humble/include/rclcpp/rclcpp/node.hpp:421:3:\x1b[m\x1b[K \x1b[01;36m\x1b[Knote: \x1b[m\x1b[Kcandidate: \xe2\x80\x98\x1b[01m\x1b[Ktemplate<class ParameterT> auto rclcpp::Node::declare_parameter(const string&, const ParameterT&, const ParameterDescriptor&, bool)\x1b[m\x1b[K\xe2\x80\x99\n'}
[6.619331] (ydlidar_ros2_driver) StderrLine: {'line': b'  421 |   \x1b[01;36m\x1b[Kdeclare_parameter\x1b[m\x1b[K(\n'}
[6.619459] (ydlidar_ros2_driver) StderrLine: {'line': b'      |   \x1b[01;36m\x1b[K^~~~~~~~~~~~~~~~~\x1b[m\x1b[K\n'}
[6.619603] (ydlidar_ros2_driver) StderrLine: {'line': b'\x1b[01m\x1b[K/opt/ros/humble/include/rclcpp/rclcpp/node.hpp:421:3:\x1b[m\x1b[K \x1b[01;36m\x1b[Knote: \x1b[m\x1b[K  template argument deduction/substitution failed:\n'}
[6.619733] (ydlidar_ros2_driver) StderrLine: {'line': b'\x1b[01m\x1b[K/home/geonmo/ydlidar_ws/src/ydlidar_ros2_driver/src/ydlidar_ros2_driver_node.cpp:72:26:\x1b[m\x1b[K \x1b[01;36m\x1b[Knote: \x1b[m\x1b[K  candidate expects 4 arguments, 1 provided\n'}
[6.619862] (ydlidar_ros2_driver) StderrLine: {'line': b'   72 |   \x1b[01;36m\x1b[Knode->declare_parameter("device_type")\x1b[m\x1b[K;\n'}
[6.619994] (ydlidar_ros2_driver) StderrLine: {'line': b'      |   \x1b[01;36m\x1b[K~~~~~~~~~~~~~~~~~~~~~~~^~~~~~~~~~~~~~~\x1b[m\x1b[K\n'}
[6.620123] (ydlidar_ros2_driver) StderrLine: {'line': b'In file included from \x1b[01m\x1b[K/opt/ros/humble/include/rclcpp/rclcpp/executors/single_threaded_executor.hpp:28\x1b[m\x1b[K,\n'}
[6.620253] (ydlidar_ros2_driver) StderrLine: {'line': b'                 from \x1b[01m\x1b[K/opt/ros/humble/include/rclcpp/rclcpp/executors.hpp:22\x1b[m\x1b[K,\n'}
[6.620396] (ydlidar_ros2_driver) StderrLine: {'line': b'                 from \x1b[01m\x1b[K/opt/ros/humble/include/rclcpp/rclcpp/rclcpp.hpp:155\x1b[m\x1b[K,\n'}
[6.620524] (ydlidar_ros2_driver) StderrLine: {'line': b'                 from \x1b[01m\x1b[K/home/geonmo/ydlidar_ws/src/ydlidar_ros2_driver/src/ydlidar_ros2_driver_node.cpp:23\x1b[m\x1b[K:\n'}
[6.620651] (ydlidar_ros2_driver) StderrLine: {'line': b'\x1b[01m\x1b[K/opt/ros/humble/include/rclcpp/rclcpp/node.hpp:434:3:\x1b[m\x1b[K \x1b[01;36m\x1b[Knote: \x1b[m\x1b[Kcandidate: \xe2\x80\x98\x1b[01m\x1b[Ktemplate<class ParameterT> auto rclcpp::Node::declare_parameter(const string&, const ParameterDescriptor&, bool)\x1b[m\x1b[K\xe2\x80\x99\n'}
[6.620781] (ydlidar_ros2_driver) StderrLine: {'line': b'  434 |   \x1b[01;36m\x1b[Kdeclare_parameter\x1b[m\x1b[K(\n'}
[6.620906] (ydlidar_ros2_driver) StderrLine: {'line': b'      |   \x1b[01;36m\x1b[K^~~~~~~~~~~~~~~~~\x1b[m\x1b[K\n'}
[6.621035] (ydlidar_ros2_driver) StderrLine: {'line': b'\x1b[01m\x1b[K/opt/ros/humble/include/rclcpp/rclcpp/node.hpp:434:3:\x1b[m\x1b[K \x1b[01;36m\x1b[Knote: \x1b[m\x1b[K  template argument deduction/substitution failed:\n'}
[6.621421] (ydlidar_ros2_driver) StderrLine: {'line': b'\x1b[01m\x1b[K/home/geonmo/ydlidar_ws/src/ydlidar_ros2_driver/src/ydlidar_ros2_driver_node.cpp:72:26:\x1b[m\x1b[K \x1b[01;36m\x1b[Knote: \x1b[m\x1b[K  couldn\xe2\x80\x99t deduce template parameter \xe2\x80\x98\x1b[01m\x1b[KParameterT\x1b[m\x1b[K\xe2\x80\x99\n'}
[6.621652] (ydlidar_ros2_driver) StderrLine: {'line': b'   72 |   \x1b[01;36m\x1b[Knode->declare_parameter("device_type")\x1b[m\x1b[K;\n'}
[6.621819] (ydlidar_ros2_driver) StderrLine: {'line': b'      |   \x1b[01;36m\x1b[K~~~~~~~~~~~~~~~~~~~~~~~^~~~~~~~~~~~~~~\x1b[m\x1b[K\n'}
[6.621975] (ydlidar_ros2_driver) StderrLine: {'line': b'In file included from \x1b[01m\x1b[K/opt/ros/humble/include/rclcpp/rclcpp/executors/single_threaded_executor.hpp:28\x1b[m\x1b[K,\n'}
[6.622123] (ydlidar_ros2_driver) StderrLine: {'line': b'                 from \x1b[01m\x1b[K/opt/ros/humble/include/rclcpp/rclcpp/executors.hpp:22\x1b[m\x1b[K,\n'}
[6.622266] (ydlidar_ros2_driver) StderrLine: {'line': b'                 from \x1b[01m\x1b[K/opt/ros/humble/include/rclcpp/rclcpp/rclcpp.hpp:155\x1b[m\x1b[K,\n'}
[6.622405] (ydlidar_ros2_driver) StderrLine: {'line': b'                 from \x1b[01m\x1b[K/home/geonmo/ydlidar_ws/src/ydlidar_ros2_driver/src/ydlidar_ros2_driver_node.cpp:23\x1b[m\x1b[K:\n'}
[6.622540] (ydlidar_ros2_driver) StderrLine: {'line': b'\x1b[01m\x1b[K/opt/ros/humble/include/rclcpp/rclcpp/node.hpp:366:3:\x1b[m\x1b[K \x1b[01;36m\x1b[Knote: \x1b[m\x1b[Kcandidate: \xe2\x80\x98\x1b[01m\x1b[Kconst rclcpp::ParameterValue& rclcpp::Node::declare_parameter(const string&, const rclcpp::ParameterValue&, const ParameterDescriptor&, bool)\x1b[m\x1b[K\xe2\x80\x99\n'}
[6.622685] (ydlidar_ros2_driver) StderrLine: {'line': b'  366 |   \x1b[01;36m\x1b[Kdeclare_parameter\x1b[m\x1b[K(\n'}
[6.622819] (ydlidar_ros2_driver) StderrLine: {'line': b'      |   \x1b[01;36m\x1b[K^~~~~~~~~~~~~~~~~\x1b[m\x1b[K\n'}
[6.622950] (ydlidar_ros2_driver) StderrLine: {'line': b'\x1b[01m\x1b[K/opt/ros/humble/include/rclcpp/rclcpp/node.hpp:366:3:\x1b[m\x1b[K \x1b[01;36m\x1b[Knote: \x1b[m\x1b[K  candidate expects 4 arguments, 1 provided\n'}
[6.623114] (ydlidar_ros2_driver) StderrLine: {'line': b'\x1b[01m\x1b[K/opt/ros/humble/include/rclcpp/rclcpp/node.hpp:391:3:\x1b[m\x1b[K \x1b[01;36m\x1b[Knote: \x1b[m\x1b[Kcandidate: \xe2\x80\x98\x1b[01m\x1b[Kconst rclcpp::ParameterValue& rclcpp::Node::declare_parameter(const string&, rclcpp::ParameterType, const ParameterDescriptor&, bool)\x1b[m\x1b[K\xe2\x80\x99\n'}
[6.623256] (ydlidar_ros2_driver) StderrLine: {'line': b'  391 |   \x1b[01;36m\x1b[Kdeclare_parameter\x1b[m\x1b[K(\n'}
[6.623386] (ydlidar_ros2_driver) StderrLine: {'line': b'      |   \x1b[01;36m\x1b[K^~~~~~~~~~~~~~~~~\x1b[m\x1b[K\n'}
[6.623514] (ydlidar_ros2_driver) StderrLine: {'line': b'\x1b[01m\x1b[K/opt/ros/humble/include/rclcpp/rclcpp/node.hpp:391:3:\x1b[m\x1b[K \x1b[01;36m\x1b[Knote: \x1b[m\x1b[K  candidate expects 4 arguments, 1 provided\n'}
[6.623660] (ydlidar_ros2_driver) StderrLine: {'line': b'\x1b[01m\x1b[K/home/geonmo/ydlidar_ws/src/ydlidar_ros2_driver/src/ydlidar_ros2_driver_node.cpp:77:26:\x1b[m\x1b[K \x1b[01;31m\x1b[Kerror: \x1b[m\x1b[Kno matching function for call to \xe2\x80\x98\x1b[01m\x1b[Krclcpp::Node::declare_parameter(const char [12])\x1b[m\x1b[K\xe2\x80\x99\n'}
[6.623796] (ydlidar_ros2_driver) StderrLine: {'line': b'   77 |   \x1b[01;31m\x1b[Knode->declare_parameter("sample_rate")\x1b[m\x1b[K;\n'}
[6.623922] (ydlidar_ros2_driver) StderrLine: {'line': b'      |   \x1b[01;31m\x1b[K~~~~~~~~~~~~~~~~~~~~~~~^~~~~~~~~~~~~~~\x1b[m\x1b[K\n'}
[6.624051] (ydlidar_ros2_driver) StderrLine: {'line': b'In file included from \x1b[01m\x1b[K/opt/ros/humble/include/rclcpp/rclcpp/executors/single_threaded_executor.hpp:28\x1b[m\x1b[K,\n'}
[6.624179] (ydlidar_ros2_driver) StderrLine: {'line': b'                 from \x1b[01m\x1b[K/opt/ros/humble/include/rclcpp/rclcpp/executors.hpp:22\x1b[m\x1b[K,\n'}
[6.624309] (ydlidar_ros2_driver) StderrLine: {'line': b'                 from \x1b[01m\x1b[K/opt/ros/humble/include/rclcpp/rclcpp/rclcpp.hpp:155\x1b[m\x1b[K,\n'}
[6.624437] (ydlidar_ros2_driver) StderrLine: {'line': b'                 from \x1b[01m\x1b[K/home/geonmo/ydlidar_ws/src/ydlidar_ros2_driver/src/ydlidar_ros2_driver_node.cpp:23\x1b[m\x1b[K:\n'}
[6.624567] (ydlidar_ros2_driver) StderrLine: {'line': b'\x1b[01m\x1b[K/opt/ros/humble/include/rclcpp/rclcpp/node.hpp:421:3:\x1b[m\x1b[K \x1b[01;36m\x1b[Knote: \x1b[m\x1b[Kcandidate: \xe2\x80\x98\x1b[01m\x1b[Ktemplate<class ParameterT> auto rclcpp::Node::declare_parameter(const string&, const ParameterT&, const ParameterDescriptor&, bool)\x1b[m\x1b[K\xe2\x80\x99\n'}
[6.624719] (ydlidar_ros2_driver) StderrLine: {'line': b'  421 |   \x1b[01;36m\x1b[Kdeclare_parameter\x1b[m\x1b[K(\n'}
[6.624848] (ydlidar_ros2_driver) StderrLine: {'line': b'      |   \x1b[01;36m\x1b[K^~~~~~~~~~~~~~~~~\x1b[m\x1b[K\n'}
[6.624977] (ydlidar_ros2_driver) StderrLine: {'line': b'\x1b[01m\x1b[K/opt/ros/humble/include/rclcpp/rclcpp/node.hpp:421:3:\x1b[m\x1b[K \x1b[01;36m\x1b[Knote: \x1b[m\x1b[K  template argument deduction/substitution failed:\n'}
[6.625106] (ydlidar_ros2_driver) StderrLine: {'line': b'\x1b[01m\x1b[K/home/geonmo/ydlidar_ws/src/ydlidar_ros2_driver/src/ydlidar_ros2_driver_node.cpp:77:26:\x1b[m\x1b[K \x1b[01;36m\x1b[Knote: \x1b[m\x1b[K  candidate expects 4 arguments, 1 provided\n'}
[6.625237] (ydlidar_ros2_driver) StderrLine: {'line': b'   77 |   \x1b[01;36m\x1b[Knode->declare_parameter("sample_rate")\x1b[m\x1b[K;\n'}
[6.625401] (ydlidar_ros2_driver) StderrLine: {'line': b'      |   \x1b[01;36m\x1b[K~~~~~~~~~~~~~~~~~~~~~~~^~~~~~~~~~~~~~~\x1b[m\x1b[K\n'}
[6.625533] (ydlidar_ros2_driver) StderrLine: {'line': b'In file included from \x1b[01m\x1b[K/opt/ros/humble/include/rclcpp/rclcpp/executors/single_threaded_executor.hpp:28\x1b[m\x1b[K,\n'}
[6.625664] (ydlidar_ros2_driver) StderrLine: {'line': b'                 from \x1b[01m\x1b[K/opt/ros/humble/include/rclcpp/rclcpp/executors.hpp:22\x1b[m\x1b[K,\n'}
[6.625794] (ydlidar_ros2_driver) StderrLine: {'line': b'                 from \x1b[01m\x1b[K/opt/ros/humble/include/rclcpp/rclcpp/rclcpp.hpp:155\x1b[m\x1b[K,\n'}
[6.625923] (ydlidar_ros2_driver) StderrLine: {'line': b'                 from \x1b[01m\x1b[K/home/geonmo/ydlidar_ws/src/ydlidar_ros2_driver/src/ydlidar_ros2_driver_node.cpp:23\x1b[m\x1b[K:\n'}
[6.626069] (ydlidar_ros2_driver) StderrLine: {'line': b'\x1b[01m\x1b[K/opt/ros/humble/include/rclcpp/rclcpp/node.hpp:434:3:\x1b[m\x1b[K \x1b[01;36m\x1b[Knote: \x1b[m\x1b[Kcandidate: \xe2\x80\x98\x1b[01m\x1b[Ktemplate<class ParameterT> auto rclcpp::Node::declare_parameter(const string&, const ParameterDescriptor&, bool)\x1b[m\x1b[K\xe2\x80\x99\n'}
[6.626211] (ydlidar_ros2_driver) StderrLine: {'line': b'  434 |   \x1b[01;36m\x1b[Kdeclare_parameter\x1b[m\x1b[K(\n'}
[6.626341] (ydlidar_ros2_driver) StderrLine: {'line': b'      |   \x1b[01;36m\x1b[K^~~~~~~~~~~~~~~~~\x1b[m\x1b[K\n'}
[6.626470] (ydlidar_ros2_driver) StderrLine: {'line': b'\x1b[01m\x1b[K/opt/ros/humble/include/rclcpp/rclcpp/node.hpp:434:3:\x1b[m\x1b[K \x1b[01;36m\x1b[Knote: \x1b[m\x1b[K  template argument deduction/substitution failed:\n'}
[6.626617] (ydlidar_ros2_driver) StderrLine: {'line': b'\x1b[01m\x1b[K/home/geonmo/ydlidar_ws/src/ydlidar_ros2_driver/src/ydlidar_ros2_driver_node.cpp:77:26:\x1b[m\x1b[K \x1b[01;36m\x1b[Knote: \x1b[m\x1b[K  couldn\xe2\x80\x99t deduce template parameter \xe2\x80\x98\x1b[01m\x1b[KParameterT\x1b[m\x1b[K\xe2\x80\x99\n'}
[6.626754] (ydlidar_ros2_driver) StderrLine: {'line': b'   77 |   \x1b[01;36m\x1b[Knode->declare_parameter("sample_rate")\x1b[m\x1b[K;\n'}
[6.626882] (ydlidar_ros2_driver) StderrLine: {'line': b'      |   \x1b[01;36m\x1b[K~~~~~~~~~~~~~~~~~~~~~~~^~~~~~~~~~~~~~~\x1b[m\x1b[K\n'}
[6.627009] (ydlidar_ros2_driver) StderrLine: {'line': b'In file included from \x1b[01m\x1b[K/opt/ros/humble/include/rclcpp/rclcpp/executors/single_threaded_executor.hpp:28\x1b[m\x1b[K,\n'}
[6.627137] (ydlidar_ros2_driver) StderrLine: {'line': b'                 from \x1b[01m\x1b[K/opt/ros/humble/include/rclcpp/rclcpp/executors.hpp:22\x1b[m\x1b[K,\n'}
[6.627267] (ydlidar_ros2_driver) StderrLine: {'line': b'                 from \x1b[01m\x1b[K/opt/ros/humble/include/rclcpp/rclcpp/rclcpp.hpp:155\x1b[m\x1b[K,\n'}
[6.627395] (ydlidar_ros2_driver) StderrLine: {'line': b'                 from \x1b[01m\x1b[K/home/geonmo/ydlidar_ws/src/ydlidar_ros2_driver/src/ydlidar_ros2_driver_node.cpp:23\x1b[m\x1b[K:\n'}
[6.627525] (ydlidar_ros2_driver) StderrLine: {'line': b'\x1b[01m\x1b[K/opt/ros/humble/include/rclcpp/rclcpp/node.hpp:366:3:\x1b[m\x1b[K \x1b[01;36m\x1b[Knote: \x1b[m\x1b[Kcandidate: \xe2\x80\x98\x1b[01m\x1b[Kconst rclcpp::ParameterValue& rclcpp::Node::declare_parameter(const string&, const rclcpp::ParameterValue&, const ParameterDescriptor&, bool)\x1b[m\x1b[K\xe2\x80\x99\n'}
[6.627662] (ydlidar_ros2_driver) StderrLine: {'line': b'  366 |   \x1b[01;36m\x1b[Kdeclare_parameter\x1b[m\x1b[K(\n'}
[6.627789] (ydlidar_ros2_driver) StderrLine: {'line': b'      |   \x1b[01;36m\x1b[K^~~~~~~~~~~~~~~~~\x1b[m\x1b[K\n'}
[6.627937] (ydlidar_ros2_driver) StderrLine: {'line': b'\x1b[01m\x1b[K/opt/ros/humble/include/rclcpp/rclcpp/node.hpp:366:3:\x1b[m\x1b[K \x1b[01;36m\x1b[Knote: \x1b[m\x1b[K  candidate expects 4 arguments, 1 provided\n'}
[6.628071] (ydlidar_ros2_driver) StderrLine: {'line': b'\x1b[01m\x1b[K/opt/ros/humble/include/rclcpp/rclcpp/node.hpp:391:3:\x1b[m\x1b[K \x1b[01;36m\x1b[Knote: \x1b[m\x1b[Kcandidate: \xe2\x80\x98\x1b[01m\x1b[Kconst rclcpp::ParameterValue& rclcpp::Node::declare_parameter(const string&, rclcpp::ParameterType, const ParameterDescriptor&, bool)\x1b[m\x1b[K\xe2\x80\x99\n'}
[6.628205] (ydlidar_ros2_driver) StderrLine: {'line': b'  391 |   \x1b[01;36m\x1b[Kdeclare_parameter\x1b[m\x1b[K(\n'}
[6.628332] (ydlidar_ros2_driver) StderrLine: {'line': b'      |   \x1b[01;36m\x1b[K^~~~~~~~~~~~~~~~~\x1b[m\x1b[K\n'}
[6.628460] (ydlidar_ros2_driver) StderrLine: {'line': b'\x1b[01m\x1b[K/opt/ros/humble/include/rclcpp/rclcpp/node.hpp:391:3:\x1b[m\x1b[K \x1b[01;36m\x1b[Knote: \x1b[m\x1b[K  candidate expects 4 arguments, 1 provided\n'}
[6.628590] (ydlidar_ros2_driver) StderrLine: {'line': b'\x1b[01m\x1b[K/home/geonmo/ydlidar_ws/src/ydlidar_ros2_driver/src/ydlidar_ros2_driver_node.cpp:82:26:\x1b[m\x1b[K \x1b[01;31m\x1b[Kerror: \x1b[m\x1b[Kno matching function for call to \xe2\x80\x98\x1b[01m\x1b[Krclcpp::Node::declare_parameter(const char [21])\x1b[m\x1b[K\xe2\x80\x99\n'}
[6.628721] (ydlidar_ros2_driver) StderrLine: {'line': b'   82 |   \x1b[01;31m\x1b[Knode->declare_parameter("abnormal_check_count")\x1b[m\x1b[K;\n'}
[6.628850] (ydlidar_ros2_driver) StderrLine: {'line': b'      |   \x1b[01;31m\x1b[K~~~~~~~~~~~~~~~~~~~~~~~^~~~~~~~~~~~~~~~~~~~~~~~\x1b[m\x1b[K\n'}
[6.628977] (ydlidar_ros2_driver) StderrLine: {'line': b'In file included from \x1b[01m\x1b[K/opt/ros/humble/include/rclcpp/rclcpp/executors/single_threaded_executor.hpp:28\x1b[m\x1b[K,\n'}
[6.629105] (ydlidar_ros2_driver) StderrLine: {'line': b'                 from \x1b[01m\x1b[K/opt/ros/humble/include/rclcpp/rclcpp/executors.hpp:22\x1b[m\x1b[K,\n'}
[6.629249] (ydlidar_ros2_driver) StderrLine: {'line': b'                 from \x1b[01m\x1b[K/opt/ros/humble/include/rclcpp/rclcpp/rclcpp.hpp:155\x1b[m\x1b[K,\n'}
[6.629406] (ydlidar_ros2_driver) StderrLine: {'line': b'                 from \x1b[01m\x1b[K/home/geonmo/ydlidar_ws/src/ydlidar_ros2_driver/src/ydlidar_ros2_driver_node.cpp:23\x1b[m\x1b[K:\n'}
[6.629540] (ydlidar_ros2_driver) StderrLine: {'line': b'\x1b[01m\x1b[K/opt/ros/humble/include/rclcpp/rclcpp/node.hpp:421:3:\x1b[m\x1b[K \x1b[01;36m\x1b[Knote: \x1b[m\x1b[Kcandidate: \xe2\x80\x98\x1b[01m\x1b[Ktemplate<class ParameterT> auto rclcpp::Node::declare_parameter(const string&, const ParameterT&, const ParameterDescriptor&, bool)\x1b[m\x1b[K\xe2\x80\x99\n'}
[6.629695] (ydlidar_ros2_driver) StderrLine: {'line': b'  421 |   \x1b[01;36m\x1b[Kdeclare_parameter\x1b[m\x1b[K(\n'}
[6.629829] (ydlidar_ros2_driver) StderrLine: {'line': b'      |   \x1b[01;36m\x1b[K^~~~~~~~~~~~~~~~~\x1b[m\x1b[K\n'}
[6.629959] (ydlidar_ros2_driver) StderrLine: {'line': b'\x1b[01m\x1b[K/opt/ros/humble/include/rclcpp/rclcpp/node.hpp:421:3:\x1b[m\x1b[K \x1b[01;36m\x1b[Knote: \x1b[m\x1b[K  template argument deduction/substitution failed:\n'}
[6.630090] (ydlidar_ros2_driver) StderrLine: {'line': b'\x1b[01m\x1b[K/home/geonmo/ydlidar_ws/src/ydlidar_ros2_driver/src/ydlidar_ros2_driver_node.cpp:82:26:\x1b[m\x1b[K \x1b[01;36m\x1b[Knote: \x1b[m\x1b[K  candidate expects 4 arguments, 1 provided\n'}
[6.630222] (ydlidar_ros2_driver) StderrLine: {'line': b'   82 |   \x1b[01;36m\x1b[Knode->declare_parameter("abnormal_check_count")\x1b[m\x1b[K;\n'}
[6.630351] (ydlidar_ros2_driver) StderrLine: {'line': b'      |   \x1b[01;36m\x1b[K~~~~~~~~~~~~~~~~~~~~~~~^~~~~~~~~~~~~~~~~~~~~~~~\x1b[m\x1b[K\n'}
[6.630493] (ydlidar_ros2_driver) StderrLine: {'line': b'In file included from \x1b[01m\x1b[K/opt/ros/humble/include/rclcpp/rclcpp/executors/single_threaded_executor.hpp:28\x1b[m\x1b[K,\n'}
[6.630624] (ydlidar_ros2_driver) StderrLine: {'line': b'                 from \x1b[01m\x1b[K/opt/ros/humble/include/rclcpp/rclcpp/executors.hpp:22\x1b[m\x1b[K,\n'}
[6.630754] (ydlidar_ros2_driver) StderrLine: {'line': b'                 from \x1b[01m\x1b[K/opt/ros/humble/include/rclcpp/rclcpp/rclcpp.hpp:155\x1b[m\x1b[K,\n'}
[6.630883] (ydlidar_ros2_driver) StderrLine: {'line': b'                 from \x1b[01m\x1b[K/home/geonmo/ydlidar_ws/src/ydlidar_ros2_driver/src/ydlidar_ros2_driver_node.cpp:23\x1b[m\x1b[K:\n'}
[6.631012] (ydlidar_ros2_driver) StderrLine: {'line': b'\x1b[01m\x1b[K/opt/ros/humble/include/rclcpp/rclcpp/node.hpp:434:3:\x1b[m\x1b[K \x1b[01;36m\x1b[Knote: \x1b[m\x1b[Kcandidate: \xe2\x80\x98\x1b[01m\x1b[Ktemplate<class ParameterT> auto rclcpp::Node::declare_parameter(const string&, const ParameterDescriptor&, bool)\x1b[m\x1b[K\xe2\x80\x99\n'}
[6.631148] (ydlidar_ros2_driver) StderrLine: {'line': b'  434 |   \x1b[01;36m\x1b[Kdeclare_parameter\x1b[m\x1b[K(\n'}
[6.631275] (ydlidar_ros2_driver) StderrLine: {'line': b'      |   \x1b[01;36m\x1b[K^~~~~~~~~~~~~~~~~\x1b[m\x1b[K\n'}
[6.631402] (ydlidar_ros2_driver) StderrLine: {'line': b'\x1b[01m\x1b[K/opt/ros/humble/include/rclcpp/rclcpp/node.hpp:434:3:\x1b[m\x1b[K \x1b[01;36m\x1b[Knote: \x1b[m\x1b[K  template argument deduction/substitution failed:\n'}
[6.631530] (ydlidar_ros2_driver) StderrLine: {'line': b'\x1b[01m\x1b[K/home/geonmo/ydlidar_ws/src/ydlidar_ros2_driver/src/ydlidar_ros2_driver_node.cpp:82:26:\x1b[m\x1b[K \x1b[01;36m\x1b[Knote: \x1b[m\x1b[K  couldn\xe2\x80\x99t deduce template parameter \xe2\x80\x98\x1b[01m\x1b[KParameterT\x1b[m\x1b[K\xe2\x80\x99\n'}
[6.631663] (ydlidar_ros2_driver) StderrLine: {'line': b'   82 |   \x1b[01;36m\x1b[Knode->declare_parameter("abnormal_check_count")\x1b[m\x1b[K;\n'}
[6.631791] (ydlidar_ros2_driver) StderrLine: {'line': b'      |   \x1b[01;36m\x1b[K~~~~~~~~~~~~~~~~~~~~~~~^~~~~~~~~~~~~~~~~~~~~~~~\x1b[m\x1b[K\n'}
[6.631919] (ydlidar_ros2_driver) StderrLine: {'line': b'In file included from \x1b[01m\x1b[K/opt/ros/humble/include/rclcpp/rclcpp/executors/single_threaded_executor.hpp:28\x1b[m\x1b[K,\n'}
[6.632065] (ydlidar_ros2_driver) StderrLine: {'line': b'                 from \x1b[01m\x1b[K/opt/ros/humble/include/rclcpp/rclcpp/executors.hpp:22\x1b[m\x1b[K,\n'}
[6.632194] (ydlidar_ros2_driver) StderrLine: {'line': b'                 from \x1b[01m\x1b[K/opt/ros/humble/include/rclcpp/rclcpp/rclcpp.hpp:155\x1b[m\x1b[K,\n'}
[6.632321] (ydlidar_ros2_driver) StderrLine: {'line': b'                 from \x1b[01m\x1b[K/home/geonmo/ydlidar_ws/src/ydlidar_ros2_driver/src/ydlidar_ros2_driver_node.cpp:23\x1b[m\x1b[K:\n'}
[6.632450] (ydlidar_ros2_driver) StderrLine: {'line': b'\x1b[01m\x1b[K/opt/ros/humble/include/rclcpp/rclcpp/node.hpp:366:3:\x1b[m\x1b[K \x1b[01;36m\x1b[Knote: \x1b[m\x1b[Kcandidate: \xe2\x80\x98\x1b[01m\x1b[Kconst rclcpp::ParameterValue& rclcpp::Node::declare_parameter(const string&, const rclcpp::ParameterValue&, const ParameterDescriptor&, bool)\x1b[m\x1b[K\xe2\x80\x99\n'}
[6.632608] (ydlidar_ros2_driver) StderrLine: {'line': b'  366 |   \x1b[01;36m\x1b[Kdeclare_parameter\x1b[m\x1b[K(\n'}
[6.632738] (ydlidar_ros2_driver) StderrLine: {'line': b'      |   \x1b[01;36m\x1b[K^~~~~~~~~~~~~~~~~\x1b[m\x1b[K\n'}
[6.632867] (ydlidar_ros2_driver) StderrLine: {'line': b'\x1b[01m\x1b[K/opt/ros/humble/include/rclcpp/rclcpp/node.hpp:366:3:\x1b[m\x1b[K \x1b[01;36m\x1b[Knote: \x1b[m\x1b[K  candidate expects 4 arguments, 1 provided\n'}
[6.632998] (ydlidar_ros2_driver) StderrLine: {'line': b'\x1b[01m\x1b[K/opt/ros/humble/include/rclcpp/rclcpp/node.hpp:391:3:\x1b[m\x1b[K \x1b[01;36m\x1b[Knote: \x1b[m\x1b[Kcandidate: \xe2\x80\x98\x1b[01m\x1b[Kconst rclcpp::ParameterValue& rclcpp::Node::declare_parameter(const string&, rclcpp::ParameterType, const ParameterDescriptor&, bool)\x1b[m\x1b[K\xe2\x80\x99\n'}
[6.633131] (ydlidar_ros2_driver) StderrLine: {'line': b'  391 |   \x1b[01;36m\x1b[Kdeclare_parameter\x1b[m\x1b[K(\n'}
[6.633258] (ydlidar_ros2_driver) StderrLine: {'line': b'      |   \x1b[01;36m\x1b[K^~~~~~~~~~~~~~~~~\x1b[m\x1b[K\n'}
[6.633413] (ydlidar_ros2_driver) StderrLine: {'line': b'\x1b[01m\x1b[K/opt/ros/humble/include/rclcpp/rclcpp/node.hpp:391:3:\x1b[m\x1b[K \x1b[01;36m\x1b[Knote: \x1b[m\x1b[K  candidate expects 4 arguments, 1 provided\n'}
[6.633548] (ydlidar_ros2_driver) StderrLine: {'line': b'\x1b[01m\x1b[K/home/geonmo/ydlidar_ws/src/ydlidar_ros2_driver/src/ydlidar_ros2_driver_node.cpp:88:26:\x1b[m\x1b[K \x1b[01;31m\x1b[Kerror: \x1b[m\x1b[Kno matching function for call to \xe2\x80\x98\x1b[01m\x1b[Krclcpp::Node::declare_parameter(const char [14])\x1b[m\x1b[K\xe2\x80\x99\n'}
[6.633684] (ydlidar_ros2_driver) StderrLine: {'line': b'   88 |   \x1b[01;31m\x1b[Knode->declare_parameter("intensity_bit")\x1b[m\x1b[K;\n'}
[6.633810] (ydlidar_ros2_driver) StderrLine: {'line': b'      |   \x1b[01;31m\x1b[K~~~~~~~~~~~~~~~~~~~~~~~^~~~~~~~~~~~~~~~~\x1b[m\x1b[K\n'}
[6.633938] (ydlidar_ros2_driver) StderrLine: {'line': b'In file included from \x1b[01m\x1b[K/opt/ros/humble/include/rclcpp/rclcpp/executors/single_threaded_executor.hpp:28\x1b[m\x1b[K,\n'}
[6.634065] (ydlidar_ros2_driver) StderrLine: {'line': b'                 from \x1b[01m\x1b[K/opt/ros/humble/include/rclcpp/rclcpp/executors.hpp:22\x1b[m\x1b[K,\n'}
[6.634194] (ydlidar_ros2_driver) StderrLine: {'line': b'                 from \x1b[01m\x1b[K/opt/ros/humble/include/rclcpp/rclcpp/rclcpp.hpp:155\x1b[m\x1b[K,\n'}
[6.634321] (ydlidar_ros2_driver) StderrLine: {'line': b'                 from \x1b[01m\x1b[K/home/geonmo/ydlidar_ws/src/ydlidar_ros2_driver/src/ydlidar_ros2_driver_node.cpp:23\x1b[m\x1b[K:\n'}
[6.634452] (ydlidar_ros2_driver) StderrLine: {'line': b'\x1b[01m\x1b[K/opt/ros/humble/include/rclcpp/rclcpp/node.hpp:421:3:\x1b[m\x1b[K \x1b[01;36m\x1b[Knote: \x1b[m\x1b[Kcandidate: \xe2\x80\x98\x1b[01m\x1b[Ktemplate<class ParameterT> auto rclcpp::Node::declare_parameter(const string&, const ParameterT&, const ParameterDescriptor&, bool)\x1b[m\x1b[K\xe2\x80\x99\n'}
[6.634606] (ydlidar_ros2_driver) StderrLine: {'line': b'  421 |   \x1b[01;36m\x1b[Kdeclare_parameter\x1b[m\x1b[K(\n'}
[6.634735] (ydlidar_ros2_driver) StderrLine: {'line': b'      |   \x1b[01;36m\x1b[K^~~~~~~~~~~~~~~~~\x1b[m\x1b[K\n'}
[6.634890] (ydlidar_ros2_driver) StderrLine: {'line': b'\x1b[01m\x1b[K/opt/ros/humble/include/rclcpp/rclcpp/node.hpp:421:3:\x1b[m\x1b[K \x1b[01;36m\x1b[Knote: \x1b[m\x1b[K  template argument deduction/substitution failed:\n'}
[6.635023] (ydlidar_ros2_driver) StderrLine: {'line': b'\x1b[01m\x1b[K/home/geonmo/ydlidar_ws/src/ydlidar_ros2_driver/src/ydlidar_ros2_driver_node.cpp:88:26:\x1b[m\x1b[K \x1b[01;36m\x1b[Knote: \x1b[m\x1b[K  candidate expects 4 arguments, 1 provided\n'}
[6.635154] (ydlidar_ros2_driver) StderrLine: {'line': b'   88 |   \x1b[01;36m\x1b[Knode->declare_parameter("intensity_bit")\x1b[m\x1b[K;\n'}
[6.635282] (ydlidar_ros2_driver) StderrLine: {'line': b'      |   \x1b[01;36m\x1b[K~~~~~~~~~~~~~~~~~~~~~~~^~~~~~~~~~~~~~~~~\x1b[m\x1b[K\n'}
[6.635408] (ydlidar_ros2_driver) StderrLine: {'line': b'In file included from \x1b[01m\x1b[K/opt/ros/humble/include/rclcpp/rclcpp/executors/single_threaded_executor.hpp:28\x1b[m\x1b[K,\n'}
[6.635537] (ydlidar_ros2_driver) StderrLine: {'line': b'                 from \x1b[01m\x1b[K/opt/ros/humble/include/rclcpp/rclcpp/executors.hpp:22\x1b[m\x1b[K,\n'}
[6.635664] (ydlidar_ros2_driver) StderrLine: {'line': b'                 from \x1b[01m\x1b[K/opt/ros/humble/include/rclcpp/rclcpp/rclcpp.hpp:155\x1b[m\x1b[K,\n'}
[6.635790] (ydlidar_ros2_driver) StderrLine: {'line': b'                 from \x1b[01m\x1b[K/home/geonmo/ydlidar_ws/src/ydlidar_ros2_driver/src/ydlidar_ros2_driver_node.cpp:23\x1b[m\x1b[K:\n'}
[6.635918] (ydlidar_ros2_driver) StderrLine: {'line': b'\x1b[01m\x1b[K/opt/ros/humble/include/rclcpp/rclcpp/node.hpp:434:3:\x1b[m\x1b[K \x1b[01;36m\x1b[Knote: \x1b[m\x1b[Kcandidate: \xe2\x80\x98\x1b[01m\x1b[Ktemplate<class ParameterT> auto rclcpp::Node::declare_parameter(const string&, const ParameterDescriptor&, bool)\x1b[m\x1b[K\xe2\x80\x99\n'}
[6.636053] (ydlidar_ros2_driver) StderrLine: {'line': b'  434 |   \x1b[01;36m\x1b[Kdeclare_parameter\x1b[m\x1b[K(\n'}
[6.636182] (ydlidar_ros2_driver) StderrLine: {'line': b'      |   \x1b[01;36m\x1b[K^~~~~~~~~~~~~~~~~\x1b[m\x1b[K\n'}
[6.636311] (ydlidar_ros2_driver) StderrLine: {'line': b'\x1b[01m\x1b[K/opt/ros/humble/include/rclcpp/rclcpp/node.hpp:434:3:\x1b[m\x1b[K \x1b[01;36m\x1b[Knote: \x1b[m\x1b[K  template argument deduction/substitution failed:\n'}
[6.636439] (ydlidar_ros2_driver) StderrLine: {'line': b'\x1b[01m\x1b[K/home/geonmo/ydlidar_ws/src/ydlidar_ros2_driver/src/ydlidar_ros2_driver_node.cpp:88:26:\x1b[m\x1b[K \x1b[01;36m\x1b[Knote: \x1b[m\x1b[K  couldn\xe2\x80\x99t deduce template parameter \xe2\x80\x98\x1b[01m\x1b[KParameterT\x1b[m\x1b[K\xe2\x80\x99\n'}
[6.636569] (ydlidar_ros2_driver) StderrLine: {'line': b'   88 |   \x1b[01;36m\x1b[Knode->declare_parameter("intensity_bit")\x1b[m\x1b[K;\n'}
[6.636695] (ydlidar_ros2_driver) StderrLine: {'line': b'      |   \x1b[01;36m\x1b[K~~~~~~~~~~~~~~~~~~~~~~~^~~~~~~~~~~~~~~~~\x1b[m\x1b[K\n'}
[6.636821] (ydlidar_ros2_driver) StderrLine: {'line': b'In file included from \x1b[01m\x1b[K/opt/ros/humble/include/rclcpp/rclcpp/executors/single_threaded_executor.hpp:28\x1b[m\x1b[K,\n'}
[6.636948] (ydlidar_ros2_driver) StderrLine: {'line': b'                 from \x1b[01m\x1b[K/opt/ros/humble/include/rclcpp/rclcpp/executors.hpp:22\x1b[m\x1b[K,\n'}
[6.637076] (ydlidar_ros2_driver) StderrLine: {'line': b'                 from \x1b[01m\x1b[K/opt/ros/humble/include/rclcpp/rclcpp/rclcpp.hpp:155\x1b[m\x1b[K,\n'}
[6.637202] (ydlidar_ros2_driver) StderrLine: {'line': b'                 from \x1b[01m\x1b[K/home/geonmo/ydlidar_ws/src/ydlidar_ros2_driver/src/ydlidar_ros2_driver_node.cpp:23\x1b[m\x1b[K:\n'}
[6.637355] (ydlidar_ros2_driver) StderrLine: {'line': b'\x1b[01m\x1b[K/opt/ros/humble/include/rclcpp/rclcpp/node.hpp:366:3:\x1b[m\x1b[K \x1b[01;36m\x1b[Knote: \x1b[m\x1b[Kcandidate: \xe2\x80\x98\x1b[01m\x1b[Kconst rclcpp::ParameterValue& rclcpp::Node::declare_parameter(const string&, const rclcpp::ParameterValue&, const ParameterDescriptor&, bool)\x1b[m\x1b[K\xe2\x80\x99\n'}
[6.637525] (ydlidar_ros2_driver) StderrLine: {'line': b'  366 |   \x1b[01;36m\x1b[Kdeclare_parameter\x1b[m\x1b[K(\n'}
[6.637673] (ydlidar_ros2_driver) StderrLine: {'line': b'      |   \x1b[01;36m\x1b[K^~~~~~~~~~~~~~~~~\x1b[m\x1b[K\n'}
[6.637804] (ydlidar_ros2_driver) StderrLine: {'line': b'\x1b[01m\x1b[K/opt/ros/humble/include/rclcpp/rclcpp/node.hpp:366:3:\x1b[m\x1b[K \x1b[01;36m\x1b[Knote: \x1b[m\x1b[K  candidate expects 4 arguments, 1 provided\n'}
[6.637935] (ydlidar_ros2_driver) StderrLine: {'line': b'\x1b[01m\x1b[K/opt/ros/humble/include/rclcpp/rclcpp/node.hpp:391:3:\x1b[m\x1b[K \x1b[01;36m\x1b[Knote: \x1b[m\x1b[Kcandidate: \xe2\x80\x98\x1b[01m\x1b[Kconst rclcpp::ParameterValue& rclcpp::Node::declare_parameter(const string&, rclcpp::ParameterType, const ParameterDescriptor&, bool)\x1b[m\x1b[K\xe2\x80\x99\n'}
[6.638069] (ydlidar_ros2_driver) StderrLine: {'line': b'  391 |   \x1b[01;36m\x1b[Kdeclare_parameter\x1b[m\x1b[K(\n'}
[6.638197] (ydlidar_ros2_driver) StderrLine: {'line': b'      |   \x1b[01;36m\x1b[K^~~~~~~~~~~~~~~~~\x1b[m\x1b[K\n'}
[6.638324] (ydlidar_ros2_driver) StderrLine: {'line': b'\x1b[01m\x1b[K/opt/ros/humble/include/rclcpp/rclcpp/node.hpp:391:3:\x1b[m\x1b[K \x1b[01;36m\x1b[Knote: \x1b[m\x1b[K  candidate expects 4 arguments, 1 provided\n'}
[6.638454] (ydlidar_ros2_driver) StderrLine: {'line': b'\x1b[01m\x1b[K/home/geonmo/ydlidar_ws/src/ydlidar_ros2_driver/src/ydlidar_ros2_driver_node.cpp:95:26:\x1b[m\x1b[K \x1b[01;31m\x1b[Kerror: \x1b[m\x1b[Kno matching function for call to \xe2\x80\x98\x1b[01m\x1b[Krclcpp::Node::declare_parameter(const char [17])\x1b[m\x1b[K\xe2\x80\x99\n'}
[6.638585] (ydlidar_ros2_driver) StderrLine: {'line': b'   95 |   \x1b[01;31m\x1b[Knode->declare_parameter("fixed_resolution")\x1b[m\x1b[K;\n'}
[6.638714] (ydlidar_ros2_driver) StderrLine: {'line': b'      |   \x1b[01;31m\x1b[K~~~~~~~~~~~~~~~~~~~~~~~^~~~~~~~~~~~~~~~~~~~\x1b[m\x1b[K\n'}
[6.638842] (ydlidar_ros2_driver) StderrLine: {'line': b'In file included from \x1b[01m\x1b[K/opt/ros/humble/include/rclcpp/rclcpp/executors/single_threaded_executor.hpp:28\x1b[m\x1b[K,\n'}
[6.638969] (ydlidar_ros2_driver) StderrLine: {'line': b'                 from \x1b[01m\x1b[K/opt/ros/humble/include/rclcpp/rclcpp/executors.hpp:22\x1b[m\x1b[K,\n'}
[6.639096] (ydlidar_ros2_driver) StderrLine: {'line': b'                 from \x1b[01m\x1b[K/opt/ros/humble/include/rclcpp/rclcpp/rclcpp.hpp:155\x1b[m\x1b[K,\n'}
[6.639223] (ydlidar_ros2_driver) StderrLine: {'line': b'                 from \x1b[01m\x1b[K/home/geonmo/ydlidar_ws/src/ydlidar_ros2_driver/src/ydlidar_ros2_driver_node.cpp:23\x1b[m\x1b[K:\n'}
[6.639381] (ydlidar_ros2_driver) StderrLine: {'line': b'\x1b[01m\x1b[K/opt/ros/humble/include/rclcpp/rclcpp/node.hpp:421:3:\x1b[m\x1b[K \x1b[01;36m\x1b[Knote: \x1b[m\x1b[Kcandidate: \xe2\x80\x98\x1b[01m\x1b[Ktemplate<class ParameterT> auto rclcpp::Node::declare_parameter(const string&, const ParameterT&, const ParameterDescriptor&, bool)\x1b[m\x1b[K\xe2\x80\x99\n'}
[6.639517] (ydlidar_ros2_driver) StderrLine: {'line': b'  421 |   \x1b[01;36m\x1b[Kdeclare_parameter\x1b[m\x1b[K(\n'}
[6.639644] (ydlidar_ros2_driver) StderrLine: {'line': b'      |   \x1b[01;36m\x1b[K^~~~~~~~~~~~~~~~~\x1b[m\x1b[K\n'}
[6.639773] (ydlidar_ros2_driver) StderrLine: {'line': b'\x1b[01m\x1b[K/opt/ros/humble/include/rclcpp/rclcpp/node.hpp:421:3:\x1b[m\x1b[K \x1b[01;36m\x1b[Knote: \x1b[m\x1b[K  template argument deduction/substitution failed:\n'}
[6.639901] (ydlidar_ros2_driver) StderrLine: {'line': b'\x1b[01m\x1b[K/home/geonmo/ydlidar_ws/src/ydlidar_ros2_driver/src/ydlidar_ros2_driver_node.cpp:95:26:\x1b[m\x1b[K \x1b[01;36m\x1b[Knote: \x1b[m\x1b[K  candidate expects 4 arguments, 1 provided\n'}
[6.640031] (ydlidar_ros2_driver) StderrLine: {'line': b'   95 |   \x1b[01;36m\x1b[Knode->declare_parameter("fixed_resolution")\x1b[m\x1b[K;\n'}
[6.640158] (ydlidar_ros2_driver) StderrLine: {'line': b'      |   \x1b[01;36m\x1b[K~~~~~~~~~~~~~~~~~~~~~~~^~~~~~~~~~~~~~~~~~~~\x1b[m\x1b[K\n'}
[6.640284] (ydlidar_ros2_driver) StderrLine: {'line': b'In file included from \x1b[01m\x1b[K/opt/ros/humble/include/rclcpp/rclcpp/executors/single_threaded_executor.hpp:28\x1b[m\x1b[K,\n'}
[6.640410] (ydlidar_ros2_driver) StderrLine: {'line': b'                 from \x1b[01m\x1b[K/opt/ros/humble/include/rclcpp/rclcpp/executors.hpp:22\x1b[m\x1b[K,\n'}
[6.640556] (ydlidar_ros2_driver) StderrLine: {'line': b'                 from \x1b[01m\x1b[K/opt/ros/humble/include/rclcpp/rclcpp/rclcpp.hpp:155\x1b[m\x1b[K,\n'}
[6.640684] (ydlidar_ros2_driver) StderrLine: {'line': b'                 from \x1b[01m\x1b[K/home/geonmo/ydlidar_ws/src/ydlidar_ros2_driver/src/ydlidar_ros2_driver_node.cpp:23\x1b[m\x1b[K:\n'}
[6.640813] (ydlidar_ros2_driver) StderrLine: {'line': b'\x1b[01m\x1b[K/opt/ros/humble/include/rclcpp/rclcpp/node.hpp:434:3:\x1b[m\x1b[K \x1b[01;36m\x1b[Knote: \x1b[m\x1b[Kcandidate: \xe2\x80\x98\x1b[01m\x1b[Ktemplate<class ParameterT> auto rclcpp::Node::declare_parameter(const string&, const ParameterDescriptor&, bool)\x1b[m\x1b[K\xe2\x80\x99\n'}
[6.640949] (ydlidar_ros2_driver) StderrLine: {'line': b'  434 |   \x1b[01;36m\x1b[Kdeclare_parameter\x1b[m\x1b[K(\n'}
[6.641078] (ydlidar_ros2_driver) StderrLine: {'line': b'      |   \x1b[01;36m\x1b[K^~~~~~~~~~~~~~~~~\x1b[m\x1b[K\n'}
[6.641204] (ydlidar_ros2_driver) StderrLine: {'line': b'\x1b[01m\x1b[K/opt/ros/humble/include/rclcpp/rclcpp/node.hpp:434:3:\x1b[m\x1b[K \x1b[01;36m\x1b[Knote: \x1b[m\x1b[K  template argument deduction/substitution failed:\n'}
[6.641356] (ydlidar_ros2_driver) StderrLine: {'line': b'\x1b[01m\x1b[K/home/geonmo/ydlidar_ws/src/ydlidar_ros2_driver/src/ydlidar_ros2_driver_node.cpp:95:26:\x1b[m\x1b[K \x1b[01;36m\x1b[Knote: \x1b[m\x1b[K  couldn\xe2\x80\x99t deduce template parameter \xe2\x80\x98\x1b[01m\x1b[KParameterT\x1b[m\x1b[K\xe2\x80\x99\n'}
[6.641497] (ydlidar_ros2_driver) StderrLine: {'line': b'   95 |   \x1b[01;36m\x1b[Knode->declare_parameter("fixed_resolution")\x1b[m\x1b[K;\n'}
[6.641628] (ydlidar_ros2_driver) StderrLine: {'line': b'      |   \x1b[01;36m\x1b[K~~~~~~~~~~~~~~~~~~~~~~~^~~~~~~~~~~~~~~~~~~~\x1b[m\x1b[K\n'}
[6.641759] (ydlidar_ros2_driver) StderrLine: {'line': b'In file included from \x1b[01m\x1b[K/opt/ros/humble/include/rclcpp/rclcpp/executors/single_threaded_executor.hpp:28\x1b[m\x1b[K,\n'}
[6.641888] (ydlidar_ros2_driver) StderrLine: {'line': b'                 from \x1b[01m\x1b[K/opt/ros/humble/include/rclcpp/rclcpp/executors.hpp:22\x1b[m\x1b[K,\n'}
[6.642018] (ydlidar_ros2_driver) StderrLine: {'line': b'                 from \x1b[01m\x1b[K/opt/ros/humble/include/rclcpp/rclcpp/rclcpp.hpp:155\x1b[m\x1b[K,\n'}
[6.642146] (ydlidar_ros2_driver) StderrLine: {'line': b'                 from \x1b[01m\x1b[K/home/geonmo/ydlidar_ws/src/ydlidar_ros2_driver/src/ydlidar_ros2_driver_node.cpp:23\x1b[m\x1b[K:\n'}
[6.642297] (ydlidar_ros2_driver) StderrLine: {'line': b'\x1b[01m\x1b[K/opt/ros/humble/include/rclcpp/rclcpp/node.hpp:366:3:\x1b[m\x1b[K \x1b[01;36m\x1b[Knote: \x1b[m\x1b[Kcandidate: \xe2\x80\x98\x1b[01m\x1b[Kconst rclcpp::ParameterValue& rclcpp::Node::declare_parameter(const string&, const rclcpp::ParameterValue&, const ParameterDescriptor&, bool)\x1b[m\x1b[K\xe2\x80\x99\n'}
[6.642436] (ydlidar_ros2_driver) StderrLine: {'line': b'  366 |   \x1b[01;36m\x1b[Kdeclare_parameter\x1b[m\x1b[K(\n'}
[6.642565] (ydlidar_ros2_driver) StderrLine: {'line': b'      |   \x1b[01;36m\x1b[K^~~~~~~~~~~~~~~~~\x1b[m\x1b[K\n'}
[6.642692] (ydlidar_ros2_driver) StderrLine: {'line': b'\x1b[01m\x1b[K/opt/ros/humble/include/rclcpp/rclcpp/node.hpp:366:3:\x1b[m\x1b[K \x1b[01;36m\x1b[Knote: \x1b[m\x1b[K  candidate expects 4 arguments, 1 provided\n'}
[6.642821] (ydlidar_ros2_driver) StderrLine: {'line': b'\x1b[01m\x1b[K/opt/ros/humble/include/rclcpp/rclcpp/node.hpp:391:3:\x1b[m\x1b[K \x1b[01;36m\x1b[Knote: \x1b[m\x1b[Kcandidate: \xe2\x80\x98\x1b[01m\x1b[Kconst rclcpp::ParameterValue& rclcpp::Node::declare_parameter(const string&, rclcpp::ParameterType, const ParameterDescriptor&, bool)\x1b[m\x1b[K\xe2\x80\x99\n'}
[6.642953] (ydlidar_ros2_driver) StderrLine: {'line': b'  391 |   \x1b[01;36m\x1b[Kdeclare_parameter\x1b[m\x1b[K(\n'}
[6.643079] (ydlidar_ros2_driver) StderrLine: {'line': b'      |   \x1b[01;36m\x1b[K^~~~~~~~~~~~~~~~~\x1b[m\x1b[K\n'}
[6.643203] (-) TimerEvent: {}
[6.643424] (ydlidar_ros2_driver) StderrLine: {'line': b'\x1b[01m\x1b[K/opt/ros/humble/include/rclcpp/rclcpp/node.hpp:391:3:\x1b[m\x1b[K \x1b[01;36m\x1b[Knote: \x1b[m\x1b[K  candidate expects 4 arguments, 1 provided\n'}
[6.643619] (ydlidar_ros2_driver) StderrLine: {'line': b'\x1b[01m\x1b[K/home/geonmo/ydlidar_ws/src/ydlidar_ros2_driver/src/ydlidar_ros2_driver_node.cpp:100:26:\x1b[m\x1b[K \x1b[01;31m\x1b[Kerror: \x1b[m\x1b[Kno matching function for call to \xe2\x80\x98\x1b[01m\x1b[Krclcpp::Node::declare_parameter(const char [10])\x1b[m\x1b[K\xe2\x80\x99\n'}
[6.643767] (ydlidar_ros2_driver) StderrLine: {'line': b'  100 |   \x1b[01;31m\x1b[Knode->declare_parameter("reversion")\x1b[m\x1b[K;\n'}
[6.643906] (ydlidar_ros2_driver) StderrLine: {'line': b'      |   \x1b[01;31m\x1b[K~~~~~~~~~~~~~~~~~~~~~~~^~~~~~~~~~~~~\x1b[m\x1b[K\n'}
[6.644055] (ydlidar_ros2_driver) StderrLine: {'line': b'In file included from \x1b[01m\x1b[K/opt/ros/humble/include/rclcpp/rclcpp/executors/single_threaded_executor.hpp:28\x1b[m\x1b[K,\n'}
[6.644194] (ydlidar_ros2_driver) StderrLine: {'line': b'                 from \x1b[01m\x1b[K/opt/ros/humble/include/rclcpp/rclcpp/executors.hpp:22\x1b[m\x1b[K,\n'}
[6.644329] (ydlidar_ros2_driver) StderrLine: {'line': b'                 from \x1b[01m\x1b[K/opt/ros/humble/include/rclcpp/rclcpp/rclcpp.hpp:155\x1b[m\x1b[K,\n'}
[6.644478] (ydlidar_ros2_driver) StderrLine: {'line': b'                 from \x1b[01m\x1b[K/home/geonmo/ydlidar_ws/src/ydlidar_ros2_driver/src/ydlidar_ros2_driver_node.cpp:23\x1b[m\x1b[K:\n'}
[6.644611] (ydlidar_ros2_driver) StderrLine: {'line': b'\x1b[01m\x1b[K/opt/ros/humble/include/rclcpp/rclcpp/node.hpp:421:3:\x1b[m\x1b[K \x1b[01;36m\x1b[Knote: \x1b[m\x1b[Kcandidate: \xe2\x80\x98\x1b[01m\x1b[Ktemplate<class ParameterT> auto rclcpp::Node::declare_parameter(const string&, const ParameterT&, const ParameterDescriptor&, bool)\x1b[m\x1b[K\xe2\x80\x99\n'}
[6.644746] (ydlidar_ros2_driver) StderrLine: {'line': b'  421 |   \x1b[01;36m\x1b[Kdeclare_parameter\x1b[m\x1b[K(\n'}
[6.644875] (ydlidar_ros2_driver) StderrLine: {'line': b'      |   \x1b[01;36m\x1b[K^~~~~~~~~~~~~~~~~\x1b[m\x1b[K\n'}
[6.645005] (ydlidar_ros2_driver) StderrLine: {'line': b'\x1b[01m\x1b[K/opt/ros/humble/include/rclcpp/rclcpp/node.hpp:421:3:\x1b[m\x1b[K \x1b[01;36m\x1b[Knote: \x1b[m\x1b[K  template argument deduction/substitution failed:\n'}
[6.645135] (ydlidar_ros2_driver) StderrLine: {'line': b'\x1b[01m\x1b[K/home/geonmo/ydlidar_ws/src/ydlidar_ros2_driver/src/ydlidar_ros2_driver_node.cpp:100:26:\x1b[m\x1b[K \x1b[01;36m\x1b[Knote: \x1b[m\x1b[K  candidate expects 4 arguments, 1 provided\n'}
[6.645267] (ydlidar_ros2_driver) StderrLine: {'line': b'  100 |   \x1b[01;36m\x1b[Knode->declare_parameter("reversion")\x1b[m\x1b[K;\n'}
[6.645421] (ydlidar_ros2_driver) StderrLine: {'line': b'      |   \x1b[01;36m\x1b[K~~~~~~~~~~~~~~~~~~~~~~~^~~~~~~~~~~~~\x1b[m\x1b[K\n'}
[6.645551] (ydlidar_ros2_driver) StderrLine: {'line': b'In file included from \x1b[01m\x1b[K/opt/ros/humble/include/rclcpp/rclcpp/executors/single_threaded_executor.hpp:28\x1b[m\x1b[K,\n'}
[6.645681] (ydlidar_ros2_driver) StderrLine: {'line': b'                 from \x1b[01m\x1b[K/opt/ros/humble/include/rclcpp/rclcpp/executors.hpp:22\x1b[m\x1b[K,\n'}
[6.645811] (ydlidar_ros2_driver) StderrLine: {'line': b'                 from \x1b[01m\x1b[K/opt/ros/humble/include/rclcpp/rclcpp/rclcpp.hpp:155\x1b[m\x1b[K,\n'}
[6.645940] (ydlidar_ros2_driver) StderrLine: {'line': b'                 from \x1b[01m\x1b[K/home/geonmo/ydlidar_ws/src/ydlidar_ros2_driver/src/ydlidar_ros2_driver_node.cpp:23\x1b[m\x1b[K:\n'}
[6.646069] (ydlidar_ros2_driver) StderrLine: {'line': b'\x1b[01m\x1b[K/opt/ros/humble/include/rclcpp/rclcpp/node.hpp:434:3:\x1b[m\x1b[K \x1b[01;36m\x1b[Knote: \x1b[m\x1b[Kcandidate: \xe2\x80\x98\x1b[01m\x1b[Ktemplate<class ParameterT> auto rclcpp::Node::declare_parameter(const string&, const ParameterDescriptor&, bool)\x1b[m\x1b[K\xe2\x80\x99\n'}
[6.646203] (ydlidar_ros2_driver) StderrLine: {'line': b'  434 |   \x1b[01;36m\x1b[Kdeclare_parameter\x1b[m\x1b[K(\n'}
[6.646327] (ydlidar_ros2_driver) StderrLine: {'line': b'      |   \x1b[01;36m\x1b[K^~~~~~~~~~~~~~~~~\x1b[m\x1b[K\n'}
[6.646473] (ydlidar_ros2_driver) StderrLine: {'line': b'\x1b[01m\x1b[K/opt/ros/humble/include/rclcpp/rclcpp/node.hpp:434:3:\x1b[m\x1b[K \x1b[01;36m\x1b[Knote: \x1b[m\x1b[K  template argument deduction/substitution failed:\n'}
[6.646603] (ydlidar_ros2_driver) StderrLine: {'line': b'\x1b[01m\x1b[K/home/geonmo/ydlidar_ws/src/ydlidar_ros2_driver/src/ydlidar_ros2_driver_node.cpp:100:26:\x1b[m\x1b[K \x1b[01;36m\x1b[Knote: \x1b[m\x1b[K  couldn\xe2\x80\x99t deduce template parameter \xe2\x80\x98\x1b[01m\x1b[KParameterT\x1b[m\x1b[K\xe2\x80\x99\n'}
[6.646737] (ydlidar_ros2_driver) StderrLine: {'line': b'  100 |   \x1b[01;36m\x1b[Knode->declare_parameter("reversion")\x1b[m\x1b[K;\n'}
[6.646865] (ydlidar_ros2_driver) StderrLine: {'line': b'      |   \x1b[01;36m\x1b[K~~~~~~~~~~~~~~~~~~~~~~~^~~~~~~~~~~~~\x1b[m\x1b[K\n'}
[6.646993] (ydlidar_ros2_driver) StderrLine: {'line': b'In file included from \x1b[01m\x1b[K/opt/ros/humble/include/rclcpp/rclcpp/executors/single_threaded_executor.hpp:28\x1b[m\x1b[K,\n'}
[6.647123] (ydlidar_ros2_driver) StderrLine: {'line': b'                 from \x1b[01m\x1b[K/opt/ros/humble/include/rclcpp/rclcpp/executors.hpp:22\x1b[m\x1b[K,\n'}
[6.647252] (ydlidar_ros2_driver) StderrLine: {'line': b'                 from \x1b[01m\x1b[K/opt/ros/humble/include/rclcpp/rclcpp/rclcpp.hpp:155\x1b[m\x1b[K,\n'}
[6.647381] (ydlidar_ros2_driver) StderrLine: {'line': b'                 from \x1b[01m\x1b[K/home/geonmo/ydlidar_ws/src/ydlidar_ros2_driver/src/ydlidar_ros2_driver_node.cpp:23\x1b[m\x1b[K:\n'}
[6.647534] (ydlidar_ros2_driver) StderrLine: {'line': b'\x1b[01m\x1b[K/opt/ros/humble/include/rclcpp/rclcpp/node.hpp:366:3:\x1b[m\x1b[K \x1b[01;36m\x1b[Knote: \x1b[m\x1b[Kcandidate: \xe2\x80\x98\x1b[01m\x1b[Kconst rclcpp::ParameterValue& rclcpp::Node::declare_parameter(const string&, const rclcpp::ParameterValue&, const ParameterDescriptor&, bool)\x1b[m\x1b[K\xe2\x80\x99\n'}
[6.647678] (ydlidar_ros2_driver) StderrLine: {'line': b'  366 |   \x1b[01;36m\x1b[Kdeclare_parameter\x1b[m\x1b[K(\n'}
[6.647812] (ydlidar_ros2_driver) StderrLine: {'line': b'      |   \x1b[01;36m\x1b[K^~~~~~~~~~~~~~~~~\x1b[m\x1b[K\n'}
[6.647943] (ydlidar_ros2_driver) StderrLine: {'line': b'\x1b[01m\x1b[K/opt/ros/humble/include/rclcpp/rclcpp/node.hpp:366:3:\x1b[m\x1b[K \x1b[01;36m\x1b[Knote: \x1b[m\x1b[K  candidate expects 4 arguments, 1 provided\n'}
[6.648075] (ydlidar_ros2_driver) StderrLine: {'line': b'\x1b[01m\x1b[K/opt/ros/humble/include/rclcpp/rclcpp/node.hpp:391:3:\x1b[m\x1b[K \x1b[01;36m\x1b[Knote: \x1b[m\x1b[Kcandidate: \xe2\x80\x98\x1b[01m\x1b[Kconst rclcpp::ParameterValue& rclcpp::Node::declare_parameter(const string&, rclcpp::ParameterType, const ParameterDescriptor&, bool)\x1b[m\x1b[K\xe2\x80\x99\n'}
[6.648207] (ydlidar_ros2_driver) StderrLine: {'line': b'  391 |   \x1b[01;36m\x1b[Kdeclare_parameter\x1b[m\x1b[K(\n'}
[6.648332] (ydlidar_ros2_driver) StderrLine: {'line': b'      |   \x1b[01;36m\x1b[K^~~~~~~~~~~~~~~~~\x1b[m\x1b[K\n'}
[6.648459] (ydlidar_ros2_driver) StderrLine: {'line': b'\x1b[01m\x1b[K/opt/ros/humble/include/rclcpp/rclcpp/node.hpp:391:3:\x1b[m\x1b[K \x1b[01;36m\x1b[Knote: \x1b[m\x1b[K  candidate expects 4 arguments, 1 provided\n'}
[6.648605] (ydlidar_ros2_driver) StderrLine: {'line': b'\x1b[01m\x1b[K/home/geonmo/ydlidar_ws/src/ydlidar_ros2_driver/src/ydlidar_ros2_driver_node.cpp:105:26:\x1b[m\x1b[K \x1b[01;31m\x1b[Kerror: \x1b[m\x1b[Kno matching function for call to \xe2\x80\x98\x1b[01m\x1b[Krclcpp::Node::declare_parameter(const char [9])\x1b[m\x1b[K\xe2\x80\x99\n'}
[6.648745] (ydlidar_ros2_driver) StderrLine: {'line': b'  105 |   \x1b[01;31m\x1b[Knode->declare_parameter("inverted")\x1b[m\x1b[K;\n'}
[6.648875] (ydlidar_ros2_driver) StderrLine: {'line': b'      |   \x1b[01;31m\x1b[K~~~~~~~~~~~~~~~~~~~~~~~^~~~~~~~~~~~\x1b[m\x1b[K\n'}
[6.649004] (ydlidar_ros2_driver) StderrLine: {'line': b'In file included from \x1b[01m\x1b[K/opt/ros/humble/include/rclcpp/rclcpp/executors/single_threaded_executor.hpp:28\x1b[m\x1b[K,\n'}
[6.649132] (ydlidar_ros2_driver) StderrLine: {'line': b'                 from \x1b[01m\x1b[K/opt/ros/humble/include/rclcpp/rclcpp/executors.hpp:22\x1b[m\x1b[K,\n'}
[6.649303] (ydlidar_ros2_driver) StderrLine: {'line': b'                 from \x1b[01m\x1b[K/opt/ros/humble/include/rclcpp/rclcpp/rclcpp.hpp:155\x1b[m\x1b[K,\n'}
[6.649451] (ydlidar_ros2_driver) StderrLine: {'line': b'                 from \x1b[01m\x1b[K/home/geonmo/ydlidar_ws/src/ydlidar_ros2_driver/src/ydlidar_ros2_driver_node.cpp:23\x1b[m\x1b[K:\n'}
[6.649586] (ydlidar_ros2_driver) StderrLine: {'line': b'\x1b[01m\x1b[K/opt/ros/humble/include/rclcpp/rclcpp/node.hpp:421:3:\x1b[m\x1b[K \x1b[01;36m\x1b[Knote: \x1b[m\x1b[Kcandidate: \xe2\x80\x98\x1b[01m\x1b[Ktemplate<class ParameterT> auto rclcpp::Node::declare_parameter(const string&, const ParameterT&, const ParameterDescriptor&, bool)\x1b[m\x1b[K\xe2\x80\x99\n'}
[6.649722] (ydlidar_ros2_driver) StderrLine: {'line': b'  421 |   \x1b[01;36m\x1b[Kdeclare_parameter\x1b[m\x1b[K(\n'}
[6.649852] (ydlidar_ros2_driver) StderrLine: {'line': b'      |   \x1b[01;36m\x1b[K^~~~~~~~~~~~~~~~~\x1b[m\x1b[K\n'}
[6.649979] (ydlidar_ros2_driver) StderrLine: {'line': b'\x1b[01m\x1b[K/opt/ros/humble/include/rclcpp/rclcpp/node.hpp:421:3:\x1b[m\x1b[K \x1b[01;36m\x1b[Knote: \x1b[m\x1b[K  template argument deduction/substitution failed:\n'}
[6.650110] (ydlidar_ros2_driver) StderrLine: {'line': b'\x1b[01m\x1b[K/home/geonmo/ydlidar_ws/src/ydlidar_ros2_driver/src/ydlidar_ros2_driver_node.cpp:105:26:\x1b[m\x1b[K \x1b[01;36m\x1b[Knote: \x1b[m\x1b[K  candidate expects 4 arguments, 1 provided\n'}
[6.650240] (ydlidar_ros2_driver) StderrLine: {'line': b'  105 |   \x1b[01;36m\x1b[Knode->declare_parameter("inverted")\x1b[m\x1b[K;\n'}
[6.650367] (ydlidar_ros2_driver) StderrLine: {'line': b'      |   \x1b[01;36m\x1b[K~~~~~~~~~~~~~~~~~~~~~~~^~~~~~~~~~~~\x1b[m\x1b[K\n'}
[6.650493] (ydlidar_ros2_driver) StderrLine: {'line': b'In file included from \x1b[01m\x1b[K/opt/ros/humble/include/rclcpp/rclcpp/executors/single_threaded_executor.hpp:28\x1b[m\x1b[K,\n'}
[6.650620] (ydlidar_ros2_driver) StderrLine: {'line': b'                 from \x1b[01m\x1b[K/opt/ros/humble/include/rclcpp/rclcpp/executors.hpp:22\x1b[m\x1b[K,\n'}
[6.650747] (ydlidar_ros2_driver) StderrLine: {'line': b'                 from \x1b[01m\x1b[K/opt/ros/humble/include/rclcpp/rclcpp/rclcpp.hpp:155\x1b[m\x1b[K,\n'}
[6.650875] (ydlidar_ros2_driver) StderrLine: {'line': b'                 from \x1b[01m\x1b[K/home/geonmo/ydlidar_ws/src/ydlidar_ros2_driver/src/ydlidar_ros2_driver_node.cpp:23\x1b[m\x1b[K:\n'}
[6.651002] (ydlidar_ros2_driver) StderrLine: {'line': b'\x1b[01m\x1b[K/opt/ros/humble/include/rclcpp/rclcpp/node.hpp:434:3:\x1b[m\x1b[K \x1b[01;36m\x1b[Knote: \x1b[m\x1b[Kcandidate: \xe2\x80\x98\x1b[01m\x1b[Ktemplate<class ParameterT> auto rclcpp::Node::declare_parameter(const string&, const ParameterDescriptor&, bool)\x1b[m\x1b[K\xe2\x80\x99\n'}
[6.651136] (ydlidar_ros2_driver) StderrLine: {'line': b'  434 |   \x1b[01;36m\x1b[Kdeclare_parameter\x1b[m\x1b[K(\n'}
[6.651262] (ydlidar_ros2_driver) StderrLine: {'line': b'      |   \x1b[01;36m\x1b[K^~~~~~~~~~~~~~~~~\x1b[m\x1b[K\n'}
[6.651388] (ydlidar_ros2_driver) StderrLine: {'line': b'\x1b[01m\x1b[K/opt/ros/humble/include/rclcpp/rclcpp/node.hpp:434:3:\x1b[m\x1b[K \x1b[01;36m\x1b[Knote: \x1b[m\x1b[K  template argument deduction/substitution failed:\n'}
[6.651515] (ydlidar_ros2_driver) StderrLine: {'line': b'\x1b[01m\x1b[K/home/geonmo/ydlidar_ws/src/ydlidar_ros2_driver/src/ydlidar_ros2_driver_node.cpp:105:26:\x1b[m\x1b[K \x1b[01;36m\x1b[Knote: \x1b[m\x1b[K  couldn\xe2\x80\x99t deduce template parameter \xe2\x80\x98\x1b[01m\x1b[KParameterT\x1b[m\x1b[K\xe2\x80\x99\n'}
[6.651647] (ydlidar_ros2_driver) StderrLine: {'line': b'  105 |   \x1b[01;36m\x1b[Knode->declare_parameter("inverted")\x1b[m\x1b[K;\n'}
[6.651775] (ydlidar_ros2_driver) StderrLine: {'line': b'      |   \x1b[01;36m\x1b[K~~~~~~~~~~~~~~~~~~~~~~~^~~~~~~~~~~~\x1b[m\x1b[K\n'}
[6.651903] (ydlidar_ros2_driver) StderrLine: {'line': b'In file included from \x1b[01m\x1b[K/opt/ros/humble/include/rclcpp/rclcpp/executors/single_threaded_executor.hpp:28\x1b[m\x1b[K,\n'}
[6.652050] (ydlidar_ros2_driver) StderrLine: {'line': b'                 from \x1b[01m\x1b[K/opt/ros/humble/include/rclcpp/rclcpp/executors.hpp:22\x1b[m\x1b[K,\n'}
[6.652179] (ydlidar_ros2_driver) StderrLine: {'line': b'                 from \x1b[01m\x1b[K/opt/ros/humble/include/rclcpp/rclcpp/rclcpp.hpp:155\x1b[m\x1b[K,\n'}
[6.652333] (ydlidar_ros2_driver) StderrLine: {'line': b'                 from \x1b[01m\x1b[K/home/geonmo/ydlidar_ws/src/ydlidar_ros2_driver/src/ydlidar_ros2_driver_node.cpp:23\x1b[m\x1b[K:\n'}
[6.652465] (ydlidar_ros2_driver) StderrLine: {'line': b'\x1b[01m\x1b[K/opt/ros/humble/include/rclcpp/rclcpp/node.hpp:366:3:\x1b[m\x1b[K \x1b[01;36m\x1b[Knote: \x1b[m\x1b[Kcandidate: \xe2\x80\x98\x1b[01m\x1b[Kconst rclcpp::ParameterValue& rclcpp::Node::declare_parameter(const string&, const rclcpp::ParameterValue&, const ParameterDescriptor&, bool)\x1b[m\x1b[K\xe2\x80\x99\n'}
[6.652603] (ydlidar_ros2_driver) StderrLine: {'line': b'  366 |   \x1b[01;36m\x1b[Kdeclare_parameter\x1b[m\x1b[K(\n'}
[6.652731] (ydlidar_ros2_driver) StderrLine: {'line': b'      |   \x1b[01;36m\x1b[K^~~~~~~~~~~~~~~~~\x1b[m\x1b[K\n'}
[6.652858] (ydlidar_ros2_driver) StderrLine: {'line': b'\x1b[01m\x1b[K/opt/ros/humble/include/rclcpp/rclcpp/node.hpp:366:3:\x1b[m\x1b[K \x1b[01;36m\x1b[Knote: \x1b[m\x1b[K  candidate expects 4 arguments, 1 provided\n'}
[6.652985] (ydlidar_ros2_driver) StderrLine: {'line': b'\x1b[01m\x1b[K/opt/ros/humble/include/rclcpp/rclcpp/node.hpp:391:3:\x1b[m\x1b[K \x1b[01;36m\x1b[Knote: \x1b[m\x1b[Kcandidate: \xe2\x80\x98\x1b[01m\x1b[Kconst rclcpp::ParameterValue& rclcpp::Node::declare_parameter(const string&, rclcpp::ParameterType, const ParameterDescriptor&, bool)\x1b[m\x1b[K\xe2\x80\x99\n'}
[6.653131] (ydlidar_ros2_driver) StderrLine: {'line': b'  391 |   \x1b[01;36m\x1b[Kdeclare_parameter\x1b[m\x1b[K(\n'}
[6.653260] (ydlidar_ros2_driver) StderrLine: {'line': b'      |   \x1b[01;36m\x1b[K^~~~~~~~~~~~~~~~~\x1b[m\x1b[K\n'}
[6.653412] (ydlidar_ros2_driver) StderrLine: {'line': b'\x1b[01m\x1b[K/opt/ros/humble/include/rclcpp/rclcpp/node.hpp:391:3:\x1b[m\x1b[K \x1b[01;36m\x1b[Knote: \x1b[m\x1b[K  candidate expects 4 arguments, 1 provided\n'}
[6.653546] (ydlidar_ros2_driver) StderrLine: {'line': b'\x1b[01m\x1b[K/home/geonmo/ydlidar_ws/src/ydlidar_ros2_driver/src/ydlidar_ros2_driver_node.cpp:109:26:\x1b[m\x1b[K \x1b[01;31m\x1b[Kerror: \x1b[m\x1b[Kno matching function for call to \xe2\x80\x98\x1b[01m\x1b[Krclcpp::Node::declare_parameter(const char [15])\x1b[m\x1b[K\xe2\x80\x99\n'}
[6.653681] (ydlidar_ros2_driver) StderrLine: {'line': b'  109 |   \x1b[01;31m\x1b[Knode->declare_parameter("auto_reconnect")\x1b[m\x1b[K;\n'}
[6.653811] (ydlidar_ros2_driver) StderrLine: {'line': b'      |   \x1b[01;31m\x1b[K~~~~~~~~~~~~~~~~~~~~~~~^~~~~~~~~~~~~~~~~~\x1b[m\x1b[K\n'}
[6.653940] (ydlidar_ros2_driver) StderrLine: {'line': b'In file included from \x1b[01m\x1b[K/opt/ros/humble/include/rclcpp/rclcpp/executors/single_threaded_executor.hpp:28\x1b[m\x1b[K,\n'}
[6.654090] (ydlidar_ros2_driver) StderrLine: {'line': b'                 from \x1b[01m\x1b[K/opt/ros/humble/include/rclcpp/rclcpp/executors.hpp:22\x1b[m\x1b[K,\n'}
[6.654222] (ydlidar_ros2_driver) StderrLine: {'line': b'                 from \x1b[01m\x1b[K/opt/ros/humble/include/rclcpp/rclcpp/rclcpp.hpp:155\x1b[m\x1b[K,\n'}
[6.654352] (ydlidar_ros2_driver) StderrLine: {'line': b'                 from \x1b[01m\x1b[K/home/geonmo/ydlidar_ws/src/ydlidar_ros2_driver/src/ydlidar_ros2_driver_node.cpp:23\x1b[m\x1b[K:\n'}
[6.654481] (ydlidar_ros2_driver) StderrLine: {'line': b'\x1b[01m\x1b[K/opt/ros/humble/include/rclcpp/rclcpp/node.hpp:421:3:\x1b[m\x1b[K \x1b[01;36m\x1b[Knote: \x1b[m\x1b[Kcandidate: \xe2\x80\x98\x1b[01m\x1b[Ktemplate<class ParameterT> auto rclcpp::Node::declare_parameter(const string&, const ParameterT&, const ParameterDescriptor&, bool)\x1b[m\x1b[K\xe2\x80\x99\n'}
[6.654615] (ydlidar_ros2_driver) StderrLine: {'line': b'  421 |   \x1b[01;36m\x1b[Kdeclare_parameter\x1b[m\x1b[K(\n'}
[6.654742] (ydlidar_ros2_driver) StderrLine: {'line': b'      |   \x1b[01;36m\x1b[K^~~~~~~~~~~~~~~~~\x1b[m\x1b[K\n'}
[6.654890] (ydlidar_ros2_driver) StderrLine: {'line': b'\x1b[01m\x1b[K/opt/ros/humble/include/rclcpp/rclcpp/node.hpp:421:3:\x1b[m\x1b[K \x1b[01;36m\x1b[Knote: \x1b[m\x1b[K  template argument deduction/substitution failed:\n'}
[6.655020] (ydlidar_ros2_driver) StderrLine: {'line': b'\x1b[01m\x1b[K/home/geonmo/ydlidar_ws/src/ydlidar_ros2_driver/src/ydlidar_ros2_driver_node.cpp:109:26:\x1b[m\x1b[K \x1b[01;36m\x1b[Knote: \x1b[m\x1b[K  candidate expects 4 arguments, 1 provided\n'}
[6.655164] (ydlidar_ros2_driver) StderrLine: {'line': b'  109 |   \x1b[01;36m\x1b[Knode->declare_parameter("auto_reconnect")\x1b[m\x1b[K;\n'}
[6.655297] (ydlidar_ros2_driver) StderrLine: {'line': b'      |   \x1b[01;36m\x1b[K~~~~~~~~~~~~~~~~~~~~~~~^~~~~~~~~~~~~~~~~~\x1b[m\x1b[K\n'}
[6.655427] (ydlidar_ros2_driver) StderrLine: {'line': b'In file included from \x1b[01m\x1b[K/opt/ros/humble/include/rclcpp/rclcpp/executors/single_threaded_executor.hpp:28\x1b[m\x1b[K,\n'}
[6.655557] (ydlidar_ros2_driver) StderrLine: {'line': b'                 from \x1b[01m\x1b[K/opt/ros/humble/include/rclcpp/rclcpp/executors.hpp:22\x1b[m\x1b[K,\n'}
[6.655687] (ydlidar_ros2_driver) StderrLine: {'line': b'                 from \x1b[01m\x1b[K/opt/ros/humble/include/rclcpp/rclcpp/rclcpp.hpp:155\x1b[m\x1b[K,\n'}
[6.655813] (ydlidar_ros2_driver) StderrLine: {'line': b'                 from \x1b[01m\x1b[K/home/geonmo/ydlidar_ws/src/ydlidar_ros2_driver/src/ydlidar_ros2_driver_node.cpp:23\x1b[m\x1b[K:\n'}
[6.655942] (ydlidar_ros2_driver) StderrLine: {'line': b'\x1b[01m\x1b[K/opt/ros/humble/include/rclcpp/rclcpp/node.hpp:434:3:\x1b[m\x1b[K \x1b[01;36m\x1b[Knote: \x1b[m\x1b[Kcandidate: \xe2\x80\x98\x1b[01m\x1b[Ktemplate<class ParameterT> auto rclcpp::Node::declare_parameter(const string&, const ParameterDescriptor&, bool)\x1b[m\x1b[K\xe2\x80\x99\n'}
[6.656075] (ydlidar_ros2_driver) StderrLine: {'line': b'  434 |   \x1b[01;36m\x1b[Kdeclare_parameter\x1b[m\x1b[K(\n'}
[6.656203] (ydlidar_ros2_driver) StderrLine: {'line': b'      |   \x1b[01;36m\x1b[K^~~~~~~~~~~~~~~~~\x1b[m\x1b[K\n'}
[6.656330] (ydlidar_ros2_driver) StderrLine: {'line': b'\x1b[01m\x1b[K/opt/ros/humble/include/rclcpp/rclcpp/node.hpp:434:3:\x1b[m\x1b[K \x1b[01;36m\x1b[Knote: \x1b[m\x1b[K  template argument deduction/substitution failed:\n'}
[6.656458] (ydlidar_ros2_driver) StderrLine: {'line': b'\x1b[01m\x1b[K/home/geonmo/ydlidar_ws/src/ydlidar_ros2_driver/src/ydlidar_ros2_driver_node.cpp:109:26:\x1b[m\x1b[K \x1b[01;36m\x1b[Knote: \x1b[m\x1b[K  couldn\xe2\x80\x99t deduce template parameter \xe2\x80\x98\x1b[01m\x1b[KParameterT\x1b[m\x1b[K\xe2\x80\x99\n'}
[6.656588] (ydlidar_ros2_driver) StderrLine: {'line': b'  109 |   \x1b[01;36m\x1b[Knode->declare_parameter("auto_reconnect")\x1b[m\x1b[K;\n'}
[6.656714] (ydlidar_ros2_driver) StderrLine: {'line': b'      |   \x1b[01;36m\x1b[K~~~~~~~~~~~~~~~~~~~~~~~^~~~~~~~~~~~~~~~~~\x1b[m\x1b[K\n'}
[6.656842] (ydlidar_ros2_driver) StderrLine: {'line': b'In file included from \x1b[01m\x1b[K/opt/ros/humble/include/rclcpp/rclcpp/executors/single_threaded_executor.hpp:28\x1b[m\x1b[K,\n'}
[6.656973] (ydlidar_ros2_driver) StderrLine: {'line': b'                 from \x1b[01m\x1b[K/opt/ros/humble/include/rclcpp/rclcpp/executors.hpp:22\x1b[m\x1b[K,\n'}
[6.657122] (ydlidar_ros2_driver) StderrLine: {'line': b'                 from \x1b[01m\x1b[K/opt/ros/humble/include/rclcpp/rclcpp/rclcpp.hpp:155\x1b[m\x1b[K,\n'}
[6.657252] (ydlidar_ros2_driver) StderrLine: {'line': b'                 from \x1b[01m\x1b[K/home/geonmo/ydlidar_ws/src/ydlidar_ros2_driver/src/ydlidar_ros2_driver_node.cpp:23\x1b[m\x1b[K:\n'}
[6.657410] (ydlidar_ros2_driver) StderrLine: {'line': b'\x1b[01m\x1b[K/opt/ros/humble/include/rclcpp/rclcpp/node.hpp:366:3:\x1b[m\x1b[K \x1b[01;36m\x1b[Knote: \x1b[m\x1b[Kcandidate: \xe2\x80\x98\x1b[01m\x1b[Kconst rclcpp::ParameterValue& rclcpp::Node::declare_parameter(const string&, const rclcpp::ParameterValue&, const ParameterDescriptor&, bool)\x1b[m\x1b[K\xe2\x80\x99\n'}
[6.657570] (ydlidar_ros2_driver) StderrLine: {'line': b'  366 |   \x1b[01;36m\x1b[Kdeclare_parameter\x1b[m\x1b[K(\n'}
[6.657716] (ydlidar_ros2_driver) StderrLine: {'line': b'      |   \x1b[01;36m\x1b[K^~~~~~~~~~~~~~~~~\x1b[m\x1b[K\n'}
[6.657849] (ydlidar_ros2_driver) StderrLine: {'line': b'\x1b[01m\x1b[K/opt/ros/humble/include/rclcpp/rclcpp/node.hpp:366:3:\x1b[m\x1b[K \x1b[01;36m\x1b[Knote: \x1b[m\x1b[K  candidate expects 4 arguments, 1 provided\n'}
[6.657981] (ydlidar_ros2_driver) StderrLine: {'line': b'\x1b[01m\x1b[K/opt/ros/humble/include/rclcpp/rclcpp/node.hpp:391:3:\x1b[m\x1b[K \x1b[01;36m\x1b[Knote: \x1b[m\x1b[Kcandidate: \xe2\x80\x98\x1b[01m\x1b[Kconst rclcpp::ParameterValue& rclcpp::Node::declare_parameter(const string&, rclcpp::ParameterType, const ParameterDescriptor&, bool)\x1b[m\x1b[K\xe2\x80\x99\n'}
[6.658112] (ydlidar_ros2_driver) StderrLine: {'line': b'  391 |   \x1b[01;36m\x1b[Kdeclare_parameter\x1b[m\x1b[K(\n'}
[6.658239] (ydlidar_ros2_driver) StderrLine: {'line': b'      |   \x1b[01;36m\x1b[K^~~~~~~~~~~~~~~~~\x1b[m\x1b[K\n'}
[6.658366] (ydlidar_ros2_driver) StderrLine: {'line': b'\x1b[01m\x1b[K/opt/ros/humble/include/rclcpp/rclcpp/node.hpp:391:3:\x1b[m\x1b[K \x1b[01;36m\x1b[Knote: \x1b[m\x1b[K  candidate expects 4 arguments, 1 provided\n'}
[6.658497] (ydlidar_ros2_driver) StderrLine: {'line': b'\x1b[01m\x1b[K/home/geonmo/ydlidar_ws/src/ydlidar_ros2_driver/src/ydlidar_ros2_driver_node.cpp:114:26:\x1b[m\x1b[K \x1b[01;31m\x1b[Kerror: \x1b[m\x1b[Kno matching function for call to \xe2\x80\x98\x1b[01m\x1b[Krclcpp::Node::declare_parameter(const char [16])\x1b[m\x1b[K\xe2\x80\x99\n'}
[6.658630] (ydlidar_ros2_driver) StderrLine: {'line': b'  114 |   \x1b[01;31m\x1b[Knode->declare_parameter("isSingleChannel")\x1b[m\x1b[K;\n'}
[6.658758] (ydlidar_ros2_driver) StderrLine: {'line': b'      |   \x1b[01;31m\x1b[K~~~~~~~~~~~~~~~~~~~~~~~^~~~~~~~~~~~~~~~~~~\x1b[m\x1b[K\n'}
[6.658905] (ydlidar_ros2_driver) StderrLine: {'line': b'In file included from \x1b[01m\x1b[K/opt/ros/humble/include/rclcpp/rclcpp/executors/single_threaded_executor.hpp:28\x1b[m\x1b[K,\n'}
[6.659033] (ydlidar_ros2_driver) StderrLine: {'line': b'                 from \x1b[01m\x1b[K/opt/ros/humble/include/rclcpp/rclcpp/executors.hpp:22\x1b[m\x1b[K,\n'}
[6.659163] (ydlidar_ros2_driver) StderrLine: {'line': b'                 from \x1b[01m\x1b[K/opt/ros/humble/include/rclcpp/rclcpp/rclcpp.hpp:155\x1b[m\x1b[K,\n'}
[6.659291] (ydlidar_ros2_driver) StderrLine: {'line': b'                 from \x1b[01m\x1b[K/home/geonmo/ydlidar_ws/src/ydlidar_ros2_driver/src/ydlidar_ros2_driver_node.cpp:23\x1b[m\x1b[K:\n'}
[6.659419] (ydlidar_ros2_driver) StderrLine: {'line': b'\x1b[01m\x1b[K/opt/ros/humble/include/rclcpp/rclcpp/node.hpp:421:3:\x1b[m\x1b[K \x1b[01;36m\x1b[Knote: \x1b[m\x1b[Kcandidate: \xe2\x80\x98\x1b[01m\x1b[Ktemplate<class ParameterT> auto rclcpp::Node::declare_parameter(const string&, const ParameterT&, const ParameterDescriptor&, bool)\x1b[m\x1b[K\xe2\x80\x99\n'}
[6.659551] (ydlidar_ros2_driver) StderrLine: {'line': b'  421 |   \x1b[01;36m\x1b[Kdeclare_parameter\x1b[m\x1b[K(\n'}
[6.659675] (ydlidar_ros2_driver) StderrLine: {'line': b'      |   \x1b[01;36m\x1b[K^~~~~~~~~~~~~~~~~\x1b[m\x1b[K\n'}
[6.659802] (ydlidar_ros2_driver) StderrLine: {'line': b'\x1b[01m\x1b[K/opt/ros/humble/include/rclcpp/rclcpp/node.hpp:421:3:\x1b[m\x1b[K \x1b[01;36m\x1b[Knote: \x1b[m\x1b[K  template argument deduction/substitution failed:\n'}
[6.659929] (ydlidar_ros2_driver) StderrLine: {'line': b'\x1b[01m\x1b[K/home/geonmo/ydlidar_ws/src/ydlidar_ros2_driver/src/ydlidar_ros2_driver_node.cpp:114:26:\x1b[m\x1b[K \x1b[01;36m\x1b[Knote: \x1b[m\x1b[K  candidate expects 4 arguments, 1 provided\n'}
[6.660058] (ydlidar_ros2_driver) StderrLine: {'line': b'  114 |   \x1b[01;36m\x1b[Knode->declare_parameter("isSingleChannel")\x1b[m\x1b[K;\n'}
[6.660187] (ydlidar_ros2_driver) StderrLine: {'line': b'      |   \x1b[01;36m\x1b[K~~~~~~~~~~~~~~~~~~~~~~~^~~~~~~~~~~~~~~~~~~\x1b[m\x1b[K\n'}
[6.660314] (ydlidar_ros2_driver) StderrLine: {'line': b'In file included from \x1b[01m\x1b[K/opt/ros/humble/include/rclcpp/rclcpp/executors/single_threaded_executor.hpp:28\x1b[m\x1b[K,\n'}
[6.660459] (ydlidar_ros2_driver) StderrLine: {'line': b'                 from \x1b[01m\x1b[K/opt/ros/humble/include/rclcpp/rclcpp/executors.hpp:22\x1b[m\x1b[K,\n'}
[6.660588] (ydlidar_ros2_driver) StderrLine: {'line': b'                 from \x1b[01m\x1b[K/opt/ros/humble/include/rclcpp/rclcpp/rclcpp.hpp:155\x1b[m\x1b[K,\n'}
[6.660716] (ydlidar_ros2_driver) StderrLine: {'line': b'                 from \x1b[01m\x1b[K/home/geonmo/ydlidar_ws/src/ydlidar_ros2_driver/src/ydlidar_ros2_driver_node.cpp:23\x1b[m\x1b[K:\n'}
[6.660846] (ydlidar_ros2_driver) StderrLine: {'line': b'\x1b[01m\x1b[K/opt/ros/humble/include/rclcpp/rclcpp/node.hpp:434:3:\x1b[m\x1b[K \x1b[01;36m\x1b[Knote: \x1b[m\x1b[Kcandidate: \xe2\x80\x98\x1b[01m\x1b[Ktemplate<class ParameterT> auto rclcpp::Node::declare_parameter(const string&, const ParameterDescriptor&, bool)\x1b[m\x1b[K\xe2\x80\x99\n'}
[6.660979] (ydlidar_ros2_driver) StderrLine: {'line': b'  434 |   \x1b[01;36m\x1b[Kdeclare_parameter\x1b[m\x1b[K(\n'}
[6.661107] (ydlidar_ros2_driver) StderrLine: {'line': b'      |   \x1b[01;36m\x1b[K^~~~~~~~~~~~~~~~~\x1b[m\x1b[K\n'}
[6.661234] (ydlidar_ros2_driver) StderrLine: {'line': b'\x1b[01m\x1b[K/opt/ros/humble/include/rclcpp/rclcpp/node.hpp:434:3:\x1b[m\x1b[K \x1b[01;36m\x1b[Knote: \x1b[m\x1b[K  template argument deduction/substitution failed:\n'}
[6.661390] (ydlidar_ros2_driver) StderrLine: {'line': b'\x1b[01m\x1b[K/home/geonmo/ydlidar_ws/src/ydlidar_ros2_driver/src/ydlidar_ros2_driver_node.cpp:114:26:\x1b[m\x1b[K \x1b[01;36m\x1b[Knote: \x1b[m\x1b[K  couldn\xe2\x80\x99t deduce template parameter \xe2\x80\x98\x1b[01m\x1b[KParameterT\x1b[m\x1b[K\xe2\x80\x99\n'}
[6.661527] (ydlidar_ros2_driver) StderrLine: {'line': b'  114 |   \x1b[01;36m\x1b[Knode->declare_parameter("isSingleChannel")\x1b[m\x1b[K;\n'}
[6.661657] (ydlidar_ros2_driver) StderrLine: {'line': b'      |   \x1b[01;36m\x1b[K~~~~~~~~~~~~~~~~~~~~~~~^~~~~~~~~~~~~~~~~~~\x1b[m\x1b[K\n'}
[6.661787] (ydlidar_ros2_driver) StderrLine: {'line': b'In file included from \x1b[01m\x1b[K/opt/ros/humble/include/rclcpp/rclcpp/executors/single_threaded_executor.hpp:28\x1b[m\x1b[K,\n'}
[6.661936] (ydlidar_ros2_driver) StderrLine: {'line': b'                 from \x1b[01m\x1b[K/opt/ros/humble/include/rclcpp/rclcpp/executors.hpp:22\x1b[m\x1b[K,\n'}
[6.662079] (ydlidar_ros2_driver) StderrLine: {'line': b'                 from \x1b[01m\x1b[K/opt/ros/humble/include/rclcpp/rclcpp/rclcpp.hpp:155\x1b[m\x1b[K,\n'}
[6.662213] (ydlidar_ros2_driver) StderrLine: {'line': b'                 from \x1b[01m\x1b[K/home/geonmo/ydlidar_ws/src/ydlidar_ros2_driver/src/ydlidar_ros2_driver_node.cpp:23\x1b[m\x1b[K:\n'}
[6.662343] (ydlidar_ros2_driver) StderrLine: {'line': b'\x1b[01m\x1b[K/opt/ros/humble/include/rclcpp/rclcpp/node.hpp:366:3:\x1b[m\x1b[K \x1b[01;36m\x1b[Knote: \x1b[m\x1b[Kcandidate: \xe2\x80\x98\x1b[01m\x1b[Kconst rclcpp::ParameterValue& rclcpp::Node::declare_parameter(const string&, const rclcpp::ParameterValue&, const ParameterDescriptor&, bool)\x1b[m\x1b[K\xe2\x80\x99\n'}
[6.662482] (ydlidar_ros2_driver) StderrLine: {'line': b'  366 |   \x1b[01;36m\x1b[Kdeclare_parameter\x1b[m\x1b[K(\n'}
[6.662609] (ydlidar_ros2_driver) StderrLine: {'line': b'      |   \x1b[01;36m\x1b[K^~~~~~~~~~~~~~~~~\x1b[m\x1b[K\n'}
[6.662735] (ydlidar_ros2_driver) StderrLine: {'line': b'\x1b[01m\x1b[K/opt/ros/humble/include/rclcpp/rclcpp/node.hpp:366:3:\x1b[m\x1b[K \x1b[01;36m\x1b[Knote: \x1b[m\x1b[K  candidate expects 4 arguments, 1 provided\n'}
[6.662864] (ydlidar_ros2_driver) StderrLine: {'line': b'\x1b[01m\x1b[K/opt/ros/humble/include/rclcpp/rclcpp/node.hpp:391:3:\x1b[m\x1b[K \x1b[01;36m\x1b[Knote: \x1b[m\x1b[Kcandidate: \xe2\x80\x98\x1b[01m\x1b[Kconst rclcpp::ParameterValue& rclcpp::Node::declare_parameter(const string&, rclcpp::ParameterType, const ParameterDescriptor&, bool)\x1b[m\x1b[K\xe2\x80\x99\n'}
[6.662999] (ydlidar_ros2_driver) StderrLine: {'line': b'  391 |   \x1b[01;36m\x1b[Kdeclare_parameter\x1b[m\x1b[K(\n'}
[6.663126] (ydlidar_ros2_driver) StderrLine: {'line': b'      |   \x1b[01;36m\x1b[K^~~~~~~~~~~~~~~~~\x1b[m\x1b[K\n'}
[6.663251] (ydlidar_ros2_driver) StderrLine: {'line': b'\x1b[01m\x1b[K/opt/ros/humble/include/rclcpp/rclcpp/node.hpp:391:3:\x1b[m\x1b[K \x1b[01;36m\x1b[Knote: \x1b[m\x1b[K  candidate expects 4 arguments, 1 provided\n'}
[6.663397] (ydlidar_ros2_driver) StderrLine: {'line': b'\x1b[01m\x1b[K/home/geonmo/ydlidar_ws/src/ydlidar_ros2_driver/src/ydlidar_ros2_driver_node.cpp:119:26:\x1b[m\x1b[K \x1b[01;31m\x1b[Kerror: \x1b[m\x1b[Kno matching function for call to \xe2\x80\x98\x1b[01m\x1b[Krclcpp::Node::declare_parameter(const char [10])\x1b[m\x1b[K\xe2\x80\x99\n'}
[6.663530] (ydlidar_ros2_driver) StderrLine: {'line': b'  119 |   \x1b[01;31m\x1b[Knode->declare_parameter("intensity")\x1b[m\x1b[K;\n'}
[6.663677] (ydlidar_ros2_driver) StderrLine: {'line': b'      |   \x1b[01;31m\x1b[K~~~~~~~~~~~~~~~~~~~~~~~^~~~~~~~~~~~~\x1b[m\x1b[K\n'}
[6.663809] (ydlidar_ros2_driver) StderrLine: {'line': b'In file included from \x1b[01m\x1b[K/opt/ros/humble/include/rclcpp/rclcpp/executors/single_threaded_executor.hpp:28\x1b[m\x1b[K,\n'}
[6.663943] (ydlidar_ros2_driver) StderrLine: {'line': b'                 from \x1b[01m\x1b[K/opt/ros/humble/include/rclcpp/rclcpp/executors.hpp:22\x1b[m\x1b[K,\n'}
[6.664076] (ydlidar_ros2_driver) StderrLine: {'line': b'                 from \x1b[01m\x1b[K/opt/ros/humble/include/rclcpp/rclcpp/rclcpp.hpp:155\x1b[m\x1b[K,\n'}
[6.664206] (ydlidar_ros2_driver) StderrLine: {'line': b'                 from \x1b[01m\x1b[K/home/geonmo/ydlidar_ws/src/ydlidar_ros2_driver/src/ydlidar_ros2_driver_node.cpp:23\x1b[m\x1b[K:\n'}
[6.664338] (ydlidar_ros2_driver) StderrLine: {'line': b'\x1b[01m\x1b[K/opt/ros/humble/include/rclcpp/rclcpp/node.hpp:421:3:\x1b[m\x1b[K \x1b[01;36m\x1b[Knote: \x1b[m\x1b[Kcandidate: \xe2\x80\x98\x1b[01m\x1b[Ktemplate<class ParameterT> auto rclcpp::Node::declare_parameter(const string&, const ParameterT&, const ParameterDescriptor&, bool)\x1b[m\x1b[K\xe2\x80\x99\n'}
[6.664472] (ydlidar_ros2_driver) StderrLine: {'line': b'  421 |   \x1b[01;36m\x1b[Kdeclare_parameter\x1b[m\x1b[K(\n'}
[6.664601] (ydlidar_ros2_driver) StderrLine: {'line': b'      |   \x1b[01;36m\x1b[K^~~~~~~~~~~~~~~~~\x1b[m\x1b[K\n'}
[6.664729] (ydlidar_ros2_driver) StderrLine: {'line': b'\x1b[01m\x1b[K/opt/ros/humble/include/rclcpp/rclcpp/node.hpp:421:3:\x1b[m\x1b[K \x1b[01;36m\x1b[Knote: \x1b[m\x1b[K  template argument deduction/substitution failed:\n'}
[6.664859] (ydlidar_ros2_driver) StderrLine: {'line': b'\x1b[01m\x1b[K/home/geonmo/ydlidar_ws/src/ydlidar_ros2_driver/src/ydlidar_ros2_driver_node.cpp:119:26:\x1b[m\x1b[K \x1b[01;36m\x1b[Knote: \x1b[m\x1b[K  candidate expects 4 arguments, 1 provided\n'}
[6.665184] (ydlidar_ros2_driver) StderrLine: {'line': b'  119 |   \x1b[01;36m\x1b[Knode->declare_parameter("intensity")\x1b[m\x1b[K;\n'}
[6.665365] (ydlidar_ros2_driver) StderrLine: {'line': b'      |   \x1b[01;36m\x1b[K~~~~~~~~~~~~~~~~~~~~~~~^~~~~~~~~~~~~\x1b[m\x1b[K\n'}
[6.665511] (ydlidar_ros2_driver) StderrLine: {'line': b'In file included from \x1b[01m\x1b[K/opt/ros/humble/include/rclcpp/rclcpp/executors/single_threaded_executor.hpp:28\x1b[m\x1b[K,\n'}
[6.665648] (ydlidar_ros2_driver) StderrLine: {'line': b'                 from \x1b[01m\x1b[K/opt/ros/humble/include/rclcpp/rclcpp/executors.hpp:22\x1b[m\x1b[K,\n'}
[6.665781] (ydlidar_ros2_driver) StderrLine: {'line': b'                 from \x1b[01m\x1b[K/opt/ros/humble/include/rclcpp/rclcpp/rclcpp.hpp:155\x1b[m\x1b[K,\n'}
[6.665912] (ydlidar_ros2_driver) StderrLine: {'line': b'                 from \x1b[01m\x1b[K/home/geonmo/ydlidar_ws/src/ydlidar_ros2_driver/src/ydlidar_ros2_driver_node.cpp:23\x1b[m\x1b[K:\n'}
[6.666043] (ydlidar_ros2_driver) StderrLine: {'line': b'\x1b[01m\x1b[K/opt/ros/humble/include/rclcpp/rclcpp/node.hpp:434:3:\x1b[m\x1b[K \x1b[01;36m\x1b[Knote: \x1b[m\x1b[Kcandidate: \xe2\x80\x98\x1b[01m\x1b[Ktemplate<class ParameterT> auto rclcpp::Node::declare_parameter(const string&, const ParameterDescriptor&, bool)\x1b[m\x1b[K\xe2\x80\x99\n'}
[6.666176] (ydlidar_ros2_driver) StderrLine: {'line': b'  434 |   \x1b[01;36m\x1b[Kdeclare_parameter\x1b[m\x1b[K(\n'}
[6.666305] (ydlidar_ros2_driver) StderrLine: {'line': b'      |   \x1b[01;36m\x1b[K^~~~~~~~~~~~~~~~~\x1b[m\x1b[K\n'}
[6.666455] (ydlidar_ros2_driver) StderrLine: {'line': b'\x1b[01m\x1b[K/opt/ros/humble/include/rclcpp/rclcpp/node.hpp:434:3:\x1b[m\x1b[K \x1b[01;36m\x1b[Knote: \x1b[m\x1b[K  template argument deduction/substitution failed:\n'}
[6.666587] (ydlidar_ros2_driver) StderrLine: {'line': b'\x1b[01m\x1b[K/home/geonmo/ydlidar_ws/src/ydlidar_ros2_driver/src/ydlidar_ros2_driver_node.cpp:119:26:\x1b[m\x1b[K \x1b[01;36m\x1b[Knote: \x1b[m\x1b[K  couldn\xe2\x80\x99t deduce template parameter \xe2\x80\x98\x1b[01m\x1b[KParameterT\x1b[m\x1b[K\xe2\x80\x99\n'}
[6.666740] (ydlidar_ros2_driver) StderrLine: {'line': b'  119 |   \x1b[01;36m\x1b[Knode->declare_parameter("intensity")\x1b[m\x1b[K;\n'}
[6.666873] (ydlidar_ros2_driver) StderrLine: {'line': b'      |   \x1b[01;36m\x1b[K~~~~~~~~~~~~~~~~~~~~~~~^~~~~~~~~~~~~\x1b[m\x1b[K\n'}
[6.667022] (ydlidar_ros2_driver) StderrLine: {'line': b'In file included from \x1b[01m\x1b[K/opt/ros/humble/include/rclcpp/rclcpp/executors/single_threaded_executor.hpp:28\x1b[m\x1b[K,\n'}
[6.667153] (ydlidar_ros2_driver) StderrLine: {'line': b'                 from \x1b[01m\x1b[K/opt/ros/humble/include/rclcpp/rclcpp/executors.hpp:22\x1b[m\x1b[K,\n'}
[6.667282] (ydlidar_ros2_driver) StderrLine: {'line': b'                 from \x1b[01m\x1b[K/opt/ros/humble/include/rclcpp/rclcpp/rclcpp.hpp:155\x1b[m\x1b[K,\n'}
[6.667410] (ydlidar_ros2_driver) StderrLine: {'line': b'                 from \x1b[01m\x1b[K/home/geonmo/ydlidar_ws/src/ydlidar_ros2_driver/src/ydlidar_ros2_driver_node.cpp:23\x1b[m\x1b[K:\n'}
[6.667539] (ydlidar_ros2_driver) StderrLine: {'line': b'\x1b[01m\x1b[K/opt/ros/humble/include/rclcpp/rclcpp/node.hpp:366:3:\x1b[m\x1b[K \x1b[01;36m\x1b[Knote: \x1b[m\x1b[Kcandidate: \xe2\x80\x98\x1b[01m\x1b[Kconst rclcpp::ParameterValue& rclcpp::Node::declare_parameter(const string&, const rclcpp::ParameterValue&, const ParameterDescriptor&, bool)\x1b[m\x1b[K\xe2\x80\x99\n'}
[6.667679] (ydlidar_ros2_driver) StderrLine: {'line': b'  366 |   \x1b[01;36m\x1b[Kdeclare_parameter\x1b[m\x1b[K(\n'}
[6.667808] (ydlidar_ros2_driver) StderrLine: {'line': b'      |   \x1b[01;36m\x1b[K^~~~~~~~~~~~~~~~~\x1b[m\x1b[K\n'}
[6.667937] (ydlidar_ros2_driver) StderrLine: {'line': b'\x1b[01m\x1b[K/opt/ros/humble/include/rclcpp/rclcpp/node.hpp:366:3:\x1b[m\x1b[K \x1b[01;36m\x1b[Knote: \x1b[m\x1b[K  candidate expects 4 arguments, 1 provided\n'}
[6.668069] (ydlidar_ros2_driver) StderrLine: {'line': b'\x1b[01m\x1b[K/opt/ros/humble/include/rclcpp/rclcpp/node.hpp:391:3:\x1b[m\x1b[K \x1b[01;36m\x1b[Knote: \x1b[m\x1b[Kcandidate: \xe2\x80\x98\x1b[01m\x1b[Kconst rclcpp::ParameterValue& rclcpp::Node::declare_parameter(const string&, rclcpp::ParameterType, const ParameterDescriptor&, bool)\x1b[m\x1b[K\xe2\x80\x99\n'}
[6.668203] (ydlidar_ros2_driver) StderrLine: {'line': b'  391 |   \x1b[01;36m\x1b[Kdeclare_parameter\x1b[m\x1b[K(\n'}
[6.668329] (ydlidar_ros2_driver) StderrLine: {'line': b'      |   \x1b[01;36m\x1b[K^~~~~~~~~~~~~~~~~\x1b[m\x1b[K\n'}
[6.668457] (ydlidar_ros2_driver) StderrLine: {'line': b'\x1b[01m\x1b[K/opt/ros/humble/include/rclcpp/rclcpp/node.hpp:391:3:\x1b[m\x1b[K \x1b[01;36m\x1b[Knote: \x1b[m\x1b[K  candidate expects 4 arguments, 1 provided\n'}
[6.668586] (ydlidar_ros2_driver) StderrLine: {'line': b'\x1b[01m\x1b[K/home/geonmo/ydlidar_ws/src/ydlidar_ros2_driver/src/ydlidar_ros2_driver_node.cpp:124:26:\x1b[m\x1b[K \x1b[01;31m\x1b[Kerror: \x1b[m\x1b[Kno matching function for call to \xe2\x80\x98\x1b[01m\x1b[Krclcpp::Node::declare_parameter(const char [18])\x1b[m\x1b[K\xe2\x80\x99\n'}
[6.668738] (ydlidar_ros2_driver) StderrLine: {'line': b'  124 |   \x1b[01;31m\x1b[Knode->declare_parameter("support_motor_dtr")\x1b[m\x1b[K;\n'}
[6.668870] (ydlidar_ros2_driver) StderrLine: {'line': b'      |   \x1b[01;31m\x1b[K~~~~~~~~~~~~~~~~~~~~~~~^~~~~~~~~~~~~~~~~~~~~\x1b[m\x1b[K\n'}
[6.668998] (ydlidar_ros2_driver) StderrLine: {'line': b'In file included from \x1b[01m\x1b[K/opt/ros/humble/include/rclcpp/rclcpp/executors/single_threaded_executor.hpp:28\x1b[m\x1b[K,\n'}
[6.669125] (ydlidar_ros2_driver) StderrLine: {'line': b'                 from \x1b[01m\x1b[K/opt/ros/humble/include/rclcpp/rclcpp/executors.hpp:22\x1b[m\x1b[K,\n'}
[6.669272] (ydlidar_ros2_driver) StderrLine: {'line': b'                 from \x1b[01m\x1b[K/opt/ros/humble/include/rclcpp/rclcpp/rclcpp.hpp:155\x1b[m\x1b[K,\n'}
[6.669425] (ydlidar_ros2_driver) StderrLine: {'line': b'                 from \x1b[01m\x1b[K/home/geonmo/ydlidar_ws/src/ydlidar_ros2_driver/src/ydlidar_ros2_driver_node.cpp:23\x1b[m\x1b[K:\n'}
[6.669555] (ydlidar_ros2_driver) StderrLine: {'line': b'\x1b[01m\x1b[K/opt/ros/humble/include/rclcpp/rclcpp/node.hpp:421:3:\x1b[m\x1b[K \x1b[01;36m\x1b[Knote: \x1b[m\x1b[Kcandidate: \xe2\x80\x98\x1b[01m\x1b[Ktemplate<class ParameterT> auto rclcpp::Node::declare_parameter(const string&, const ParameterT&, const ParameterDescriptor&, bool)\x1b[m\x1b[K\xe2\x80\x99\n'}
[6.669688] (ydlidar_ros2_driver) StderrLine: {'line': b'  421 |   \x1b[01;36m\x1b[Kdeclare_parameter\x1b[m\x1b[K(\n'}
[6.669816] (ydlidar_ros2_driver) StderrLine: {'line': b'      |   \x1b[01;36m\x1b[K^~~~~~~~~~~~~~~~~\x1b[m\x1b[K\n'}
[6.669942] (ydlidar_ros2_driver) StderrLine: {'line': b'\x1b[01m\x1b[K/opt/ros/humble/include/rclcpp/rclcpp/node.hpp:421:3:\x1b[m\x1b[K \x1b[01;36m\x1b[Knote: \x1b[m\x1b[K  template argument deduction/substitution failed:\n'}
[6.670071] (ydlidar_ros2_driver) StderrLine: {'line': b'\x1b[01m\x1b[K/home/geonmo/ydlidar_ws/src/ydlidar_ros2_driver/src/ydlidar_ros2_driver_node.cpp:124:26:\x1b[m\x1b[K \x1b[01;36m\x1b[Knote: \x1b[m\x1b[K  candidate expects 4 arguments, 1 provided\n'}
[6.670201] (ydlidar_ros2_driver) StderrLine: {'line': b'  124 |   \x1b[01;36m\x1b[Knode->declare_parameter("support_motor_dtr")\x1b[m\x1b[K;\n'}
[6.670329] (ydlidar_ros2_driver) StderrLine: {'line': b'      |   \x1b[01;36m\x1b[K~~~~~~~~~~~~~~~~~~~~~~~^~~~~~~~~~~~~~~~~~~~~\x1b[m\x1b[K\n'}
[6.670459] (ydlidar_ros2_driver) StderrLine: {'line': b'In file included from \x1b[01m\x1b[K/opt/ros/humble/include/rclcpp/rclcpp/executors/single_threaded_executor.hpp:28\x1b[m\x1b[K,\n'}
[6.670586] (ydlidar_ros2_driver) StderrLine: {'line': b'                 from \x1b[01m\x1b[K/opt/ros/humble/include/rclcpp/rclcpp/executors.hpp:22\x1b[m\x1b[K,\n'}
[6.670713] (ydlidar_ros2_driver) StderrLine: {'line': b'                 from \x1b[01m\x1b[K/opt/ros/humble/include/rclcpp/rclcpp/rclcpp.hpp:155\x1b[m\x1b[K,\n'}
[6.670840] (ydlidar_ros2_driver) StderrLine: {'line': b'                 from \x1b[01m\x1b[K/home/geonmo/ydlidar_ws/src/ydlidar_ros2_driver/src/ydlidar_ros2_driver_node.cpp:23\x1b[m\x1b[K:\n'}
[6.670972] (ydlidar_ros2_driver) StderrLine: {'line': b'\x1b[01m\x1b[K/opt/ros/humble/include/rclcpp/rclcpp/node.hpp:434:3:\x1b[m\x1b[K \x1b[01;36m\x1b[Knote: \x1b[m\x1b[Kcandidate: \xe2\x80\x98\x1b[01m\x1b[Ktemplate<class ParameterT> auto rclcpp::Node::declare_parameter(const string&, const ParameterDescriptor&, bool)\x1b[m\x1b[K\xe2\x80\x99\n'}
[6.671124] (ydlidar_ros2_driver) StderrLine: {'line': b'  434 |   \x1b[01;36m\x1b[Kdeclare_parameter\x1b[m\x1b[K(\n'}
[6.671258] (ydlidar_ros2_driver) StderrLine: {'line': b'      |   \x1b[01;36m\x1b[K^~~~~~~~~~~~~~~~~\x1b[m\x1b[K\n'}
[6.671389] (ydlidar_ros2_driver) StderrLine: {'line': b'\x1b[01m\x1b[K/opt/ros/humble/include/rclcpp/rclcpp/node.hpp:434:3:\x1b[m\x1b[K \x1b[01;36m\x1b[Knote: \x1b[m\x1b[K  template argument deduction/substitution failed:\n'}
[6.671519] (ydlidar_ros2_driver) StderrLine: {'line': b'\x1b[01m\x1b[K/home/geonmo/ydlidar_ws/src/ydlidar_ros2_driver/src/ydlidar_ros2_driver_node.cpp:124:26:\x1b[m\x1b[K \x1b[01;36m\x1b[Knote: \x1b[m\x1b[K  couldn\xe2\x80\x99t deduce template parameter \xe2\x80\x98\x1b[01m\x1b[KParameterT\x1b[m\x1b[K\xe2\x80\x99\n'}
[6.671651] (ydlidar_ros2_driver) StderrLine: {'line': b'  124 |   \x1b[01;36m\x1b[Knode->declare_parameter("support_motor_dtr")\x1b[m\x1b[K;\n'}
[6.671800] (ydlidar_ros2_driver) StderrLine: {'line': b'      |   \x1b[01;36m\x1b[K~~~~~~~~~~~~~~~~~~~~~~~^~~~~~~~~~~~~~~~~~~~~\x1b[m\x1b[K\n'}
[6.671928] (ydlidar_ros2_driver) StderrLine: {'line': b'In file included from \x1b[01m\x1b[K/opt/ros/humble/include/rclcpp/rclcpp/executors/single_threaded_executor.hpp:28\x1b[m\x1b[K,\n'}
[6.672071] (ydlidar_ros2_driver) StderrLine: {'line': b'                 from \x1b[01m\x1b[K/opt/ros/humble/include/rclcpp/rclcpp/executors.hpp:22\x1b[m\x1b[K,\n'}
[6.672200] (ydlidar_ros2_driver) StderrLine: {'line': b'                 from \x1b[01m\x1b[K/opt/ros/humble/include/rclcpp/rclcpp/rclcpp.hpp:155\x1b[m\x1b[K,\n'}
[6.672328] (ydlidar_ros2_driver) StderrLine: {'line': b'                 from \x1b[01m\x1b[K/home/geonmo/ydlidar_ws/src/ydlidar_ros2_driver/src/ydlidar_ros2_driver_node.cpp:23\x1b[m\x1b[K:\n'}
[6.672456] (ydlidar_ros2_driver) StderrLine: {'line': b'\x1b[01m\x1b[K/opt/ros/humble/include/rclcpp/rclcpp/node.hpp:366:3:\x1b[m\x1b[K \x1b[01;36m\x1b[Knote: \x1b[m\x1b[Kcandidate: \xe2\x80\x98\x1b[01m\x1b[Kconst rclcpp::ParameterValue& rclcpp::Node::declare_parameter(const string&, const rclcpp::ParameterValue&, const ParameterDescriptor&, bool)\x1b[m\x1b[K\xe2\x80\x99\n'}
[6.672594] (ydlidar_ros2_driver) StderrLine: {'line': b'  366 |   \x1b[01;36m\x1b[Kdeclare_parameter\x1b[m\x1b[K(\n'}
[6.672722] (ydlidar_ros2_driver) StderrLine: {'line': b'      |   \x1b[01;36m\x1b[K^~~~~~~~~~~~~~~~~\x1b[m\x1b[K\n'}
[6.672850] (ydlidar_ros2_driver) StderrLine: {'line': b'\x1b[01m\x1b[K/opt/ros/humble/include/rclcpp/rclcpp/node.hpp:366:3:\x1b[m\x1b[K \x1b[01;36m\x1b[Knote: \x1b[m\x1b[K  candidate expects 4 arguments, 1 provided\n'}
[6.672980] (ydlidar_ros2_driver) StderrLine: {'line': b'\x1b[01m\x1b[K/opt/ros/humble/include/rclcpp/rclcpp/node.hpp:391:3:\x1b[m\x1b[K \x1b[01;36m\x1b[Knote: \x1b[m\x1b[Kcandidate: \xe2\x80\x98\x1b[01m\x1b[Kconst rclcpp::ParameterValue& rclcpp::Node::declare_parameter(const string&, rclcpp::ParameterType, const ParameterDescriptor&, bool)\x1b[m\x1b[K\xe2\x80\x99\n'}
[6.673113] (ydlidar_ros2_driver) StderrLine: {'line': b'  391 |   \x1b[01;36m\x1b[Kdeclare_parameter\x1b[m\x1b[K(\n'}
[6.673239] (ydlidar_ros2_driver) StderrLine: {'line': b'      |   \x1b[01;36m\x1b[K^~~~~~~~~~~~~~~~~\x1b[m\x1b[K\n'}
[6.673391] (ydlidar_ros2_driver) StderrLine: {'line': b'\x1b[01m\x1b[K/opt/ros/humble/include/rclcpp/rclcpp/node.hpp:391:3:\x1b[m\x1b[K \x1b[01;36m\x1b[Knote: \x1b[m\x1b[K  candidate expects 4 arguments, 1 provided\n'}
[6.673536] (ydlidar_ros2_driver) StderrLine: {'line': b'\x1b[01m\x1b[K/home/geonmo/ydlidar_ws/src/ydlidar_ros2_driver/src/ydlidar_ros2_driver_node.cpp:129:26:\x1b[m\x1b[K \x1b[01;31m\x1b[Kerror: \x1b[m\x1b[Kno matching function for call to \xe2\x80\x98\x1b[01m\x1b[Krclcpp::Node::declare_parameter(const char [6])\x1b[m\x1b[K\xe2\x80\x99\n'}
[6.673698] (ydlidar_ros2_driver) StderrLine: {'line': b'  129 |   \x1b[01;31m\x1b[Knode->declare_parameter("debug")\x1b[m\x1b[K;\n'}
[6.673833] (ydlidar_ros2_driver) StderrLine: {'line': b'      |   \x1b[01;31m\x1b[K~~~~~~~~~~~~~~~~~~~~~~~^~~~~~~~~\x1b[m\x1b[K\n'}
[6.673964] (ydlidar_ros2_driver) StderrLine: {'line': b'In file included from \x1b[01m\x1b[K/opt/ros/humble/include/rclcpp/rclcpp/executors/single_threaded_executor.hpp:28\x1b[m\x1b[K,\n'}
[6.674095] (ydlidar_ros2_driver) StderrLine: {'line': b'                 from \x1b[01m\x1b[K/opt/ros/humble/include/rclcpp/rclcpp/executors.hpp:22\x1b[m\x1b[K,\n'}
[6.674223] (ydlidar_ros2_driver) StderrLine: {'line': b'                 from \x1b[01m\x1b[K/opt/ros/humble/include/rclcpp/rclcpp/rclcpp.hpp:155\x1b[m\x1b[K,\n'}
[6.674350] (ydlidar_ros2_driver) StderrLine: {'line': b'                 from \x1b[01m\x1b[K/home/geonmo/ydlidar_ws/src/ydlidar_ros2_driver/src/ydlidar_ros2_driver_node.cpp:23\x1b[m\x1b[K:\n'}
[6.674478] (ydlidar_ros2_driver) StderrLine: {'line': b'\x1b[01m\x1b[K/opt/ros/humble/include/rclcpp/rclcpp/node.hpp:421:3:\x1b[m\x1b[K \x1b[01;36m\x1b[Knote: \x1b[m\x1b[Kcandidate: \xe2\x80\x98\x1b[01m\x1b[Ktemplate<class ParameterT> auto rclcpp::Node::declare_parameter(const string&, const ParameterT&, const ParameterDescriptor&, bool)\x1b[m\x1b[K\xe2\x80\x99\n'}
[6.674609] (ydlidar_ros2_driver) StderrLine: {'line': b'  421 |   \x1b[01;36m\x1b[Kdeclare_parameter\x1b[m\x1b[K(\n'}
[6.674737] (ydlidar_ros2_driver) StderrLine: {'line': b'      |   \x1b[01;36m\x1b[K^~~~~~~~~~~~~~~~~\x1b[m\x1b[K\n'}
[6.674883] (ydlidar_ros2_driver) StderrLine: {'line': b'\x1b[01m\x1b[K/opt/ros/humble/include/rclcpp/rclcpp/node.hpp:421:3:\x1b[m\x1b[K \x1b[01;36m\x1b[Knote: \x1b[m\x1b[K  template argument deduction/substitution failed:\n'}
[6.675013] (ydlidar_ros2_driver) StderrLine: {'line': b'\x1b[01m\x1b[K/home/geonmo/ydlidar_ws/src/ydlidar_ros2_driver/src/ydlidar_ros2_driver_node.cpp:129:26:\x1b[m\x1b[K \x1b[01;36m\x1b[Knote: \x1b[m\x1b[K  candidate expects 4 arguments, 1 provided\n'}
[6.675145] (ydlidar_ros2_driver) StderrLine: {'line': b'  129 |   \x1b[01;36m\x1b[Knode->declare_parameter("debug")\x1b[m\x1b[K;\n'}
[6.675272] (ydlidar_ros2_driver) StderrLine: {'line': b'      |   \x1b[01;36m\x1b[K~~~~~~~~~~~~~~~~~~~~~~~^~~~~~~~~\x1b[m\x1b[K\n'}
[6.675400] (ydlidar_ros2_driver) StderrLine: {'line': b'In file included from \x1b[01m\x1b[K/opt/ros/humble/include/rclcpp/rclcpp/executors/single_threaded_executor.hpp:28\x1b[m\x1b[K,\n'}
[6.675675] (ydlidar_ros2_driver) StderrLine: {'line': b'                 from \x1b[01m\x1b[K/opt/ros/humble/include/rclcpp/rclcpp/executors.hpp:22\x1b[m\x1b[K,\n'}
[6.675838] (ydlidar_ros2_driver) StderrLine: {'line': b'                 from \x1b[01m\x1b[K/opt/ros/humble/include/rclcpp/rclcpp/rclcpp.hpp:155\x1b[m\x1b[K,\n'}
[6.675979] (ydlidar_ros2_driver) StderrLine: {'line': b'                 from \x1b[01m\x1b[K/home/geonmo/ydlidar_ws/src/ydlidar_ros2_driver/src/ydlidar_ros2_driver_node.cpp:23\x1b[m\x1b[K:\n'}
[6.676114] (ydlidar_ros2_driver) StderrLine: {'line': b'\x1b[01m\x1b[K/opt/ros/humble/include/rclcpp/rclcpp/node.hpp:434:3:\x1b[m\x1b[K \x1b[01;36m\x1b[Knote: \x1b[m\x1b[Kcandidate: \xe2\x80\x98\x1b[01m\x1b[Ktemplate<class ParameterT> auto rclcpp::Node::declare_parameter(const string&, const ParameterDescriptor&, bool)\x1b[m\x1b[K\xe2\x80\x99\n'}
[6.676249] (ydlidar_ros2_driver) StderrLine: {'line': b'  434 |   \x1b[01;36m\x1b[Kdeclare_parameter\x1b[m\x1b[K(\n'}
[6.676378] (ydlidar_ros2_driver) StderrLine: {'line': b'      |   \x1b[01;36m\x1b[K^~~~~~~~~~~~~~~~~\x1b[m\x1b[K\n'}
[6.676507] (ydlidar_ros2_driver) StderrLine: {'line': b'\x1b[01m\x1b[K/opt/ros/humble/include/rclcpp/rclcpp/node.hpp:434:3:\x1b[m\x1b[K \x1b[01;36m\x1b[Knote: \x1b[m\x1b[K  template argument deduction/substitution failed:\n'}
[6.676637] (ydlidar_ros2_driver) StderrLine: {'line': b'\x1b[01m\x1b[K/home/geonmo/ydlidar_ws/src/ydlidar_ros2_driver/src/ydlidar_ros2_driver_node.cpp:129:26:\x1b[m\x1b[K \x1b[01;36m\x1b[Knote: \x1b[m\x1b[K  couldn\xe2\x80\x99t deduce template parameter \xe2\x80\x98\x1b[01m\x1b[KParameterT\x1b[m\x1b[K\xe2\x80\x99\n'}
[6.676792] (ydlidar_ros2_driver) StderrLine: {'line': b'  129 |   \x1b[01;36m\x1b[Knode->declare_parameter("debug")\x1b[m\x1b[K;\n'}
[6.676925] (ydlidar_ros2_driver) StderrLine: {'line': b'      |   \x1b[01;36m\x1b[K~~~~~~~~~~~~~~~~~~~~~~~^~~~~~~~~\x1b[m\x1b[K\n'}
[6.677055] (ydlidar_ros2_driver) StderrLine: {'line': b'In file included from \x1b[01m\x1b[K/opt/ros/humble/include/rclcpp/rclcpp/executors/single_threaded_executor.hpp:28\x1b[m\x1b[K,\n'}
[6.677185] (ydlidar_ros2_driver) StderrLine: {'line': b'                 from \x1b[01m\x1b[K/opt/ros/humble/include/rclcpp/rclcpp/executors.hpp:22\x1b[m\x1b[K,\n'}
[6.677348] (ydlidar_ros2_driver) StderrLine: {'line': b'                 from \x1b[01m\x1b[K/opt/ros/humble/include/rclcpp/rclcpp/rclcpp.hpp:155\x1b[m\x1b[K,\n'}
[6.677489] (ydlidar_ros2_driver) StderrLine: {'line': b'                 from \x1b[01m\x1b[K/home/geonmo/ydlidar_ws/src/ydlidar_ros2_driver/src/ydlidar_ros2_driver_node.cpp:23\x1b[m\x1b[K:\n'}
[6.677621] (ydlidar_ros2_driver) StderrLine: {'line': b'\x1b[01m\x1b[K/opt/ros/humble/include/rclcpp/rclcpp/node.hpp:366:3:\x1b[m\x1b[K \x1b[01;36m\x1b[Knote: \x1b[m\x1b[Kcandidate: \xe2\x80\x98\x1b[01m\x1b[Kconst rclcpp::ParameterValue& rclcpp::Node::declare_parameter(const string&, const rclcpp::ParameterValue&, const ParameterDescriptor&, bool)\x1b[m\x1b[K\xe2\x80\x99\n'}
[6.677763] (ydlidar_ros2_driver) StderrLine: {'line': b'  366 |   \x1b[01;36m\x1b[Kdeclare_parameter\x1b[m\x1b[K(\n'}
[6.677915] (ydlidar_ros2_driver) StderrLine: {'line': b'      |   \x1b[01;36m\x1b[K^~~~~~~~~~~~~~~~~\x1b[m\x1b[K\n'}
[6.678047] (ydlidar_ros2_driver) StderrLine: {'line': b'\x1b[01m\x1b[K/opt/ros/humble/include/rclcpp/rclcpp/node.hpp:366:3:\x1b[m\x1b[K \x1b[01;36m\x1b[Knote: \x1b[m\x1b[K  candidate expects 4 arguments, 1 provided\n'}
[6.678179] (ydlidar_ros2_driver) StderrLine: {'line': b'\x1b[01m\x1b[K/opt/ros/humble/include/rclcpp/rclcpp/node.hpp:391:3:\x1b[m\x1b[K \x1b[01;36m\x1b[Knote: \x1b[m\x1b[Kcandidate: \xe2\x80\x98\x1b[01m\x1b[Kconst rclcpp::ParameterValue& rclcpp::Node::declare_parameter(const string&, rclcpp::ParameterType, const ParameterDescriptor&, bool)\x1b[m\x1b[K\xe2\x80\x99\n'}
[6.678313] (ydlidar_ros2_driver) StderrLine: {'line': b'  391 |   \x1b[01;36m\x1b[Kdeclare_parameter\x1b[m\x1b[K(\n'}
[6.678440] (ydlidar_ros2_driver) StderrLine: {'line': b'      |   \x1b[01;36m\x1b[K^~~~~~~~~~~~~~~~~\x1b[m\x1b[K\n'}
[6.678566] (ydlidar_ros2_driver) StderrLine: {'line': b'\x1b[01m\x1b[K/opt/ros/humble/include/rclcpp/rclcpp/node.hpp:391:3:\x1b[m\x1b[K \x1b[01;36m\x1b[Knote: \x1b[m\x1b[K  candidate expects 4 arguments, 1 provided\n'}
[6.678695] (ydlidar_ros2_driver) StderrLine: {'line': b'\x1b[01m\x1b[K/home/geonmo/ydlidar_ws/src/ydlidar_ros2_driver/src/ydlidar_ros2_driver_node.cpp:136:26:\x1b[m\x1b[K \x1b[01;31m\x1b[Kerror: \x1b[m\x1b[Kno matching function for call to \xe2\x80\x98\x1b[01m\x1b[Krclcpp::Node::declare_parameter(const char [10])\x1b[m\x1b[K\xe2\x80\x99\n'}
[6.678845] (ydlidar_ros2_driver) StderrLine: {'line': b'  136 |   \x1b[01;31m\x1b[Knode->declare_parameter("angle_max")\x1b[m\x1b[K;\n'}
[6.678976] (ydlidar_ros2_driver) StderrLine: {'line': b'      |   \x1b[01;31m\x1b[K~~~~~~~~~~~~~~~~~~~~~~~^~~~~~~~~~~~~\x1b[m\x1b[K\n'}
[6.679105] (ydlidar_ros2_driver) StderrLine: {'line': b'In file included from \x1b[01m\x1b[K/opt/ros/humble/include/rclcpp/rclcpp/executors/single_threaded_executor.hpp:28\x1b[m\x1b[K,\n'}
[6.679234] (ydlidar_ros2_driver) StderrLine: {'line': b'                 from \x1b[01m\x1b[K/opt/ros/humble/include/rclcpp/rclcpp/executors.hpp:22\x1b[m\x1b[K,\n'}
[6.679364] (ydlidar_ros2_driver) StderrLine: {'line': b'                 from \x1b[01m\x1b[K/opt/ros/humble/include/rclcpp/rclcpp/rclcpp.hpp:155\x1b[m\x1b[K,\n'}
[6.679492] (ydlidar_ros2_driver) StderrLine: {'line': b'                 from \x1b[01m\x1b[K/home/geonmo/ydlidar_ws/src/ydlidar_ros2_driver/src/ydlidar_ros2_driver_node.cpp:23\x1b[m\x1b[K:\n'}
[6.679621] (ydlidar_ros2_driver) StderrLine: {'line': b'\x1b[01m\x1b[K/opt/ros/humble/include/rclcpp/rclcpp/node.hpp:421:3:\x1b[m\x1b[K \x1b[01;36m\x1b[Knote: \x1b[m\x1b[Kcandidate: \xe2\x80\x98\x1b[01m\x1b[Ktemplate<class ParameterT> auto rclcpp::Node::declare_parameter(const string&, const ParameterT&, const ParameterDescriptor&, bool)\x1b[m\x1b[K\xe2\x80\x99\n'}
[6.679754] (ydlidar_ros2_driver) StderrLine: {'line': b'  421 |   \x1b[01;36m\x1b[Kdeclare_parameter\x1b[m\x1b[K(\n'}
[6.679882] (ydlidar_ros2_driver) StderrLine: {'line': b'      |   \x1b[01;36m\x1b[K^~~~~~~~~~~~~~~~~\x1b[m\x1b[K\n'}
[6.680013] (ydlidar_ros2_driver) StderrLine: {'line': b'\x1b[01m\x1b[K/opt/ros/humble/include/rclcpp/rclcpp/node.hpp:421:3:\x1b[m\x1b[K \x1b[01;36m\x1b[Knote: \x1b[m\x1b[K  template argument deduction/substitution failed:\n'}
[6.680143] (ydlidar_ros2_driver) StderrLine: {'line': b'\x1b[01m\x1b[K/home/geonmo/ydlidar_ws/src/ydlidar_ros2_driver/src/ydlidar_ros2_driver_node.cpp:136:26:\x1b[m\x1b[K \x1b[01;36m\x1b[Knote: \x1b[m\x1b[K  candidate expects 4 arguments, 1 provided\n'}
[6.680291] (ydlidar_ros2_driver) StderrLine: {'line': b'  136 |   \x1b[01;36m\x1b[Knode->declare_parameter("angle_max")\x1b[m\x1b[K;\n'}
[6.680422] (ydlidar_ros2_driver) StderrLine: {'line': b'      |   \x1b[01;36m\x1b[K~~~~~~~~~~~~~~~~~~~~~~~^~~~~~~~~~~~~\x1b[m\x1b[K\n'}
[6.680550] (ydlidar_ros2_driver) StderrLine: {'line': b'In file included from \x1b[01m\x1b[K/opt/ros/humble/include/rclcpp/rclcpp/executors/single_threaded_executor.hpp:28\x1b[m\x1b[K,\n'}
[6.680678] (ydlidar_ros2_driver) StderrLine: {'line': b'                 from \x1b[01m\x1b[K/opt/ros/humble/include/rclcpp/rclcpp/executors.hpp:22\x1b[m\x1b[K,\n'}
[6.680830] (ydlidar_ros2_driver) StderrLine: {'line': b'                 from \x1b[01m\x1b[K/opt/ros/humble/include/rclcpp/rclcpp/rclcpp.hpp:155\x1b[m\x1b[K,\n'}
[6.680960] (ydlidar_ros2_driver) StderrLine: {'line': b'                 from \x1b[01m\x1b[K/home/geonmo/ydlidar_ws/src/ydlidar_ros2_driver/src/ydlidar_ros2_driver_node.cpp:23\x1b[m\x1b[K:\n'}
[6.681087] (ydlidar_ros2_driver) StderrLine: {'line': b'\x1b[01m\x1b[K/opt/ros/humble/include/rclcpp/rclcpp/node.hpp:434:3:\x1b[m\x1b[K \x1b[01;36m\x1b[Knote: \x1b[m\x1b[Kcandidate: \xe2\x80\x98\x1b[01m\x1b[Ktemplate<class ParameterT> auto rclcpp::Node::declare_parameter(const string&, const ParameterDescriptor&, bool)\x1b[m\x1b[K\xe2\x80\x99\n'}
[6.681219] (ydlidar_ros2_driver) StderrLine: {'line': b'  434 |   \x1b[01;36m\x1b[Kdeclare_parameter\x1b[m\x1b[K(\n'}
[6.681405] (ydlidar_ros2_driver) StderrLine: {'line': b'      |   \x1b[01;36m\x1b[K^~~~~~~~~~~~~~~~~\x1b[m\x1b[K\n'}
[6.681542] (ydlidar_ros2_driver) StderrLine: {'line': b'\x1b[01m\x1b[K/opt/ros/humble/include/rclcpp/rclcpp/node.hpp:434:3:\x1b[m\x1b[K \x1b[01;36m\x1b[Knote: \x1b[m\x1b[K  template argument deduction/substitution failed:\n'}
[6.681675] (ydlidar_ros2_driver) StderrLine: {'line': b'\x1b[01m\x1b[K/home/geonmo/ydlidar_ws/src/ydlidar_ros2_driver/src/ydlidar_ros2_driver_node.cpp:136:26:\x1b[m\x1b[K \x1b[01;36m\x1b[Knote: \x1b[m\x1b[K  couldn\xe2\x80\x99t deduce template parameter \xe2\x80\x98\x1b[01m\x1b[KParameterT\x1b[m\x1b[K\xe2\x80\x99\n'}
[6.681828] (ydlidar_ros2_driver) StderrLine: {'line': b'  136 |   \x1b[01;36m\x1b[Knode->declare_parameter("angle_max")\x1b[m\x1b[K;\n'}
[6.681958] (ydlidar_ros2_driver) StderrLine: {'line': b'      |   \x1b[01;36m\x1b[K~~~~~~~~~~~~~~~~~~~~~~~^~~~~~~~~~~~~\x1b[m\x1b[K\n'}
[6.682089] (ydlidar_ros2_driver) StderrLine: {'line': b'In file included from \x1b[01m\x1b[K/opt/ros/humble/include/rclcpp/rclcpp/executors/single_threaded_executor.hpp:28\x1b[m\x1b[K,\n'}
[6.682219] (ydlidar_ros2_driver) StderrLine: {'line': b'                 from \x1b[01m\x1b[K/opt/ros/humble/include/rclcpp/rclcpp/executors.hpp:22\x1b[m\x1b[K,\n'}
[6.682348] (ydlidar_ros2_driver) StderrLine: {'line': b'                 from \x1b[01m\x1b[K/opt/ros/humble/include/rclcpp/rclcpp/rclcpp.hpp:155\x1b[m\x1b[K,\n'}
[6.682477] (ydlidar_ros2_driver) StderrLine: {'line': b'                 from \x1b[01m\x1b[K/home/geonmo/ydlidar_ws/src/ydlidar_ros2_driver/src/ydlidar_ros2_driver_node.cpp:23\x1b[m\x1b[K:\n'}
[6.682607] (ydlidar_ros2_driver) StderrLine: {'line': b'\x1b[01m\x1b[K/opt/ros/humble/include/rclcpp/rclcpp/node.hpp:366:3:\x1b[m\x1b[K \x1b[01;36m\x1b[Knote: \x1b[m\x1b[Kcandidate: \xe2\x80\x98\x1b[01m\x1b[Kconst rclcpp::ParameterValue& rclcpp::Node::declare_parameter(const string&, const rclcpp::ParameterValue&, const ParameterDescriptor&, bool)\x1b[m\x1b[K\xe2\x80\x99\n'}
[6.682747] (ydlidar_ros2_driver) StderrLine: {'line': b'  366 |   \x1b[01;36m\x1b[Kdeclare_parameter\x1b[m\x1b[K(\n'}
[6.682877] (ydlidar_ros2_driver) StderrLine: {'line': b'      |   \x1b[01;36m\x1b[K^~~~~~~~~~~~~~~~~\x1b[m\x1b[K\n'}
[6.683005] (ydlidar_ros2_driver) StderrLine: {'line': b'\x1b[01m\x1b[K/opt/ros/humble/include/rclcpp/rclcpp/node.hpp:366:3:\x1b[m\x1b[K \x1b[01;36m\x1b[Knote: \x1b[m\x1b[K  candidate expects 4 arguments, 1 provided\n'}
[6.683136] (ydlidar_ros2_driver) StderrLine: {'line': b'\x1b[01m\x1b[K/opt/ros/humble/include/rclcpp/rclcpp/node.hpp:391:3:\x1b[m\x1b[K \x1b[01;36m\x1b[Knote: \x1b[m\x1b[Kcandidate: \xe2\x80\x98\x1b[01m\x1b[Kconst rclcpp::ParameterValue& rclcpp::Node::declare_parameter(const string&, rclcpp::ParameterType, const ParameterDescriptor&, bool)\x1b[m\x1b[K\xe2\x80\x99\n'}
[6.683270] (ydlidar_ros2_driver) StderrLine: {'line': b'  391 |   \x1b[01;36m\x1b[Kdeclare_parameter\x1b[m\x1b[K(\n'}
[6.683398] (ydlidar_ros2_driver) StderrLine: {'line': b'      |   \x1b[01;36m\x1b[K^~~~~~~~~~~~~~~~~\x1b[m\x1b[K\n'}
[6.683526] (ydlidar_ros2_driver) StderrLine: {'line': b'\x1b[01m\x1b[K/opt/ros/humble/include/rclcpp/rclcpp/node.hpp:391:3:\x1b[m\x1b[K \x1b[01;36m\x1b[Knote: \x1b[m\x1b[K  candidate expects 4 arguments, 1 provided\n'}
[6.683690] (ydlidar_ros2_driver) StderrLine: {'line': b'\x1b[01m\x1b[K/home/geonmo/ydlidar_ws/src/ydlidar_ros2_driver/src/ydlidar_ros2_driver_node.cpp:140:26:\x1b[m\x1b[K \x1b[01;31m\x1b[Kerror: \x1b[m\x1b[Kno matching function for call to \xe2\x80\x98\x1b[01m\x1b[Krclcpp::Node::declare_parameter(const char [10])\x1b[m\x1b[K\xe2\x80\x99\n'}
[6.683824] (ydlidar_ros2_driver) StderrLine: {'line': b'  140 |   \x1b[01;31m\x1b[Knode->declare_parameter("angle_min")\x1b[m\x1b[K;\n'}
[6.683954] (ydlidar_ros2_driver) StderrLine: {'line': b'      |   \x1b[01;31m\x1b[K~~~~~~~~~~~~~~~~~~~~~~~^~~~~~~~~~~~~\x1b[m\x1b[K\n'}
[6.684083] (ydlidar_ros2_driver) StderrLine: {'line': b'In file included from \x1b[01m\x1b[K/opt/ros/humble/include/rclcpp/rclcpp/executors/single_threaded_executor.hpp:28\x1b[m\x1b[K,\n'}
[6.684213] (ydlidar_ros2_driver) StderrLine: {'line': b'                 from \x1b[01m\x1b[K/opt/ros/humble/include/rclcpp/rclcpp/executors.hpp:22\x1b[m\x1b[K,\n'}
[6.684342] (ydlidar_ros2_driver) StderrLine: {'line': b'                 from \x1b[01m\x1b[K/opt/ros/humble/include/rclcpp/rclcpp/rclcpp.hpp:155\x1b[m\x1b[K,\n'}
[6.684472] (ydlidar_ros2_driver) StderrLine: {'line': b'                 from \x1b[01m\x1b[K/home/geonmo/ydlidar_ws/src/ydlidar_ros2_driver/src/ydlidar_ros2_driver_node.cpp:23\x1b[m\x1b[K:\n'}
[6.684601] (ydlidar_ros2_driver) StderrLine: {'line': b'\x1b[01m\x1b[K/opt/ros/humble/include/rclcpp/rclcpp/node.hpp:421:3:\x1b[m\x1b[K \x1b[01;36m\x1b[Knote: \x1b[m\x1b[Kcandidate: \xe2\x80\x98\x1b[01m\x1b[Ktemplate<class ParameterT> auto rclcpp::Node::declare_parameter(const string&, const ParameterT&, const ParameterDescriptor&, bool)\x1b[m\x1b[K\xe2\x80\x99\n'}
[6.684733] (ydlidar_ros2_driver) StderrLine: {'line': b'  421 |   \x1b[01;36m\x1b[Kdeclare_parameter\x1b[m\x1b[K(\n'}
[6.684878] (ydlidar_ros2_driver) StderrLine: {'line': b'      |   \x1b[01;36m\x1b[K^~~~~~~~~~~~~~~~~\x1b[m\x1b[K\n'}
[6.685009] (ydlidar_ros2_driver) StderrLine: {'line': b'\x1b[01m\x1b[K/opt/ros/humble/include/rclcpp/rclcpp/node.hpp:421:3:\x1b[m\x1b[K \x1b[01;36m\x1b[Knote: \x1b[m\x1b[K  template argument deduction/substitution failed:\n'}
[6.685139] (ydlidar_ros2_driver) StderrLine: {'line': b'\x1b[01m\x1b[K/home/geonmo/ydlidar_ws/src/ydlidar_ros2_driver/src/ydlidar_ros2_driver_node.cpp:140:26:\x1b[m\x1b[K \x1b[01;36m\x1b[Knote: \x1b[m\x1b[K  candidate expects 4 arguments, 1 provided\n'}
[6.685269] (ydlidar_ros2_driver) StderrLine: {'line': b'  140 |   \x1b[01;36m\x1b[Knode->declare_parameter("angle_min")\x1b[m\x1b[K;\n'}
[6.685426] (ydlidar_ros2_driver) StderrLine: {'line': b'      |   \x1b[01;36m\x1b[K~~~~~~~~~~~~~~~~~~~~~~~^~~~~~~~~~~~~\x1b[m\x1b[K\n'}
[6.685557] (ydlidar_ros2_driver) StderrLine: {'line': b'In file included from \x1b[01m\x1b[K/opt/ros/humble/include/rclcpp/rclcpp/executors/single_threaded_executor.hpp:28\x1b[m\x1b[K,\n'}
[6.685688] (ydlidar_ros2_driver) StderrLine: {'line': b'                 from \x1b[01m\x1b[K/opt/ros/humble/include/rclcpp/rclcpp/executors.hpp:22\x1b[m\x1b[K,\n'}
[6.685818] (ydlidar_ros2_driver) StderrLine: {'line': b'                 from \x1b[01m\x1b[K/opt/ros/humble/include/rclcpp/rclcpp/rclcpp.hpp:155\x1b[m\x1b[K,\n'}
[6.685945] (ydlidar_ros2_driver) StderrLine: {'line': b'                 from \x1b[01m\x1b[K/home/geonmo/ydlidar_ws/src/ydlidar_ros2_driver/src/ydlidar_ros2_driver_node.cpp:23\x1b[m\x1b[K:\n'}
[6.686069] (ydlidar_ros2_driver) StderrLine: {'line': b'\x1b[01m\x1b[K/opt/ros/humble/include/rclcpp/rclcpp/node.hpp:434:3:\x1b[m\x1b[K \x1b[01;36m\x1b[Knote: \x1b[m\x1b[Kcandidate: \xe2\x80\x98\x1b[01m\x1b[Ktemplate<class ParameterT> auto rclcpp::Node::declare_parameter(const string&, const ParameterDescriptor&, bool)\x1b[m\x1b[K\xe2\x80\x99\n'}
[6.686202] (ydlidar_ros2_driver) StderrLine: {'line': b'  434 |   \x1b[01;36m\x1b[Kdeclare_parameter\x1b[m\x1b[K(\n'}
[6.686329] (ydlidar_ros2_driver) StderrLine: {'line': b'      |   \x1b[01;36m\x1b[K^~~~~~~~~~~~~~~~~\x1b[m\x1b[K\n'}
[6.686477] (ydlidar_ros2_driver) StderrLine: {'line': b'\x1b[01m\x1b[K/opt/ros/humble/include/rclcpp/rclcpp/node.hpp:434:3:\x1b[m\x1b[K \x1b[01;36m\x1b[Knote: \x1b[m\x1b[K  template argument deduction/substitution failed:\n'}
[6.686625] (ydlidar_ros2_driver) StderrLine: {'line': b'\x1b[01m\x1b[K/home/geonmo/ydlidar_ws/src/ydlidar_ros2_driver/src/ydlidar_ros2_driver_node.cpp:140:26:\x1b[m\x1b[K \x1b[01;36m\x1b[Knote: \x1b[m\x1b[K  couldn\xe2\x80\x99t deduce template parameter \xe2\x80\x98\x1b[01m\x1b[KParameterT\x1b[m\x1b[K\xe2\x80\x99\n'}
[6.686760] (ydlidar_ros2_driver) StderrLine: {'line': b'  140 |   \x1b[01;36m\x1b[Knode->declare_parameter("angle_min")\x1b[m\x1b[K;\n'}
[6.686888] (ydlidar_ros2_driver) StderrLine: {'line': b'      |   \x1b[01;36m\x1b[K~~~~~~~~~~~~~~~~~~~~~~~^~~~~~~~~~~~~\x1b[m\x1b[K\n'}
[6.687014] (ydlidar_ros2_driver) StderrLine: {'line': b'In file included from \x1b[01m\x1b[K/opt/ros/humble/include/rclcpp/rclcpp/executors/single_threaded_executor.hpp:28\x1b[m\x1b[K,\n'}
[6.687142] (ydlidar_ros2_driver) StderrLine: {'line': b'                 from \x1b[01m\x1b[K/opt/ros/humble/include/rclcpp/rclcpp/executors.hpp:22\x1b[m\x1b[K,\n'}
[6.687267] (ydlidar_ros2_driver) StderrLine: {'line': b'                 from \x1b[01m\x1b[K/opt/ros/humble/include/rclcpp/rclcpp/rclcpp.hpp:155\x1b[m\x1b[K,\n'}
[6.687395] (ydlidar_ros2_driver) StderrLine: {'line': b'                 from \x1b[01m\x1b[K/home/geonmo/ydlidar_ws/src/ydlidar_ros2_driver/src/ydlidar_ros2_driver_node.cpp:23\x1b[m\x1b[K:\n'}
[6.687524] (ydlidar_ros2_driver) StderrLine: {'line': b'\x1b[01m\x1b[K/opt/ros/humble/include/rclcpp/rclcpp/node.hpp:366:3:\x1b[m\x1b[K \x1b[01;36m\x1b[Knote: \x1b[m\x1b[Kcandidate: \xe2\x80\x98\x1b[01m\x1b[Kconst rclcpp::ParameterValue& rclcpp::Node::declare_parameter(const string&, const rclcpp::ParameterValue&, const ParameterDescriptor&, bool)\x1b[m\x1b[K\xe2\x80\x99\n'}
[6.687661] (ydlidar_ros2_driver) StderrLine: {'line': b'  366 |   \x1b[01;36m\x1b[Kdeclare_parameter\x1b[m\x1b[K(\n'}
[6.687789] (ydlidar_ros2_driver) StderrLine: {'line': b'      |   \x1b[01;36m\x1b[K^~~~~~~~~~~~~~~~~\x1b[m\x1b[K\n'}
[6.687916] (ydlidar_ros2_driver) StderrLine: {'line': b'\x1b[01m\x1b[K/opt/ros/humble/include/rclcpp/rclcpp/node.hpp:366:3:\x1b[m\x1b[K \x1b[01;36m\x1b[Knote: \x1b[m\x1b[K  candidate expects 4 arguments, 1 provided\n'}
[6.688047] (ydlidar_ros2_driver) StderrLine: {'line': b'\x1b[01m\x1b[K/opt/ros/humble/include/rclcpp/rclcpp/node.hpp:391:3:\x1b[m\x1b[K \x1b[01;36m\x1b[Knote: \x1b[m\x1b[Kcandidate: \xe2\x80\x98\x1b[01m\x1b[Kconst rclcpp::ParameterValue& rclcpp::Node::declare_parameter(const string&, rclcpp::ParameterType, const ParameterDescriptor&, bool)\x1b[m\x1b[K\xe2\x80\x99\n'}
[6.688179] (ydlidar_ros2_driver) StderrLine: {'line': b'  391 |   \x1b[01;36m\x1b[Kdeclare_parameter\x1b[m\x1b[K(\n'}
[6.688306] (ydlidar_ros2_driver) StderrLine: {'line': b'      |   \x1b[01;36m\x1b[K^~~~~~~~~~~~~~~~~\x1b[m\x1b[K\n'}
[6.688434] (ydlidar_ros2_driver) StderrLine: {'line': b'\x1b[01m\x1b[K/opt/ros/humble/include/rclcpp/rclcpp/node.hpp:391:3:\x1b[m\x1b[K \x1b[01;36m\x1b[Knote: \x1b[m\x1b[K  candidate expects 4 arguments, 1 provided\n'}
[6.688582] (ydlidar_ros2_driver) StderrLine: {'line': b'\x1b[01m\x1b[K/home/geonmo/ydlidar_ws/src/ydlidar_ros2_driver/src/ydlidar_ros2_driver_node.cpp:145:26:\x1b[m\x1b[K \x1b[01;31m\x1b[Kerror: \x1b[m\x1b[Kno matching function for call to \xe2\x80\x98\x1b[01m\x1b[Krclcpp::Node::declare_parameter(const char [10])\x1b[m\x1b[K\xe2\x80\x99\n'}
[6.688718] (ydlidar_ros2_driver) StderrLine: {'line': b'  145 |   \x1b[01;31m\x1b[Knode->declare_parameter("range_max")\x1b[m\x1b[K;\n'}
[6.688847] (ydlidar_ros2_driver) StderrLine: {'line': b'      |   \x1b[01;31m\x1b[K~~~~~~~~~~~~~~~~~~~~~~~^~~~~~~~~~~~~\x1b[m\x1b[K\n'}
[6.688973] (ydlidar_ros2_driver) StderrLine: {'line': b'In file included from \x1b[01m\x1b[K/opt/ros/humble/include/rclcpp/rclcpp/executors/single_threaded_executor.hpp:28\x1b[m\x1b[K,\n'}
[6.689100] (ydlidar_ros2_driver) StderrLine: {'line': b'                 from \x1b[01m\x1b[K/opt/ros/humble/include/rclcpp/rclcpp/executors.hpp:22\x1b[m\x1b[K,\n'}
[6.689247] (ydlidar_ros2_driver) StderrLine: {'line': b'                 from \x1b[01m\x1b[K/opt/ros/humble/include/rclcpp/rclcpp/rclcpp.hpp:155\x1b[m\x1b[K,\n'}
[6.689514] (ydlidar_ros2_driver) StderrLine: {'line': b'                 from \x1b[01m\x1b[K/home/geonmo/ydlidar_ws/src/ydlidar_ros2_driver/src/ydlidar_ros2_driver_node.cpp:23\x1b[m\x1b[K:\n'}
[6.689704] (ydlidar_ros2_driver) StderrLine: {'line': b'\x1b[01m\x1b[K/opt/ros/humble/include/rclcpp/rclcpp/node.hpp:421:3:\x1b[m\x1b[K \x1b[01;36m\x1b[Knote: \x1b[m\x1b[Kcandidate: \xe2\x80\x98\x1b[01m\x1b[Ktemplate<class ParameterT> auto rclcpp::Node::declare_parameter(const string&, const ParameterT&, const ParameterDescriptor&, bool)\x1b[m\x1b[K\xe2\x80\x99\n'}
[6.689908] (ydlidar_ros2_driver) StderrLine: {'line': b'  421 |   \x1b[01;36m\x1b[Kdeclare_parameter\x1b[m\x1b[K(\n'}
[6.690087] (ydlidar_ros2_driver) StderrLine: {'line': b'      |   \x1b[01;36m\x1b[K^~~~~~~~~~~~~~~~~\x1b[m\x1b[K\n'}
[6.690266] (ydlidar_ros2_driver) StderrLine: {'line': b'\x1b[01m\x1b[K/opt/ros/humble/include/rclcpp/rclcpp/node.hpp:421:3:\x1b[m\x1b[K \x1b[01;36m\x1b[Knote: \x1b[m\x1b[K  template argument deduction/substitution failed:\n'}
[6.690446] (ydlidar_ros2_driver) StderrLine: {'line': b'\x1b[01m\x1b[K/home/geonmo/ydlidar_ws/src/ydlidar_ros2_driver/src/ydlidar_ros2_driver_node.cpp:145:26:\x1b[m\x1b[K \x1b[01;36m\x1b[Knote: \x1b[m\x1b[K  candidate expects 4 arguments, 1 provided\n'}
[6.690626] (ydlidar_ros2_driver) StderrLine: {'line': b'  145 |   \x1b[01;36m\x1b[Knode->declare_parameter("range_max")\x1b[m\x1b[K;\n'}
[6.690776] (ydlidar_ros2_driver) StderrLine: {'line': b'      |   \x1b[01;36m\x1b[K~~~~~~~~~~~~~~~~~~~~~~~^~~~~~~~~~~~~\x1b[m\x1b[K\n'}
[6.690910] (ydlidar_ros2_driver) StderrLine: {'line': b'In file included from \x1b[01m\x1b[K/opt/ros/humble/include/rclcpp/rclcpp/executors/single_threaded_executor.hpp:28\x1b[m\x1b[K,\n'}
[6.691042] (ydlidar_ros2_driver) StderrLine: {'line': b'                 from \x1b[01m\x1b[K/opt/ros/humble/include/rclcpp/rclcpp/executors.hpp:22\x1b[m\x1b[K,\n'}
[6.691173] (ydlidar_ros2_driver) StderrLine: {'line': b'                 from \x1b[01m\x1b[K/opt/ros/humble/include/rclcpp/rclcpp/rclcpp.hpp:155\x1b[m\x1b[K,\n'}
[6.691302] (ydlidar_ros2_driver) StderrLine: {'line': b'                 from \x1b[01m\x1b[K/home/geonmo/ydlidar_ws/src/ydlidar_ros2_driver/src/ydlidar_ros2_driver_node.cpp:23\x1b[m\x1b[K:\n'}
[6.691431] (ydlidar_ros2_driver) StderrLine: {'line': b'\x1b[01m\x1b[K/opt/ros/humble/include/rclcpp/rclcpp/node.hpp:434:3:\x1b[m\x1b[K \x1b[01;36m\x1b[Knote: \x1b[m\x1b[Kcandidate: \xe2\x80\x98\x1b[01m\x1b[Ktemplate<class ParameterT> auto rclcpp::Node::declare_parameter(const string&, const ParameterDescriptor&, bool)\x1b[m\x1b[K\xe2\x80\x99\n'}
[6.691563] (ydlidar_ros2_driver) StderrLine: {'line': b'  434 |   \x1b[01;36m\x1b[Kdeclare_parameter\x1b[m\x1b[K(\n'}
[6.691690] (ydlidar_ros2_driver) StderrLine: {'line': b'      |   \x1b[01;36m\x1b[K^~~~~~~~~~~~~~~~~\x1b[m\x1b[K\n'}
[6.691818] (ydlidar_ros2_driver) StderrLine: {'line': b'\x1b[01m\x1b[K/opt/ros/humble/include/rclcpp/rclcpp/node.hpp:434:3:\x1b[m\x1b[K \x1b[01;36m\x1b[Knote: \x1b[m\x1b[K  template argument deduction/substitution failed:\n'}
[6.691968] (ydlidar_ros2_driver) StderrLine: {'line': b'\x1b[01m\x1b[K/home/geonmo/ydlidar_ws/src/ydlidar_ros2_driver/src/ydlidar_ros2_driver_node.cpp:145:26:\x1b[m\x1b[K \x1b[01;36m\x1b[Knote: \x1b[m\x1b[K  couldn\xe2\x80\x99t deduce template parameter \xe2\x80\x98\x1b[01m\x1b[KParameterT\x1b[m\x1b[K\xe2\x80\x99\n'}
[6.692104] (ydlidar_ros2_driver) StderrLine: {'line': b'  145 |   \x1b[01;36m\x1b[Knode->declare_parameter("range_max")\x1b[m\x1b[K;\n'}
[6.692234] (ydlidar_ros2_driver) StderrLine: {'line': b'      |   \x1b[01;36m\x1b[K~~~~~~~~~~~~~~~~~~~~~~~^~~~~~~~~~~~~\x1b[m\x1b[K\n'}
[6.692365] (ydlidar_ros2_driver) StderrLine: {'line': b'In file included from \x1b[01m\x1b[K/opt/ros/humble/include/rclcpp/rclcpp/executors/single_threaded_executor.hpp:28\x1b[m\x1b[K,\n'}
[6.692512] (ydlidar_ros2_driver) StderrLine: {'line': b'                 from \x1b[01m\x1b[K/opt/ros/humble/include/rclcpp/rclcpp/executors.hpp:22\x1b[m\x1b[K,\n'}
[6.692642] (ydlidar_ros2_driver) StderrLine: {'line': b'                 from \x1b[01m\x1b[K/opt/ros/humble/include/rclcpp/rclcpp/rclcpp.hpp:155\x1b[m\x1b[K,\n'}
[6.692771] (ydlidar_ros2_driver) StderrLine: {'line': b'                 from \x1b[01m\x1b[K/home/geonmo/ydlidar_ws/src/ydlidar_ros2_driver/src/ydlidar_ros2_driver_node.cpp:23\x1b[m\x1b[K:\n'}
[6.692900] (ydlidar_ros2_driver) StderrLine: {'line': b'\x1b[01m\x1b[K/opt/ros/humble/include/rclcpp/rclcpp/node.hpp:366:3:\x1b[m\x1b[K \x1b[01;36m\x1b[Knote: \x1b[m\x1b[Kcandidate: \xe2\x80\x98\x1b[01m\x1b[Kconst rclcpp::ParameterValue& rclcpp::Node::declare_parameter(const string&, const rclcpp::ParameterValue&, const ParameterDescriptor&, bool)\x1b[m\x1b[K\xe2\x80\x99\n'}
[6.693038] (ydlidar_ros2_driver) StderrLine: {'line': b'  366 |   \x1b[01;36m\x1b[Kdeclare_parameter\x1b[m\x1b[K(\n'}
[6.693166] (ydlidar_ros2_driver) StderrLine: {'line': b'      |   \x1b[01;36m\x1b[K^~~~~~~~~~~~~~~~~\x1b[m\x1b[K\n'}
[6.693307] (ydlidar_ros2_driver) StderrLine: {'line': b'\x1b[01m\x1b[K/opt/ros/humble/include/rclcpp/rclcpp/node.hpp:366:3:\x1b[m\x1b[K \x1b[01;36m\x1b[Knote: \x1b[m\x1b[K  candidate expects 4 arguments, 1 provided\n'}
[6.693445] (ydlidar_ros2_driver) StderrLine: {'line': b'\x1b[01m\x1b[K/opt/ros/humble/include/rclcpp/rclcpp/node.hpp:391:3:\x1b[m\x1b[K \x1b[01;36m\x1b[Knote: \x1b[m\x1b[Kcandidate: \xe2\x80\x98\x1b[01m\x1b[Kconst rclcpp::ParameterValue& rclcpp::Node::declare_parameter(const string&, rclcpp::ParameterType, const ParameterDescriptor&, bool)\x1b[m\x1b[K\xe2\x80\x99\n'}
[6.693578] (ydlidar_ros2_driver) StderrLine: {'line': b'  391 |   \x1b[01;36m\x1b[Kdeclare_parameter\x1b[m\x1b[K(\n'}
[6.693725] (ydlidar_ros2_driver) StderrLine: {'line': b'      |   \x1b[01;36m\x1b[K^~~~~~~~~~~~~~~~~\x1b[m\x1b[K\n'}
[6.693853] (ydlidar_ros2_driver) StderrLine: {'line': b'\x1b[01m\x1b[K/opt/ros/humble/include/rclcpp/rclcpp/node.hpp:391:3:\x1b[m\x1b[K \x1b[01;36m\x1b[Knote: \x1b[m\x1b[K  candidate expects 4 arguments, 1 provided\n'}
[6.693981] (ydlidar_ros2_driver) StderrLine: {'line': b'\x1b[01m\x1b[K/home/geonmo/ydlidar_ws/src/ydlidar_ros2_driver/src/ydlidar_ros2_driver_node.cpp:149:26:\x1b[m\x1b[K \x1b[01;31m\x1b[Kerror: \x1b[m\x1b[Kno matching function for call to \xe2\x80\x98\x1b[01m\x1b[Krclcpp::Node::declare_parameter(const char [10])\x1b[m\x1b[K\xe2\x80\x99\n'}
[6.694112] (ydlidar_ros2_driver) StderrLine: {'line': b'  149 |   \x1b[01;31m\x1b[Knode->declare_parameter("range_min")\x1b[m\x1b[K;\n'}
[6.694255] (ydlidar_ros2_driver) StderrLine: {'line': b'      |   \x1b[01;31m\x1b[K~~~~~~~~~~~~~~~~~~~~~~~^~~~~~~~~~~~~\x1b[m\x1b[K\n'}
[6.694391] (ydlidar_ros2_driver) StderrLine: {'line': b'In file included from \x1b[01m\x1b[K/opt/ros/humble/include/rclcpp/rclcpp/executors/single_threaded_executor.hpp:28\x1b[m\x1b[K,\n'}
[6.694521] (ydlidar_ros2_driver) StderrLine: {'line': b'                 from \x1b[01m\x1b[K/opt/ros/humble/include/rclcpp/rclcpp/executors.hpp:22\x1b[m\x1b[K,\n'}
[6.694649] (ydlidar_ros2_driver) StderrLine: {'line': b'                 from \x1b[01m\x1b[K/opt/ros/humble/include/rclcpp/rclcpp/rclcpp.hpp:155\x1b[m\x1b[K,\n'}
[6.694778] (ydlidar_ros2_driver) StderrLine: {'line': b'                 from \x1b[01m\x1b[K/home/geonmo/ydlidar_ws/src/ydlidar_ros2_driver/src/ydlidar_ros2_driver_node.cpp:23\x1b[m\x1b[K:\n'}
[6.694907] (ydlidar_ros2_driver) StderrLine: {'line': b'\x1b[01m\x1b[K/opt/ros/humble/include/rclcpp/rclcpp/node.hpp:421:3:\x1b[m\x1b[K \x1b[01;36m\x1b[Knote: \x1b[m\x1b[Kcandidate: \xe2\x80\x98\x1b[01m\x1b[Ktemplate<class ParameterT> auto rclcpp::Node::declare_parameter(const string&, const ParameterT&, const ParameterDescriptor&, bool)\x1b[m\x1b[K\xe2\x80\x99\n'}
[6.695039] (ydlidar_ros2_driver) StderrLine: {'line': b'  421 |   \x1b[01;36m\x1b[Kdeclare_parameter\x1b[m\x1b[K(\n'}
[6.695166] (ydlidar_ros2_driver) StderrLine: {'line': b'      |   \x1b[01;36m\x1b[K^~~~~~~~~~~~~~~~~\x1b[m\x1b[K\n'}
[6.695310] (ydlidar_ros2_driver) StderrLine: {'line': b'\x1b[01m\x1b[K/opt/ros/humble/include/rclcpp/rclcpp/node.hpp:421:3:\x1b[m\x1b[K \x1b[01;36m\x1b[Knote: \x1b[m\x1b[K  template argument deduction/substitution failed:\n'}
[6.695441] (ydlidar_ros2_driver) StderrLine: {'line': b'\x1b[01m\x1b[K/home/geonmo/ydlidar_ws/src/ydlidar_ros2_driver/src/ydlidar_ros2_driver_node.cpp:149:26:\x1b[m\x1b[K \x1b[01;36m\x1b[Knote: \x1b[m\x1b[K  candidate expects 4 arguments, 1 provided\n'}
[6.695570] (ydlidar_ros2_driver) StderrLine: {'line': b'  149 |   \x1b[01;36m\x1b[Knode->declare_parameter("range_min")\x1b[m\x1b[K;\n'}
[6.695696] (ydlidar_ros2_driver) StderrLine: {'line': b'      |   \x1b[01;36m\x1b[K~~~~~~~~~~~~~~~~~~~~~~~^~~~~~~~~~~~~\x1b[m\x1b[K\n'}
[6.695824] (ydlidar_ros2_driver) StderrLine: {'line': b'In file included from \x1b[01m\x1b[K/opt/ros/humble/include/rclcpp/rclcpp/executors/single_threaded_executor.hpp:28\x1b[m\x1b[K,\n'}
[6.695952] (ydlidar_ros2_driver) StderrLine: {'line': b'                 from \x1b[01m\x1b[K/opt/ros/humble/include/rclcpp/rclcpp/executors.hpp:22\x1b[m\x1b[K,\n'}
[6.696079] (ydlidar_ros2_driver) StderrLine: {'line': b'                 from \x1b[01m\x1b[K/opt/ros/humble/include/rclcpp/rclcpp/rclcpp.hpp:155\x1b[m\x1b[K,\n'}
[6.696207] (ydlidar_ros2_driver) StderrLine: {'line': b'                 from \x1b[01m\x1b[K/home/geonmo/ydlidar_ws/src/ydlidar_ros2_driver/src/ydlidar_ros2_driver_node.cpp:23\x1b[m\x1b[K:\n'}
[6.696336] (ydlidar_ros2_driver) StderrLine: {'line': b'\x1b[01m\x1b[K/opt/ros/humble/include/rclcpp/rclcpp/node.hpp:434:3:\x1b[m\x1b[K \x1b[01;36m\x1b[Knote: \x1b[m\x1b[Kcandidate: \xe2\x80\x98\x1b[01m\x1b[Ktemplate<class ParameterT> auto rclcpp::Node::declare_parameter(const string&, const ParameterDescriptor&, bool)\x1b[m\x1b[K\xe2\x80\x99\n'}
[6.696467] (ydlidar_ros2_driver) StderrLine: {'line': b'  434 |   \x1b[01;36m\x1b[Kdeclare_parameter\x1b[m\x1b[K(\n'}
[6.696593] (ydlidar_ros2_driver) StderrLine: {'line': b'      |   \x1b[01;36m\x1b[K^~~~~~~~~~~~~~~~~\x1b[m\x1b[K\n'}
[6.696745] (ydlidar_ros2_driver) StderrLine: {'line': b'\x1b[01m\x1b[K/opt/ros/humble/include/rclcpp/rclcpp/node.hpp:434:3:\x1b[m\x1b[K \x1b[01;36m\x1b[Knote: \x1b[m\x1b[K  template argument deduction/substitution failed:\n'}
[6.696875] (ydlidar_ros2_driver) StderrLine: {'line': b'\x1b[01m\x1b[K/home/geonmo/ydlidar_ws/src/ydlidar_ros2_driver/src/ydlidar_ros2_driver_node.cpp:149:26:\x1b[m\x1b[K \x1b[01;36m\x1b[Knote: \x1b[m\x1b[K  couldn\xe2\x80\x99t deduce template parameter \xe2\x80\x98\x1b[01m\x1b[KParameterT\x1b[m\x1b[K\xe2\x80\x99\n'}
[6.697008] (ydlidar_ros2_driver) StderrLine: {'line': b'  149 |   \x1b[01;36m\x1b[Knode->declare_parameter("range_min")\x1b[m\x1b[K;\n'}
[6.697136] (ydlidar_ros2_driver) StderrLine: {'line': b'      |   \x1b[01;36m\x1b[K~~~~~~~~~~~~~~~~~~~~~~~^~~~~~~~~~~~~\x1b[m\x1b[K\n'}
[6.697262] (ydlidar_ros2_driver) StderrLine: {'line': b'In file included from \x1b[01m\x1b[K/opt/ros/humble/include/rclcpp/rclcpp/executors/single_threaded_executor.hpp:28\x1b[m\x1b[K,\n'}
[6.697419] (ydlidar_ros2_driver) StderrLine: {'line': b'                 from \x1b[01m\x1b[K/opt/ros/humble/include/rclcpp/rclcpp/executors.hpp:22\x1b[m\x1b[K,\n'}
[6.697552] (ydlidar_ros2_driver) StderrLine: {'line': b'                 from \x1b[01m\x1b[K/opt/ros/humble/include/rclcpp/rclcpp/rclcpp.hpp:155\x1b[m\x1b[K,\n'}
[6.697680] (ydlidar_ros2_driver) StderrLine: {'line': b'                 from \x1b[01m\x1b[K/home/geonmo/ydlidar_ws/src/ydlidar_ros2_driver/src/ydlidar_ros2_driver_node.cpp:23\x1b[m\x1b[K:\n'}
[6.697810] (ydlidar_ros2_driver) StderrLine: {'line': b'\x1b[01m\x1b[K/opt/ros/humble/include/rclcpp/rclcpp/node.hpp:366:3:\x1b[m\x1b[K \x1b[01;36m\x1b[Knote: \x1b[m\x1b[Kcandidate: \xe2\x80\x98\x1b[01m\x1b[Kconst rclcpp::ParameterValue& rclcpp::Node::declare_parameter(const string&, const rclcpp::ParameterValue&, const ParameterDescriptor&, bool)\x1b[m\x1b[K\xe2\x80\x99\n'}
[6.697948] (ydlidar_ros2_driver) StderrLine: {'line': b'  366 |   \x1b[01;36m\x1b[Kdeclare_parameter\x1b[m\x1b[K(\n'}
[6.698074] (ydlidar_ros2_driver) StderrLine: {'line': b'      |   \x1b[01;36m\x1b[K^~~~~~~~~~~~~~~~~\x1b[m\x1b[K\n'}
[6.698221] (ydlidar_ros2_driver) StderrLine: {'line': b'\x1b[01m\x1b[K/opt/ros/humble/include/rclcpp/rclcpp/node.hpp:366:3:\x1b[m\x1b[K \x1b[01;36m\x1b[Knote: \x1b[m\x1b[K  candidate expects 4 arguments, 1 provided\n'}
[6.698352] (ydlidar_ros2_driver) StderrLine: {'line': b'\x1b[01m\x1b[K/opt/ros/humble/include/rclcpp/rclcpp/node.hpp:391:3:\x1b[m\x1b[K \x1b[01;36m\x1b[Knote: \x1b[m\x1b[Kcandidate: \xe2\x80\x98\x1b[01m\x1b[Kconst rclcpp::ParameterValue& rclcpp::Node::declare_parameter(const string&, rclcpp::ParameterType, const ParameterDescriptor&, bool)\x1b[m\x1b[K\xe2\x80\x99\n'}
[6.698503] (ydlidar_ros2_driver) StderrLine: {'line': b'  391 |   \x1b[01;36m\x1b[Kdeclare_parameter\x1b[m\x1b[K(\n'}
[6.698632] (ydlidar_ros2_driver) StderrLine: {'line': b'      |   \x1b[01;36m\x1b[K^~~~~~~~~~~~~~~~~\x1b[m\x1b[K\n'}
[6.698760] (ydlidar_ros2_driver) StderrLine: {'line': b'\x1b[01m\x1b[K/opt/ros/humble/include/rclcpp/rclcpp/node.hpp:391:3:\x1b[m\x1b[K \x1b[01;36m\x1b[Knote: \x1b[m\x1b[K  candidate expects 4 arguments, 1 provided\n'}
[6.698903] (ydlidar_ros2_driver) StderrLine: {'line': b'\x1b[01m\x1b[K/home/geonmo/ydlidar_ws/src/ydlidar_ros2_driver/src/ydlidar_ros2_driver_node.cpp:154:26:\x1b[m\x1b[K \x1b[01;31m\x1b[Kerror: \x1b[m\x1b[Kno matching function for call to \xe2\x80\x98\x1b[01m\x1b[Krclcpp::Node::declare_parameter(const char [10])\x1b[m\x1b[K\xe2\x80\x99\n'}
[6.699038] (ydlidar_ros2_driver) StderrLine: {'line': b'  154 |   \x1b[01;31m\x1b[Knode->declare_parameter("frequency")\x1b[m\x1b[K;\n'}
[6.699166] (ydlidar_ros2_driver) StderrLine: {'line': b'      |   \x1b[01;31m\x1b[K~~~~~~~~~~~~~~~~~~~~~~~^~~~~~~~~~~~~\x1b[m\x1b[K\n'}
[6.699292] (ydlidar_ros2_driver) StderrLine: {'line': b'In file included from \x1b[01m\x1b[K/opt/ros/humble/include/rclcpp/rclcpp/executors/single_threaded_executor.hpp:28\x1b[m\x1b[K,\n'}
[6.699419] (ydlidar_ros2_driver) StderrLine: {'line': b'                 from \x1b[01m\x1b[K/opt/ros/humble/include/rclcpp/rclcpp/executors.hpp:22\x1b[m\x1b[K,\n'}
[6.699545] (ydlidar_ros2_driver) StderrLine: {'line': b'                 from \x1b[01m\x1b[K/opt/ros/humble/include/rclcpp/rclcpp/rclcpp.hpp:155\x1b[m\x1b[K,\n'}
[6.699670] (ydlidar_ros2_driver) StderrLine: {'line': b'                 from \x1b[01m\x1b[K/home/geonmo/ydlidar_ws/src/ydlidar_ros2_driver/src/ydlidar_ros2_driver_node.cpp:23\x1b[m\x1b[K:\n'}
[6.699798] (ydlidar_ros2_driver) StderrLine: {'line': b'\x1b[01m\x1b[K/opt/ros/humble/include/rclcpp/rclcpp/node.hpp:421:3:\x1b[m\x1b[K \x1b[01;36m\x1b[Knote: \x1b[m\x1b[Kcandidate: \xe2\x80\x98\x1b[01m\x1b[Ktemplate<class ParameterT> auto rclcpp::Node::declare_parameter(const string&, const ParameterT&, const ParameterDescriptor&, bool)\x1b[m\x1b[K\xe2\x80\x99\n'}
[6.699930] (ydlidar_ros2_driver) StderrLine: {'line': b'  421 |   \x1b[01;36m\x1b[Kdeclare_parameter\x1b[m\x1b[K(\n'}
[6.700057] (ydlidar_ros2_driver) StderrLine: {'line': b'      |   \x1b[01;36m\x1b[K^~~~~~~~~~~~~~~~~\x1b[m\x1b[K\n'}
[6.700184] (ydlidar_ros2_driver) StderrLine: {'line': b'\x1b[01m\x1b[K/opt/ros/humble/include/rclcpp/rclcpp/node.hpp:421:3:\x1b[m\x1b[K \x1b[01;36m\x1b[Knote: \x1b[m\x1b[K  template argument deduction/substitution failed:\n'}
[6.700311] (ydlidar_ros2_driver) StderrLine: {'line': b'\x1b[01m\x1b[K/home/geonmo/ydlidar_ws/src/ydlidar_ros2_driver/src/ydlidar_ros2_driver_node.cpp:154:26:\x1b[m\x1b[K \x1b[01;36m\x1b[Knote: \x1b[m\x1b[K  candidate expects 4 arguments, 1 provided\n'}
[6.700441] (ydlidar_ros2_driver) StderrLine: {'line': b'  154 |   \x1b[01;36m\x1b[Knode->declare_parameter("frequency")\x1b[m\x1b[K;\n'}
[6.700567] (ydlidar_ros2_driver) StderrLine: {'line': b'      |   \x1b[01;36m\x1b[K~~~~~~~~~~~~~~~~~~~~~~~^~~~~~~~~~~~~\x1b[m\x1b[K\n'}
[6.700692] (ydlidar_ros2_driver) StderrLine: {'line': b'In file included from \x1b[01m\x1b[K/opt/ros/humble/include/rclcpp/rclcpp/executors/single_threaded_executor.hpp:28\x1b[m\x1b[K,\n'}
[6.700820] (ydlidar_ros2_driver) StderrLine: {'line': b'                 from \x1b[01m\x1b[K/opt/ros/humble/include/rclcpp/rclcpp/executors.hpp:22\x1b[m\x1b[K,\n'}
[6.700964] (ydlidar_ros2_driver) StderrLine: {'line': b'                 from \x1b[01m\x1b[K/opt/ros/humble/include/rclcpp/rclcpp/rclcpp.hpp:155\x1b[m\x1b[K,\n'}
[6.701091] (ydlidar_ros2_driver) StderrLine: {'line': b'                 from \x1b[01m\x1b[K/home/geonmo/ydlidar_ws/src/ydlidar_ros2_driver/src/ydlidar_ros2_driver_node.cpp:23\x1b[m\x1b[K:\n'}
[6.701216] (ydlidar_ros2_driver) StderrLine: {'line': b'\x1b[01m\x1b[K/opt/ros/humble/include/rclcpp/rclcpp/node.hpp:434:3:\x1b[m\x1b[K \x1b[01;36m\x1b[Knote: \x1b[m\x1b[Kcandidate: \xe2\x80\x98\x1b[01m\x1b[Ktemplate<class ParameterT> auto rclcpp::Node::declare_parameter(const string&, const ParameterDescriptor&, bool)\x1b[m\x1b[K\xe2\x80\x99\n'}
[6.701368] (ydlidar_ros2_driver) StderrLine: {'line': b'  434 |   \x1b[01;36m\x1b[Kdeclare_parameter\x1b[m\x1b[K(\n'}
[6.701516] (ydlidar_ros2_driver) StderrLine: {'line': b'      |   \x1b[01;36m\x1b[K^~~~~~~~~~~~~~~~~\x1b[m\x1b[K\n'}
[6.701645] (ydlidar_ros2_driver) StderrLine: {'line': b'\x1b[01m\x1b[K/opt/ros/humble/include/rclcpp/rclcpp/node.hpp:434:3:\x1b[m\x1b[K \x1b[01;36m\x1b[Knote: \x1b[m\x1b[K  template argument deduction/substitution failed:\n'}
[6.701775] (ydlidar_ros2_driver) StderrLine: {'line': b'\x1b[01m\x1b[K/home/geonmo/ydlidar_ws/src/ydlidar_ros2_driver/src/ydlidar_ros2_driver_node.cpp:154:26:\x1b[m\x1b[K \x1b[01;36m\x1b[Knote: \x1b[m\x1b[K  couldn\xe2\x80\x99t deduce template parameter \xe2\x80\x98\x1b[01m\x1b[KParameterT\x1b[m\x1b[K\xe2\x80\x99\n'}
[6.701907] (ydlidar_ros2_driver) StderrLine: {'line': b'  154 |   \x1b[01;36m\x1b[Knode->declare_parameter("frequency")\x1b[m\x1b[K;\n'}
[6.702034] (ydlidar_ros2_driver) StderrLine: {'line': b'      |   \x1b[01;36m\x1b[K~~~~~~~~~~~~~~~~~~~~~~~^~~~~~~~~~~~~\x1b[m\x1b[K\n'}
[6.702159] (ydlidar_ros2_driver) StderrLine: {'line': b'In file included from \x1b[01m\x1b[K/opt/ros/humble/include/rclcpp/rclcpp/executors/single_threaded_executor.hpp:28\x1b[m\x1b[K,\n'}
[6.702287] (ydlidar_ros2_driver) StderrLine: {'line': b'                 from \x1b[01m\x1b[K/opt/ros/humble/include/rclcpp/rclcpp/executors.hpp:22\x1b[m\x1b[K,\n'}
[6.702412] (ydlidar_ros2_driver) StderrLine: {'line': b'                 from \x1b[01m\x1b[K/opt/ros/humble/include/rclcpp/rclcpp/rclcpp.hpp:155\x1b[m\x1b[K,\n'}
[6.702546] (ydlidar_ros2_driver) StderrLine: {'line': b'                 from \x1b[01m\x1b[K/home/geonmo/ydlidar_ws/src/ydlidar_ros2_driver/src/ydlidar_ros2_driver_node.cpp:23\x1b[m\x1b[K:\n'}
[6.702694] (ydlidar_ros2_driver) StderrLine: {'line': b'\x1b[01m\x1b[K/opt/ros/humble/include/rclcpp/rclcpp/node.hpp:366:3:\x1b[m\x1b[K \x1b[01;36m\x1b[Knote: \x1b[m\x1b[Kcandidate: \xe2\x80\x98\x1b[01m\x1b[Kconst rclcpp::ParameterValue& rclcpp::Node::declare_parameter(const string&, const rclcpp::ParameterValue&, const ParameterDescriptor&, bool)\x1b[m\x1b[K\xe2\x80\x99\n'}
[6.702840] (ydlidar_ros2_driver) StderrLine: {'line': b'  366 |   \x1b[01;36m\x1b[Kdeclare_parameter\x1b[m\x1b[K(\n'}
[6.702974] (ydlidar_ros2_driver) StderrLine: {'line': b'      |   \x1b[01;36m\x1b[K^~~~~~~~~~~~~~~~~\x1b[m\x1b[K\n'}
[6.703102] (ydlidar_ros2_driver) StderrLine: {'line': b'\x1b[01m\x1b[K/opt/ros/humble/include/rclcpp/rclcpp/node.hpp:366:3:\x1b[m\x1b[K \x1b[01;36m\x1b[Knote: \x1b[m\x1b[K  candidate expects 4 arguments, 1 provided\n'}
[6.703232] (ydlidar_ros2_driver) StderrLine: {'line': b'\x1b[01m\x1b[K/opt/ros/humble/include/rclcpp/rclcpp/node.hpp:391:3:\x1b[m\x1b[K \x1b[01;36m\x1b[Knote: \x1b[m\x1b[Kcandidate: \xe2\x80\x98\x1b[01m\x1b[Kconst rclcpp::ParameterValue& rclcpp::Node::declare_parameter(const string&, rclcpp::ParameterType, const ParameterDescriptor&, bool)\x1b[m\x1b[K\xe2\x80\x99\n'}
[6.703396] (ydlidar_ros2_driver) StderrLine: {'line': b'  391 |   \x1b[01;36m\x1b[Kdeclare_parameter\x1b[m\x1b[K(\n'}
[6.703529] (ydlidar_ros2_driver) StderrLine: {'line': b'      |   \x1b[01;36m\x1b[K^~~~~~~~~~~~~~~~~\x1b[m\x1b[K\n'}
[6.703657] (ydlidar_ros2_driver) StderrLine: {'line': b'\x1b[01m\x1b[K/opt/ros/humble/include/rclcpp/rclcpp/node.hpp:391:3:\x1b[m\x1b[K \x1b[01;36m\x1b[Knote: \x1b[m\x1b[K  candidate expects 4 arguments, 1 provided\n'}
[6.703804] (ydlidar_ros2_driver) StderrLine: {'line': b'\x1b[01m\x1b[K/home/geonmo/ydlidar_ws/src/ydlidar_ros2_driver/src/ydlidar_ros2_driver_node.cpp:159:26:\x1b[m\x1b[K \x1b[01;31m\x1b[Kerror: \x1b[m\x1b[Kno matching function for call to \xe2\x80\x98\x1b[01m\x1b[Krclcpp::Node::declare_parameter(const char [21])\x1b[m\x1b[K\xe2\x80\x99\n'}
[6.703943] (ydlidar_ros2_driver) StderrLine: {'line': b'  159 |   \x1b[01;31m\x1b[Knode->declare_parameter("invalid_range_is_inf")\x1b[m\x1b[K;\n'}
[6.704079] (ydlidar_ros2_driver) StderrLine: {'line': b'      |   \x1b[01;31m\x1b[K~~~~~~~~~~~~~~~~~~~~~~~^~~~~~~~~~~~~~~~~~~~~~~~\x1b[m\x1b[K\n'}
[6.704209] (ydlidar_ros2_driver) StderrLine: {'line': b'In file included from \x1b[01m\x1b[K/opt/ros/humble/include/rclcpp/rclcpp/executors/single_threaded_executor.hpp:28\x1b[m\x1b[K,\n'}
[6.704338] (ydlidar_ros2_driver) StderrLine: {'line': b'                 from \x1b[01m\x1b[K/opt/ros/humble/include/rclcpp/rclcpp/executors.hpp:22\x1b[m\x1b[K,\n'}
[6.704468] (ydlidar_ros2_driver) StderrLine: {'line': b'                 from \x1b[01m\x1b[K/opt/ros/humble/include/rclcpp/rclcpp/rclcpp.hpp:155\x1b[m\x1b[K,\n'}
[6.704598] (ydlidar_ros2_driver) StderrLine: {'line': b'                 from \x1b[01m\x1b[K/home/geonmo/ydlidar_ws/src/ydlidar_ros2_driver/src/ydlidar_ros2_driver_node.cpp:23\x1b[m\x1b[K:\n'}
[6.704725] (ydlidar_ros2_driver) StderrLine: {'line': b'\x1b[01m\x1b[K/opt/ros/humble/include/rclcpp/rclcpp/node.hpp:421:3:\x1b[m\x1b[K \x1b[01;36m\x1b[Knote: \x1b[m\x1b[Kcandidate: \xe2\x80\x98\x1b[01m\x1b[Ktemplate<class ParameterT> auto rclcpp::Node::declare_parameter(const string&, const ParameterT&, const ParameterDescriptor&, bool)\x1b[m\x1b[K\xe2\x80\x99\n'}
[6.704856] (ydlidar_ros2_driver) StderrLine: {'line': b'  421 |   \x1b[01;36m\x1b[Kdeclare_parameter\x1b[m\x1b[K(\n'}
[6.704982] (ydlidar_ros2_driver) StderrLine: {'line': b'      |   \x1b[01;36m\x1b[K^~~~~~~~~~~~~~~~~\x1b[m\x1b[K\n'}
[6.705108] (ydlidar_ros2_driver) StderrLine: {'line': b'\x1b[01m\x1b[K/opt/ros/humble/include/rclcpp/rclcpp/node.hpp:421:3:\x1b[m\x1b[K \x1b[01;36m\x1b[Knote: \x1b[m\x1b[K  template argument deduction/substitution failed:\n'}
[6.705237] (ydlidar_ros2_driver) StderrLine: {'line': b'\x1b[01m\x1b[K/home/geonmo/ydlidar_ws/src/ydlidar_ros2_driver/src/ydlidar_ros2_driver_node.cpp:159:26:\x1b[m\x1b[K \x1b[01;36m\x1b[Knote: \x1b[m\x1b[K  candidate expects 4 arguments, 1 provided\n'}
[6.705398] (ydlidar_ros2_driver) StderrLine: {'line': b'  159 |   \x1b[01;36m\x1b[Knode->declare_parameter("invalid_range_is_inf")\x1b[m\x1b[K;\n'}
[6.705532] (ydlidar_ros2_driver) StderrLine: {'line': b'      |   \x1b[01;36m\x1b[K~~~~~~~~~~~~~~~~~~~~~~~^~~~~~~~~~~~~~~~~~~~~~~~\x1b[m\x1b[K\n'}
[6.705661] (ydlidar_ros2_driver) StderrLine: {'line': b'In file included from \x1b[01m\x1b[K/opt/ros/humble/include/rclcpp/rclcpp/executors/single_threaded_executor.hpp:28\x1b[m\x1b[K,\n'}
[6.705789] (ydlidar_ros2_driver) StderrLine: {'line': b'                 from \x1b[01m\x1b[K/opt/ros/humble/include/rclcpp/rclcpp/executors.hpp:22\x1b[m\x1b[K,\n'}
[6.705917] (ydlidar_ros2_driver) StderrLine: {'line': b'                 from \x1b[01m\x1b[K/opt/ros/humble/include/rclcpp/rclcpp/rclcpp.hpp:155\x1b[m\x1b[K,\n'}
[6.706044] (ydlidar_ros2_driver) StderrLine: {'line': b'                 from \x1b[01m\x1b[K/home/geonmo/ydlidar_ws/src/ydlidar_ros2_driver/src/ydlidar_ros2_driver_node.cpp:23\x1b[m\x1b[K:\n'}
[6.706172] (ydlidar_ros2_driver) StderrLine: {'line': b'\x1b[01m\x1b[K/opt/ros/humble/include/rclcpp/rclcpp/node.hpp:434:3:\x1b[m\x1b[K \x1b[01;36m\x1b[Knote: \x1b[m\x1b[Kcandidate: \xe2\x80\x98\x1b[01m\x1b[Ktemplate<class ParameterT> auto rclcpp::Node::declare_parameter(const string&, const ParameterDescriptor&, bool)\x1b[m\x1b[K\xe2\x80\x99\n'}
[6.706325] (ydlidar_ros2_driver) StderrLine: {'line': b'  434 |   \x1b[01;36m\x1b[Kdeclare_parameter\x1b[m\x1b[K(\n'}
[6.706455] (ydlidar_ros2_driver) StderrLine: {'line': b'      |   \x1b[01;36m\x1b[K^~~~~~~~~~~~~~~~~\x1b[m\x1b[K\n'}
[6.706598] (ydlidar_ros2_driver) StderrLine: {'line': b'\x1b[01m\x1b[K/opt/ros/humble/include/rclcpp/rclcpp/node.hpp:434:3:\x1b[m\x1b[K \x1b[01;36m\x1b[Knote: \x1b[m\x1b[K  template argument deduction/substitution failed:\n'}
[6.706730] (ydlidar_ros2_driver) StderrLine: {'line': b'\x1b[01m\x1b[K/home/geonmo/ydlidar_ws/src/ydlidar_ros2_driver/src/ydlidar_ros2_driver_node.cpp:159:26:\x1b[m\x1b[K \x1b[01;36m\x1b[Knote: \x1b[m\x1b[K  couldn\xe2\x80\x99t deduce template parameter \xe2\x80\x98\x1b[01m\x1b[KParameterT\x1b[m\x1b[K\xe2\x80\x99\n'}
[6.706862] (ydlidar_ros2_driver) StderrLine: {'line': b'  159 |   \x1b[01;36m\x1b[Knode->declare_parameter("invalid_range_is_inf")\x1b[m\x1b[K;\n'}
[6.706991] (ydlidar_ros2_driver) StderrLine: {'line': b'      |   \x1b[01;36m\x1b[K~~~~~~~~~~~~~~~~~~~~~~~^~~~~~~~~~~~~~~~~~~~~~~~\x1b[m\x1b[K\n'}
[6.707118] (ydlidar_ros2_driver) StderrLine: {'line': b'In file included from \x1b[01m\x1b[K/opt/ros/humble/include/rclcpp/rclcpp/executors/single_threaded_executor.hpp:28\x1b[m\x1b[K,\n'}
[6.707246] (ydlidar_ros2_driver) StderrLine: {'line': b'                 from \x1b[01m\x1b[K/opt/ros/humble/include/rclcpp/rclcpp/executors.hpp:22\x1b[m\x1b[K,\n'}
[6.707372] (ydlidar_ros2_driver) StderrLine: {'line': b'                 from \x1b[01m\x1b[K/opt/ros/humble/include/rclcpp/rclcpp/rclcpp.hpp:155\x1b[m\x1b[K,\n'}
[6.707499] (ydlidar_ros2_driver) StderrLine: {'line': b'                 from \x1b[01m\x1b[K/home/geonmo/ydlidar_ws/src/ydlidar_ros2_driver/src/ydlidar_ros2_driver_node.cpp:23\x1b[m\x1b[K:\n'}
[6.707626] (ydlidar_ros2_driver) StderrLine: {'line': b'\x1b[01m\x1b[K/opt/ros/humble/include/rclcpp/rclcpp/node.hpp:366:3:\x1b[m\x1b[K \x1b[01;36m\x1b[Knote: \x1b[m\x1b[Kcandidate: \xe2\x80\x98\x1b[01m\x1b[Kconst rclcpp::ParameterValue& rclcpp::Node::declare_parameter(const string&, const rclcpp::ParameterValue&, const ParameterDescriptor&, bool)\x1b[m\x1b[K\xe2\x80\x99\n'}
[6.707780] (ydlidar_ros2_driver) StderrLine: {'line': b'  366 |   \x1b[01;36m\x1b[Kdeclare_parameter\x1b[m\x1b[K(\n'}
[6.707912] (ydlidar_ros2_driver) StderrLine: {'line': b'      |   \x1b[01;36m\x1b[K^~~~~~~~~~~~~~~~~\x1b[m\x1b[K\n'}
[6.708041] (ydlidar_ros2_driver) StderrLine: {'line': b'\x1b[01m\x1b[K/opt/ros/humble/include/rclcpp/rclcpp/node.hpp:366:3:\x1b[m\x1b[K \x1b[01;36m\x1b[Knote: \x1b[m\x1b[K  candidate expects 4 arguments, 1 provided\n'}
[6.708189] (ydlidar_ros2_driver) StderrLine: {'line': b'\x1b[01m\x1b[K/opt/ros/humble/include/rclcpp/rclcpp/node.hpp:391:3:\x1b[m\x1b[K \x1b[01;36m\x1b[Knote: \x1b[m\x1b[Kcandidate: \xe2\x80\x98\x1b[01m\x1b[Kconst rclcpp::ParameterValue& rclcpp::Node::declare_parameter(const string&, rclcpp::ParameterType, const ParameterDescriptor&, bool)\x1b[m\x1b[K\xe2\x80\x99\n'}
[6.708323] (ydlidar_ros2_driver) StderrLine: {'line': b'  391 |   \x1b[01;36m\x1b[Kdeclare_parameter\x1b[m\x1b[K(\n'}
[6.708452] (ydlidar_ros2_driver) StderrLine: {'line': b'      |   \x1b[01;36m\x1b[K^~~~~~~~~~~~~~~~~\x1b[m\x1b[K\n'}
[6.708578] (ydlidar_ros2_driver) StderrLine: {'line': b'\x1b[01m\x1b[K/opt/ros/humble/include/rclcpp/rclcpp/node.hpp:391:3:\x1b[m\x1b[K \x1b[01;36m\x1b[Knote: \x1b[m\x1b[K  candidate expects 4 arguments, 1 provided\n'}
[6.708707] (ydlidar_ros2_driver) StderrLine: {'line': b'\x1b[01m\x1b[K/home/geonmo/ydlidar_ws/src/ydlidar_ros2_driver/src/ydlidar_ros2_driver_node.cpp:168:28:\x1b[m\x1b[K \x1b[01;31m\x1b[Kerror: \x1b[m\x1b[Kno matching function for call to \xe2\x80\x98\x1b[01m\x1b[Krclcpp::Node::declare_parameter(const char [8])\x1b[m\x1b[K\xe2\x80\x99\n'}
[6.708840] (ydlidar_ros2_driver) StderrLine: {'line': b'  168 |     \x1b[01;31m\x1b[Knode->declare_parameter("m1_mode")\x1b[m\x1b[K;\n'}
[6.708967] (ydlidar_ros2_driver) StderrLine: {'line': b'      |     \x1b[01;31m\x1b[K~~~~~~~~~~~~~~~~~~~~~~~^~~~~~~~~~~\x1b[m\x1b[K\n'}
[6.709093] (ydlidar_ros2_driver) StderrLine: {'line': b'In file included from \x1b[01m\x1b[K/opt/ros/humble/include/rclcpp/rclcpp/executors/single_threaded_executor.hpp:28\x1b[m\x1b[K,\n'}
[6.709220] (ydlidar_ros2_driver) StderrLine: {'line': b'                 from \x1b[01m\x1b[K/opt/ros/humble/include/rclcpp/rclcpp/executors.hpp:22\x1b[m\x1b[K,\n'}
[6.709390] (ydlidar_ros2_driver) StderrLine: {'line': b'                 from \x1b[01m\x1b[K/opt/ros/humble/include/rclcpp/rclcpp/rclcpp.hpp:155\x1b[m\x1b[K,\n'}
[6.709526] (ydlidar_ros2_driver) StderrLine: {'line': b'                 from \x1b[01m\x1b[K/home/geonmo/ydlidar_ws/src/ydlidar_ros2_driver/src/ydlidar_ros2_driver_node.cpp:23\x1b[m\x1b[K:\n'}
[6.709655] (ydlidar_ros2_driver) StderrLine: {'line': b'\x1b[01m\x1b[K/opt/ros/humble/include/rclcpp/rclcpp/node.hpp:421:3:\x1b[m\x1b[K \x1b[01;36m\x1b[Knote: \x1b[m\x1b[Kcandidate: \xe2\x80\x98\x1b[01m\x1b[Ktemplate<class ParameterT> auto rclcpp::Node::declare_parameter(const string&, const ParameterT&, const ParameterDescriptor&, bool)\x1b[m\x1b[K\xe2\x80\x99\n'}
[6.709789] (ydlidar_ros2_driver) StderrLine: {'line': b'  421 |   \x1b[01;36m\x1b[Kdeclare_parameter\x1b[m\x1b[K(\n'}
[6.709919] (ydlidar_ros2_driver) StderrLine: {'line': b'      |   \x1b[01;36m\x1b[K^~~~~~~~~~~~~~~~~\x1b[m\x1b[K\n'}
[6.710047] (ydlidar_ros2_driver) StderrLine: {'line': b'\x1b[01m\x1b[K/opt/ros/humble/include/rclcpp/rclcpp/node.hpp:421:3:\x1b[m\x1b[K \x1b[01;36m\x1b[Knote: \x1b[m\x1b[K  template argument deduction/substitution failed:\n'}
[6.710176] (ydlidar_ros2_driver) StderrLine: {'line': b'\x1b[01m\x1b[K/home/geonmo/ydlidar_ws/src/ydlidar_ros2_driver/src/ydlidar_ros2_driver_node.cpp:168:28:\x1b[m\x1b[K \x1b[01;36m\x1b[Knote: \x1b[m\x1b[K  candidate expects 4 arguments, 1 provided\n'}
[6.710304] (ydlidar_ros2_driver) StderrLine: {'line': b'  168 |     \x1b[01;36m\x1b[Knode->declare_parameter("m1_mode")\x1b[m\x1b[K;\n'}
[6.710431] (ydlidar_ros2_driver) StderrLine: {'line': b'      |     \x1b[01;36m\x1b[K~~~~~~~~~~~~~~~~~~~~~~~^~~~~~~~~~~\x1b[m\x1b[K\n'}
[6.710558] (ydlidar_ros2_driver) StderrLine: {'line': b'In file included from \x1b[01m\x1b[K/opt/ros/humble/include/rclcpp/rclcpp/executors/single_threaded_executor.hpp:28\x1b[m\x1b[K,\n'}
[6.710685] (ydlidar_ros2_driver) StderrLine: {'line': b'                 from \x1b[01m\x1b[K/opt/ros/humble/include/rclcpp/rclcpp/executors.hpp:22\x1b[m\x1b[K,\n'}
[6.710812] (ydlidar_ros2_driver) StderrLine: {'line': b'                 from \x1b[01m\x1b[K/opt/ros/humble/include/rclcpp/rclcpp/rclcpp.hpp:155\x1b[m\x1b[K,\n'}
[6.710939] (ydlidar_ros2_driver) StderrLine: {'line': b'                 from \x1b[01m\x1b[K/home/geonmo/ydlidar_ws/src/ydlidar_ros2_driver/src/ydlidar_ros2_driver_node.cpp:23\x1b[m\x1b[K:\n'}
[6.711064] (ydlidar_ros2_driver) StderrLine: {'line': b'\x1b[01m\x1b[K/opt/ros/humble/include/rclcpp/rclcpp/node.hpp:434:3:\x1b[m\x1b[K \x1b[01;36m\x1b[Knote: \x1b[m\x1b[Kcandidate: \xe2\x80\x98\x1b[01m\x1b[Ktemplate<class ParameterT> auto rclcpp::Node::declare_parameter(const string&, const ParameterDescriptor&, bool)\x1b[m\x1b[K\xe2\x80\x99\n'}
[6.711216] (ydlidar_ros2_driver) StderrLine: {'line': b'  434 |   \x1b[01;36m\x1b[Kdeclare_parameter\x1b[m\x1b[K(\n'}
[6.711345] (ydlidar_ros2_driver) StderrLine: {'line': b'      |   \x1b[01;36m\x1b[K^~~~~~~~~~~~~~~~~\x1b[m\x1b[K\n'}
[6.711471] (ydlidar_ros2_driver) StderrLine: {'line': b'\x1b[01m\x1b[K/opt/ros/humble/include/rclcpp/rclcpp/node.hpp:434:3:\x1b[m\x1b[K \x1b[01;36m\x1b[Knote: \x1b[m\x1b[K  template argument deduction/substitution failed:\n'}
[6.711600] (ydlidar_ros2_driver) StderrLine: {'line': b'\x1b[01m\x1b[K/home/geonmo/ydlidar_ws/src/ydlidar_ros2_driver/src/ydlidar_ros2_driver_node.cpp:168:28:\x1b[m\x1b[K \x1b[01;36m\x1b[Knote: \x1b[m\x1b[K  couldn\xe2\x80\x99t deduce template parameter \xe2\x80\x98\x1b[01m\x1b[KParameterT\x1b[m\x1b[K\xe2\x80\x99\n'}
[6.711731] (ydlidar_ros2_driver) StderrLine: {'line': b'  168 |     \x1b[01;36m\x1b[Knode->declare_parameter("m1_mode")\x1b[m\x1b[K;\n'}
[6.711858] (ydlidar_ros2_driver) StderrLine: {'line': b'      |     \x1b[01;36m\x1b[K~~~~~~~~~~~~~~~~~~~~~~~^~~~~~~~~~~\x1b[m\x1b[K\n'}
[6.711985] (ydlidar_ros2_driver) StderrLine: {'line': b'In file included from \x1b[01m\x1b[K/opt/ros/humble/include/rclcpp/rclcpp/executors/single_threaded_executor.hpp:28\x1b[m\x1b[K,\n'}
[6.712147] (ydlidar_ros2_driver) StderrLine: {'line': b'                 from \x1b[01m\x1b[K/opt/ros/humble/include/rclcpp/rclcpp/executors.hpp:22\x1b[m\x1b[K,\n'}
[6.712278] (ydlidar_ros2_driver) StderrLine: {'line': b'                 from \x1b[01m\x1b[K/opt/ros/humble/include/rclcpp/rclcpp/rclcpp.hpp:155\x1b[m\x1b[K,\n'}
[6.712404] (ydlidar_ros2_driver) StderrLine: {'line': b'                 from \x1b[01m\x1b[K/home/geonmo/ydlidar_ws/src/ydlidar_ros2_driver/src/ydlidar_ros2_driver_node.cpp:23\x1b[m\x1b[K:\n'}
[6.712531] (ydlidar_ros2_driver) StderrLine: {'line': b'\x1b[01m\x1b[K/opt/ros/humble/include/rclcpp/rclcpp/node.hpp:366:3:\x1b[m\x1b[K \x1b[01;36m\x1b[Knote: \x1b[m\x1b[Kcandidate: \xe2\x80\x98\x1b[01m\x1b[Kconst rclcpp::ParameterValue& rclcpp::Node::declare_parameter(const string&, const rclcpp::ParameterValue&, const ParameterDescriptor&, bool)\x1b[m\x1b[K\xe2\x80\x99\n'}
[6.712666] (ydlidar_ros2_driver) StderrLine: {'line': b'  366 |   \x1b[01;36m\x1b[Kdeclare_parameter\x1b[m\x1b[K(\n'}
[6.712794] (ydlidar_ros2_driver) StderrLine: {'line': b'      |   \x1b[01;36m\x1b[K^~~~~~~~~~~~~~~~~\x1b[m\x1b[K\n'}
[6.712919] (ydlidar_ros2_driver) StderrLine: {'line': b'\x1b[01m\x1b[K/opt/ros/humble/include/rclcpp/rclcpp/node.hpp:366:3:\x1b[m\x1b[K \x1b[01;36m\x1b[Knote: \x1b[m\x1b[K  candidate expects 4 arguments, 1 provided\n'}
[6.713063] (ydlidar_ros2_driver) StderrLine: {'line': b'\x1b[01m\x1b[K/opt/ros/humble/include/rclcpp/rclcpp/node.hpp:391:3:\x1b[m\x1b[K \x1b[01;36m\x1b[Knote: \x1b[m\x1b[Kcandidate: \xe2\x80\x98\x1b[01m\x1b[Kconst rclcpp::ParameterValue& rclcpp::Node::declare_parameter(const string&, rclcpp::ParameterType, const ParameterDescriptor&, bool)\x1b[m\x1b[K\xe2\x80\x99\n'}
[6.713196] (ydlidar_ros2_driver) StderrLine: {'line': b'  391 |   \x1b[01;36m\x1b[Kdeclare_parameter\x1b[m\x1b[K(\n'}
[6.713346] (ydlidar_ros2_driver) StderrLine: {'line': b'      |   \x1b[01;36m\x1b[K^~~~~~~~~~~~~~~~~\x1b[m\x1b[K\n'}
[6.713482] (ydlidar_ros2_driver) StderrLine: {'line': b'\x1b[01m\x1b[K/opt/ros/humble/include/rclcpp/rclcpp/node.hpp:391:3:\x1b[m\x1b[K \x1b[01;36m\x1b[Knote: \x1b[m\x1b[K  candidate expects 4 arguments, 1 provided\n'}
[6.713613] (ydlidar_ros2_driver) StderrLine: {'line': b'\x1b[01m\x1b[K/home/geonmo/ydlidar_ws/src/ydlidar_ros2_driver/src/ydlidar_ros2_driver_node.cpp:172:28:\x1b[m\x1b[K \x1b[01;31m\x1b[Kerror: \x1b[m\x1b[Kno matching function for call to \xe2\x80\x98\x1b[01m\x1b[Krclcpp::Node::declare_parameter(const char [8])\x1b[m\x1b[K\xe2\x80\x99\n'}
[6.713747] (ydlidar_ros2_driver) StderrLine: {'line': b'  172 |     \x1b[01;31m\x1b[Knode->declare_parameter("m2_mode")\x1b[m\x1b[K;\n'}
[6.713876] (ydlidar_ros2_driver) StderrLine: {'line': b'      |     \x1b[01;31m\x1b[K~~~~~~~~~~~~~~~~~~~~~~~^~~~~~~~~~~\x1b[m\x1b[K\n'}
[6.714004] (ydlidar_ros2_driver) StderrLine: {'line': b'In file included from \x1b[01m\x1b[K/opt/ros/humble/include/rclcpp/rclcpp/executors/single_threaded_executor.hpp:28\x1b[m\x1b[K,\n'}
[6.714134] (ydlidar_ros2_driver) StderrLine: {'line': b'                 from \x1b[01m\x1b[K/opt/ros/humble/include/rclcpp/rclcpp/executors.hpp:22\x1b[m\x1b[K,\n'}
[6.714261] (ydlidar_ros2_driver) StderrLine: {'line': b'                 from \x1b[01m\x1b[K/opt/ros/humble/include/rclcpp/rclcpp/rclcpp.hpp:155\x1b[m\x1b[K,\n'}
[6.714388] (ydlidar_ros2_driver) StderrLine: {'line': b'                 from \x1b[01m\x1b[K/home/geonmo/ydlidar_ws/src/ydlidar_ros2_driver/src/ydlidar_ros2_driver_node.cpp:23\x1b[m\x1b[K:\n'}
[6.714515] (ydlidar_ros2_driver) StderrLine: {'line': b'\x1b[01m\x1b[K/opt/ros/humble/include/rclcpp/rclcpp/node.hpp:421:3:\x1b[m\x1b[K \x1b[01;36m\x1b[Knote: \x1b[m\x1b[Kcandidate: \xe2\x80\x98\x1b[01m\x1b[Ktemplate<class ParameterT> auto rclcpp::Node::declare_parameter(const string&, const ParameterT&, const ParameterDescriptor&, bool)\x1b[m\x1b[K\xe2\x80\x99\n'}
[6.714647] (ydlidar_ros2_driver) StderrLine: {'line': b'  421 |   \x1b[01;36m\x1b[Kdeclare_parameter\x1b[m\x1b[K(\n'}
[6.714773] (ydlidar_ros2_driver) StderrLine: {'line': b'      |   \x1b[01;36m\x1b[K^~~~~~~~~~~~~~~~~\x1b[m\x1b[K\n'}
[6.714919] (ydlidar_ros2_driver) StderrLine: {'line': b'\x1b[01m\x1b[K/opt/ros/humble/include/rclcpp/rclcpp/node.hpp:421:3:\x1b[m\x1b[K \x1b[01;36m\x1b[Knote: \x1b[m\x1b[K  template argument deduction/substitution failed:\n'}
[6.715048] (ydlidar_ros2_driver) StderrLine: {'line': b'\x1b[01m\x1b[K/home/geonmo/ydlidar_ws/src/ydlidar_ros2_driver/src/ydlidar_ros2_driver_node.cpp:172:28:\x1b[m\x1b[K \x1b[01;36m\x1b[Knote: \x1b[m\x1b[K  candidate expects 4 arguments, 1 provided\n'}
[6.715177] (ydlidar_ros2_driver) StderrLine: {'line': b'  172 |     \x1b[01;36m\x1b[Knode->declare_parameter("m2_mode")\x1b[m\x1b[K;\n'}
[6.715304] (ydlidar_ros2_driver) StderrLine: {'line': b'      |     \x1b[01;36m\x1b[K~~~~~~~~~~~~~~~~~~~~~~~^~~~~~~~~~~\x1b[m\x1b[K\n'}
[6.715430] (ydlidar_ros2_driver) StderrLine: {'line': b'In file included from \x1b[01m\x1b[K/opt/ros/humble/include/rclcpp/rclcpp/executors/single_threaded_executor.hpp:28\x1b[m\x1b[K,\n'}
[6.715557] (ydlidar_ros2_driver) StderrLine: {'line': b'                 from \x1b[01m\x1b[K/opt/ros/humble/include/rclcpp/rclcpp/executors.hpp:22\x1b[m\x1b[K,\n'}
[6.715684] (ydlidar_ros2_driver) StderrLine: {'line': b'                 from \x1b[01m\x1b[K/opt/ros/humble/include/rclcpp/rclcpp/rclcpp.hpp:155\x1b[m\x1b[K,\n'}
[6.715812] (ydlidar_ros2_driver) StderrLine: {'line': b'                 from \x1b[01m\x1b[K/home/geonmo/ydlidar_ws/src/ydlidar_ros2_driver/src/ydlidar_ros2_driver_node.cpp:23\x1b[m\x1b[K:\n'}
[6.715962] (ydlidar_ros2_driver) StderrLine: {'line': b'\x1b[01m\x1b[K/opt/ros/humble/include/rclcpp/rclcpp/node.hpp:434:3:\x1b[m\x1b[K \x1b[01;36m\x1b[Knote: \x1b[m\x1b[Kcandidate: \xe2\x80\x98\x1b[01m\x1b[Ktemplate<class ParameterT> auto rclcpp::Node::declare_parameter(const string&, const ParameterDescriptor&, bool)\x1b[m\x1b[K\xe2\x80\x99\n'}
[6.716094] (ydlidar_ros2_driver) StderrLine: {'line': b'  434 |   \x1b[01;36m\x1b[Kdeclare_parameter\x1b[m\x1b[K(\n'}
[6.716221] (ydlidar_ros2_driver) StderrLine: {'line': b'      |   \x1b[01;36m\x1b[K^~~~~~~~~~~~~~~~~\x1b[m\x1b[K\n'}
[6.716347] (ydlidar_ros2_driver) StderrLine: {'line': b'\x1b[01m\x1b[K/opt/ros/humble/include/rclcpp/rclcpp/node.hpp:434:3:\x1b[m\x1b[K \x1b[01;36m\x1b[Knote: \x1b[m\x1b[K  template argument deduction/substitution failed:\n'}
[6.716476] (ydlidar_ros2_driver) StderrLine: {'line': b'\x1b[01m\x1b[K/home/geonmo/ydlidar_ws/src/ydlidar_ros2_driver/src/ydlidar_ros2_driver_node.cpp:172:28:\x1b[m\x1b[K \x1b[01;36m\x1b[Knote: \x1b[m\x1b[K  couldn\xe2\x80\x99t deduce template parameter \xe2\x80\x98\x1b[01m\x1b[KParameterT\x1b[m\x1b[K\xe2\x80\x99\n'}
[6.716626] (ydlidar_ros2_driver) StderrLine: {'line': b'  172 |     \x1b[01;36m\x1b[Knode->declare_parameter("m2_mode")\x1b[m\x1b[K;\n'}
[6.716759] (ydlidar_ros2_driver) StderrLine: {'line': b'      |     \x1b[01;36m\x1b[K~~~~~~~~~~~~~~~~~~~~~~~^~~~~~~~~~~\x1b[m\x1b[K\n'}
[6.716887] (ydlidar_ros2_driver) StderrLine: {'line': b'In file included from \x1b[01m\x1b[K/opt/ros/humble/include/rclcpp/rclcpp/executors/single_threaded_executor.hpp:28\x1b[m\x1b[K,\n'}
[6.717025] (ydlidar_ros2_driver) StderrLine: {'line': b'                 from \x1b[01m\x1b[K/opt/ros/humble/include/rclcpp/rclcpp/executors.hpp:22\x1b[m\x1b[K,\n'}
[6.717188] (ydlidar_ros2_driver) StderrLine: {'line': b'                 from \x1b[01m\x1b[K/opt/ros/humble/include/rclcpp/rclcpp/rclcpp.hpp:155\x1b[m\x1b[K,\n'}
[6.717349] (ydlidar_ros2_driver) StderrLine: {'line': b'                 from \x1b[01m\x1b[K/home/geonmo/ydlidar_ws/src/ydlidar_ros2_driver/src/ydlidar_ros2_driver_node.cpp:23\x1b[m\x1b[K:\n'}
[6.717490] (ydlidar_ros2_driver) StderrLine: {'line': b'\x1b[01m\x1b[K/opt/ros/humble/include/rclcpp/rclcpp/node.hpp:366:3:\x1b[m\x1b[K \x1b[01;36m\x1b[Knote: \x1b[m\x1b[Kcandidate: \xe2\x80\x98\x1b[01m\x1b[Kconst rclcpp::ParameterValue& rclcpp::Node::declare_parameter(const string&, const rclcpp::ParameterValue&, const ParameterDescriptor&, bool)\x1b[m\x1b[K\xe2\x80\x99\n'}
[6.717632] (ydlidar_ros2_driver) StderrLine: {'line': b'  366 |   \x1b[01;36m\x1b[Kdeclare_parameter\x1b[m\x1b[K(\n'}
[6.717782] (ydlidar_ros2_driver) StderrLine: {'line': b'      |   \x1b[01;36m\x1b[K^~~~~~~~~~~~~~~~~\x1b[m\x1b[K\n'}
[6.717930] (ydlidar_ros2_driver) StderrLine: {'line': b'\x1b[01m\x1b[K/opt/ros/humble/include/rclcpp/rclcpp/node.hpp:366:3:\x1b[m\x1b[K \x1b[01;36m\x1b[Knote: \x1b[m\x1b[K  candidate expects 4 arguments, 1 provided\n'}
[6.718060] (ydlidar_ros2_driver) StderrLine: {'line': b'\x1b[01m\x1b[K/opt/ros/humble/include/rclcpp/rclcpp/node.hpp:391:3:\x1b[m\x1b[K \x1b[01;36m\x1b[Knote: \x1b[m\x1b[Kcandidate: \xe2\x80\x98\x1b[01m\x1b[Kconst rclcpp::ParameterValue& rclcpp::Node::declare_parameter(const string&, rclcpp::ParameterType, const ParameterDescriptor&, bool)\x1b[m\x1b[K\xe2\x80\x99\n'}
[6.718191] (ydlidar_ros2_driver) StderrLine: {'line': b'  391 |   \x1b[01;36m\x1b[Kdeclare_parameter\x1b[m\x1b[K(\n'}
[6.718317] (ydlidar_ros2_driver) StderrLine: {'line': b'      |   \x1b[01;36m\x1b[K^~~~~~~~~~~~~~~~~\x1b[m\x1b[K\n'}
[6.718442] (ydlidar_ros2_driver) StderrLine: {'line': b'\x1b[01m\x1b[K/opt/ros/humble/include/rclcpp/rclcpp/node.hpp:391:3:\x1b[m\x1b[K \x1b[01;36m\x1b[Knote: \x1b[m\x1b[K  candidate expects 4 arguments, 1 provided\n'}
[6.718569] (ydlidar_ros2_driver) StderrLine: {'line': b'\x1b[01m\x1b[K/home/geonmo/ydlidar_ws/src/ydlidar_ros2_driver/src/ydlidar_ros2_driver_node.cpp:176:28:\x1b[m\x1b[K \x1b[01;31m\x1b[Kerror: \x1b[m\x1b[Kno matching function for call to \xe2\x80\x98\x1b[01m\x1b[Krclcpp::Node::declare_parameter(const char [8])\x1b[m\x1b[K\xe2\x80\x99\n'}
[6.718701] (ydlidar_ros2_driver) StderrLine: {'line': b'  176 |     \x1b[01;31m\x1b[Knode->declare_parameter("m3_mode")\x1b[m\x1b[K;\n'}
[6.718826] (ydlidar_ros2_driver) StderrLine: {'line': b'      |     \x1b[01;31m\x1b[K~~~~~~~~~~~~~~~~~~~~~~~^~~~~~~~~~~\x1b[m\x1b[K\n'}
[6.718950] (ydlidar_ros2_driver) StderrLine: {'line': b'In file included from \x1b[01m\x1b[K/opt/ros/humble/include/rclcpp/rclcpp/executors/single_threaded_executor.hpp:28\x1b[m\x1b[K,\n'}
[6.719075] (ydlidar_ros2_driver) StderrLine: {'line': b'                 from \x1b[01m\x1b[K/opt/ros/humble/include/rclcpp/rclcpp/executors.hpp:22\x1b[m\x1b[K,\n'}
[6.719200] (ydlidar_ros2_driver) StderrLine: {'line': b'                 from \x1b[01m\x1b[K/opt/ros/humble/include/rclcpp/rclcpp/rclcpp.hpp:155\x1b[m\x1b[K,\n'}
[6.719324] (ydlidar_ros2_driver) StderrLine: {'line': b'                 from \x1b[01m\x1b[K/home/geonmo/ydlidar_ws/src/ydlidar_ros2_driver/src/ydlidar_ros2_driver_node.cpp:23\x1b[m\x1b[K:\n'}
[6.719450] (ydlidar_ros2_driver) StderrLine: {'line': b'\x1b[01m\x1b[K/opt/ros/humble/include/rclcpp/rclcpp/node.hpp:421:3:\x1b[m\x1b[K \x1b[01;36m\x1b[Knote: \x1b[m\x1b[Kcandidate: \xe2\x80\x98\x1b[01m\x1b[Ktemplate<class ParameterT> auto rclcpp::Node::declare_parameter(const string&, const ParameterT&, const ParameterDescriptor&, bool)\x1b[m\x1b[K\xe2\x80\x99\n'}
[6.719580] (ydlidar_ros2_driver) StderrLine: {'line': b'  421 |   \x1b[01;36m\x1b[Kdeclare_parameter\x1b[m\x1b[K(\n'}
[6.719702] (ydlidar_ros2_driver) StderrLine: {'line': b'      |   \x1b[01;36m\x1b[K^~~~~~~~~~~~~~~~~\x1b[m\x1b[K\n'}
[6.719824] (ydlidar_ros2_driver) StderrLine: {'line': b'\x1b[01m\x1b[K/opt/ros/humble/include/rclcpp/rclcpp/node.hpp:421:3:\x1b[m\x1b[K \x1b[01;36m\x1b[Knote: \x1b[m\x1b[K  template argument deduction/substitution failed:\n'}
[6.719951] (ydlidar_ros2_driver) StderrLine: {'line': b'\x1b[01m\x1b[K/home/geonmo/ydlidar_ws/src/ydlidar_ros2_driver/src/ydlidar_ros2_driver_node.cpp:176:28:\x1b[m\x1b[K \x1b[01;36m\x1b[Knote: \x1b[m\x1b[K  candidate expects 4 arguments, 1 provided\n'}
[6.720077] (ydlidar_ros2_driver) StderrLine: {'line': b'  176 |     \x1b[01;36m\x1b[Knode->declare_parameter("m3_mode")\x1b[m\x1b[K;\n'}
[6.720203] (ydlidar_ros2_driver) StderrLine: {'line': b'      |     \x1b[01;36m\x1b[K~~~~~~~~~~~~~~~~~~~~~~~^~~~~~~~~~~\x1b[m\x1b[K\n'}
[6.720328] (ydlidar_ros2_driver) StderrLine: {'line': b'In file included from \x1b[01m\x1b[K/opt/ros/humble/include/rclcpp/rclcpp/executors/single_threaded_executor.hpp:28\x1b[m\x1b[K,\n'}
[6.720454] (ydlidar_ros2_driver) StderrLine: {'line': b'                 from \x1b[01m\x1b[K/opt/ros/humble/include/rclcpp/rclcpp/executors.hpp:22\x1b[m\x1b[K,\n'}
[6.720600] (ydlidar_ros2_driver) StderrLine: {'line': b'                 from \x1b[01m\x1b[K/opt/ros/humble/include/rclcpp/rclcpp/rclcpp.hpp:155\x1b[m\x1b[K,\n'}
[6.720727] (ydlidar_ros2_driver) StderrLine: {'line': b'                 from \x1b[01m\x1b[K/home/geonmo/ydlidar_ws/src/ydlidar_ros2_driver/src/ydlidar_ros2_driver_node.cpp:23\x1b[m\x1b[K:\n'}
[6.720874] (ydlidar_ros2_driver) StderrLine: {'line': b'\x1b[01m\x1b[K/opt/ros/humble/include/rclcpp/rclcpp/node.hpp:434:3:\x1b[m\x1b[K \x1b[01;36m\x1b[Knote: \x1b[m\x1b[Kcandidate: \xe2\x80\x98\x1b[01m\x1b[Ktemplate<class ParameterT> auto rclcpp::Node::declare_parameter(const string&, const ParameterDescriptor&, bool)\x1b[m\x1b[K\xe2\x80\x99\n'}
[6.721022] (ydlidar_ros2_driver) StderrLine: {'line': b'  434 |   \x1b[01;36m\x1b[Kdeclare_parameter\x1b[m\x1b[K(\n'}
[6.721148] (ydlidar_ros2_driver) StderrLine: {'line': b'      |   \x1b[01;36m\x1b[K^~~~~~~~~~~~~~~~~\x1b[m\x1b[K\n'}
[6.721272] (ydlidar_ros2_driver) StderrLine: {'line': b'\x1b[01m\x1b[K/opt/ros/humble/include/rclcpp/rclcpp/node.hpp:434:3:\x1b[m\x1b[K \x1b[01;36m\x1b[Knote: \x1b[m\x1b[K  template argument deduction/substitution failed:\n'}
[6.721426] (ydlidar_ros2_driver) StderrLine: {'line': b'\x1b[01m\x1b[K/home/geonmo/ydlidar_ws/src/ydlidar_ros2_driver/src/ydlidar_ros2_driver_node.cpp:176:28:\x1b[m\x1b[K \x1b[01;36m\x1b[Knote: \x1b[m\x1b[K  couldn\xe2\x80\x99t deduce template parameter \xe2\x80\x98\x1b[01m\x1b[KParameterT\x1b[m\x1b[K\xe2\x80\x99\n'}
[6.721559] (ydlidar_ros2_driver) StderrLine: {'line': b'  176 |     \x1b[01;36m\x1b[Knode->declare_parameter("m3_mode")\x1b[m\x1b[K;\n'}
[6.721686] (ydlidar_ros2_driver) StderrLine: {'line': b'      |     \x1b[01;36m\x1b[K~~~~~~~~~~~~~~~~~~~~~~~^~~~~~~~~~~\x1b[m\x1b[K\n'}
[6.721812] (ydlidar_ros2_driver) StderrLine: {'line': b'In file included from \x1b[01m\x1b[K/opt/ros/humble/include/rclcpp/rclcpp/executors/single_threaded_executor.hpp:28\x1b[m\x1b[K,\n'}
[6.721939] (ydlidar_ros2_driver) StderrLine: {'line': b'                 from \x1b[01m\x1b[K/opt/ros/humble/include/rclcpp/rclcpp/executors.hpp:22\x1b[m\x1b[K,\n'}
[6.722064] (ydlidar_ros2_driver) StderrLine: {'line': b'                 from \x1b[01m\x1b[K/opt/ros/humble/include/rclcpp/rclcpp/rclcpp.hpp:155\x1b[m\x1b[K,\n'}
[6.722190] (ydlidar_ros2_driver) StderrLine: {'line': b'                 from \x1b[01m\x1b[K/home/geonmo/ydlidar_ws/src/ydlidar_ros2_driver/src/ydlidar_ros2_driver_node.cpp:23\x1b[m\x1b[K:\n'}
[6.722315] (ydlidar_ros2_driver) StderrLine: {'line': b'\x1b[01m\x1b[K/opt/ros/humble/include/rclcpp/rclcpp/node.hpp:366:3:\x1b[m\x1b[K \x1b[01;36m\x1b[Knote: \x1b[m\x1b[Kcandidate: \xe2\x80\x98\x1b[01m\x1b[Kconst rclcpp::ParameterValue& rclcpp::Node::declare_parameter(const string&, const rclcpp::ParameterValue&, const ParameterDescriptor&, bool)\x1b[m\x1b[K\xe2\x80\x99\n'}
[6.722451] (ydlidar_ros2_driver) StderrLine: {'line': b'  366 |   \x1b[01;36m\x1b[Kdeclare_parameter\x1b[m\x1b[K(\n'}
[6.722599] (ydlidar_ros2_driver) StderrLine: {'line': b'      |   \x1b[01;36m\x1b[K^~~~~~~~~~~~~~~~~\x1b[m\x1b[K\n'}
[6.722724] (ydlidar_ros2_driver) StderrLine: {'line': b'\x1b[01m\x1b[K/opt/ros/humble/include/rclcpp/rclcpp/node.hpp:366:3:\x1b[m\x1b[K \x1b[01;36m\x1b[Knote: \x1b[m\x1b[K  candidate expects 4 arguments, 1 provided\n'}
[6.722850] (ydlidar_ros2_driver) StderrLine: {'line': b'\x1b[01m\x1b[K/opt/ros/humble/include/rclcpp/rclcpp/node.hpp:391:3:\x1b[m\x1b[K \x1b[01;36m\x1b[Knote: \x1b[m\x1b[Kcandidate: \xe2\x80\x98\x1b[01m\x1b[Kconst rclcpp::ParameterValue& rclcpp::Node::declare_parameter(const string&, rclcpp::ParameterType, const ParameterDescriptor&, bool)\x1b[m\x1b[K\xe2\x80\x99\n'}
[6.722979] (ydlidar_ros2_driver) StderrLine: {'line': b'  391 |   \x1b[01;36m\x1b[Kdeclare_parameter\x1b[m\x1b[K(\n'}
[6.723103] (ydlidar_ros2_driver) StderrLine: {'line': b'      |   \x1b[01;36m\x1b[K^~~~~~~~~~~~~~~~~\x1b[m\x1b[K\n'}
[6.723226] (ydlidar_ros2_driver) StderrLine: {'line': b'\x1b[01m\x1b[K/opt/ros/humble/include/rclcpp/rclcpp/node.hpp:391:3:\x1b[m\x1b[K \x1b[01;36m\x1b[Knote: \x1b[m\x1b[K  candidate expects 4 arguments, 1 provided\n'}
[6.723372] (ydlidar_ros2_driver) StderrLine: {'line': b'\x1b[01m\x1b[K/home/geonmo/ydlidar_ws/src/ydlidar_ros2_driver/src/ydlidar_ros2_driver_node.cpp:\x1b[m\x1b[K In lambda function:\n'}
[6.723499] (ydlidar_ros2_driver) StderrLine: {'line': b'\x1b[01m\x1b[K/home/geonmo/ydlidar_ws/src/ydlidar_ros2_driver/src/ydlidar_ros2_driver_node.cpp:190:54:\x1b[m\x1b[K \x1b[01;35m\x1b[Kwarning: \x1b[m\x1b[Kunused parameter \xe2\x80\x98\x1b[01m\x1b[Krequest_header\x1b[m\x1b[K\xe2\x80\x99 [\x1b[01;35m\x1b[K\x1b]8;;https://gcc.gnu.org/onlinedocs/gcc/Warning-Options.html#index-Wunused-parameter\x07-Wunused-parameter\x1b]8;;\x07\x1b[m\x1b[K]\n'}
[6.723637] (ydlidar_ros2_driver) StderrLine: {'line': b'  190 |     [&laser](\x1b[01;35m\x1b[Kconst std::shared_ptr<rmw_request_id_t> request_header\x1b[m\x1b[K,\n'}
[6.723763] (ydlidar_ros2_driver) StderrLine: {'line': b'      |              \x1b[01;35m\x1b[K~~~~~~~~~~~~~~~~~~~~~~~~~~~~~~~~~~~~~~~~^~~~~~~~~~~~~~\x1b[m\x1b[K\n'}
[6.723888] (ydlidar_ros2_driver) StderrLine: {'line': b'\x1b[01m\x1b[K/home/geonmo/ydlidar_ws/src/ydlidar_ros2_driver/src/ydlidar_ros2_driver_node.cpp:191:56:\x1b[m\x1b[K \x1b[01;35m\x1b[Kwarning: \x1b[m\x1b[Kunused parameter \xe2\x80\x98\x1b[01m\x1b[Kreq\x1b[m\x1b[K\xe2\x80\x99 [\x1b[01;35m\x1b[K\x1b]8;;https://gcc.gnu.org/onlinedocs/gcc/Warning-Options.html#index-Wunused-parameter\x07-Wunused-parameter\x1b]8;;\x07\x1b[m\x1b[K]\n'}
[6.724021] (ydlidar_ros2_driver) StderrLine: {'line': b'  191 |   \x1b[01;35m\x1b[Kconst std::shared_ptr<std_srvs::srv::Empty::Request> req\x1b[m\x1b[K,\n'}
[6.724146] (ydlidar_ros2_driver) StderrLine: {'line': b'      |   \x1b[01;35m\x1b[K~~~~~~~~~~~~~~~~~~~~~~~~~~~~~~~~~~~~~~~~~~~~~~~~~~~~~^~~\x1b[m\x1b[K\n'}
[6.724269] (ydlidar_ros2_driver) StderrLine: {'line': b'\x1b[01m\x1b[K/home/geonmo/ydlidar_ws/src/ydlidar_ros2_driver/src/ydlidar_ros2_driver_node.cpp:192:51:\x1b[m\x1b[K \x1b[01;35m\x1b[Kwarning: \x1b[m\x1b[Kunused parameter \xe2\x80\x98\x1b[01m\x1b[Kresponse\x1b[m\x1b[K\xe2\x80\x99 [\x1b[01;35m\x1b[K\x1b]8;;https://gcc.gnu.org/onlinedocs/gcc/Warning-Options.html#index-Wunused-parameter\x07-Wunused-parameter\x1b]8;;\x07\x1b[m\x1b[K]\n'}
[6.724403] (ydlidar_ros2_driver) StderrLine: {'line': b'  192 |   \x1b[01;35m\x1b[Kstd::shared_ptr<std_srvs::srv::Empty::Response> response\x1b[m\x1b[K) -> bool\n'}
[6.724529] (ydlidar_ros2_driver) StderrLine: {'line': b'      |   \x1b[01;35m\x1b[K~~~~~~~~~~~~~~~~~~~~~~~~~~~~~~~~~~~~~~~~~~~~~~~~^~~~~~~~\x1b[m\x1b[K\n'}
[6.724655] (ydlidar_ros2_driver) StderrLine: {'line': b'\x1b[01m\x1b[K/home/geonmo/ydlidar_ws/src/ydlidar_ros2_driver/src/ydlidar_ros2_driver_node.cpp:\x1b[m\x1b[K In lambda function:\n'}
[6.724780] (ydlidar_ros2_driver) StderrLine: {'line': b'\x1b[01m\x1b[K/home/geonmo/ydlidar_ws/src/ydlidar_ros2_driver/src/ydlidar_ros2_driver_node.cpp:200:54:\x1b[m\x1b[K \x1b[01;35m\x1b[Kwarning: \x1b[m\x1b[Kunused parameter \xe2\x80\x98\x1b[01m\x1b[Krequest_header\x1b[m\x1b[K\xe2\x80\x99 [\x1b[01;35m\x1b[K\x1b]8;;https://gcc.gnu.org/onlinedocs/gcc/Warning-Options.html#index-Wunused-parameter\x07-Wunused-parameter\x1b]8;;\x07\x1b[m\x1b[K]\n'}
[6.724945] (ydlidar_ros2_driver) StderrLine: {'line': b'  200 |     [&laser](\x1b[01;35m\x1b[Kconst std::shared_ptr<rmw_request_id_t> request_header\x1b[m\x1b[K,\n'}
[6.725073] (ydlidar_ros2_driver) StderrLine: {'line': b'      |              \x1b[01;35m\x1b[K~~~~~~~~~~~~~~~~~~~~~~~~~~~~~~~~~~~~~~~~^~~~~~~~~~~~~~\x1b[m\x1b[K\n'}
[6.725199] (ydlidar_ros2_driver) StderrLine: {'line': b'\x1b[01m\x1b[K/home/geonmo/ydlidar_ws/src/ydlidar_ros2_driver/src/ydlidar_ros2_driver_node.cpp:201:56:\x1b[m\x1b[K \x1b[01;35m\x1b[Kwarning: \x1b[m\x1b[Kunused parameter \xe2\x80\x98\x1b[01m\x1b[Kreq\x1b[m\x1b[K\xe2\x80\x99 [\x1b[01;35m\x1b[K\x1b]8;;https://gcc.gnu.org/onlinedocs/gcc/Warning-Options.html#index-Wunused-parameter\x07-Wunused-parameter\x1b]8;;\x07\x1b[m\x1b[K]\n'}
[6.725357] (ydlidar_ros2_driver) StderrLine: {'line': b'  201 |   \x1b[01;35m\x1b[Kconst std::shared_ptr<std_srvs::srv::Empty::Request> req\x1b[m\x1b[K,\n'}
[6.725513] (ydlidar_ros2_driver) StderrLine: {'line': b'      |   \x1b[01;35m\x1b[K~~~~~~~~~~~~~~~~~~~~~~~~~~~~~~~~~~~~~~~~~~~~~~~~~~~~~^~~\x1b[m\x1b[K\n'}
[6.725645] (ydlidar_ros2_driver) StderrLine: {'line': b'\x1b[01m\x1b[K/home/geonmo/ydlidar_ws/src/ydlidar_ros2_driver/src/ydlidar_ros2_driver_node.cpp:202:51:\x1b[m\x1b[K \x1b[01;35m\x1b[Kwarning: \x1b[m\x1b[Kunused parameter \xe2\x80\x98\x1b[01m\x1b[Kresponse\x1b[m\x1b[K\xe2\x80\x99 [\x1b[01;35m\x1b[K\x1b]8;;https://gcc.gnu.org/onlinedocs/gcc/Warning-Options.html#index-Wunused-parameter\x07-Wunused-parameter\x1b]8;;\x07\x1b[m\x1b[K]\n'}
[6.725796] (ydlidar_ros2_driver) StderrLine: {'line': b'  202 |   \x1b[01;35m\x1b[Kstd::shared_ptr<std_srvs::srv::Empty::Response> response\x1b[m\x1b[K) -> bool\n'}
[6.725928] (ydlidar_ros2_driver) StderrLine: {'line': b'      |   \x1b[01;35m\x1b[K~~~~~~~~~~~~~~~~~~~~~~~~~~~~~~~~~~~~~~~~~~~~~~~~^~~~~~~~\x1b[m\x1b[K\n'}
[6.726061] (ydlidar_ros2_driver) StderrLine: {'line': b'\x1b[01m\x1b[K/home/geonmo/ydlidar_ws/src/ydlidar_ros2_driver/src/ydlidar_ros2_driver_node.cpp:\x1b[m\x1b[K In function \xe2\x80\x98\x1b[01m\x1b[Kint main(int, char**)\x1b[m\x1b[K\xe2\x80\x99:\n'}
[6.726189] (ydlidar_ros2_driver) StderrLine: {'line': b'\x1b[01m\x1b[K/home/geonmo/ydlidar_ws/src/ydlidar_ros2_driver/src/ydlidar_ros2_driver_node.cpp:235:21:\x1b[m\x1b[K \x1b[01;35m\x1b[Kwarning: \x1b[m\x1b[Kunused variable \xe2\x80\x98\x1b[01m\x1b[Kp\x1b[m\x1b[K\xe2\x80\x99 [\x1b[01;35m\x1b[K\x1b]8;;https://gcc.gnu.org/onlinedocs/gcc/Warning-Options.html#index-Wunused-variable\x07-Wunused-variable\x1b]8;;\x07\x1b[m\x1b[K]\n'}
[6.726343] (ydlidar_ros2_driver) StderrLine: {'line': b'  235 |         const auto& \x1b[01;35m\x1b[Kp\x1b[m\x1b[K = scan.points.at(i);\n'}
[6.726477] (ydlidar_ros2_driver) StderrLine: {'line': b'      |                     \x1b[01;35m\x1b[K^\x1b[m\x1b[K\n'}
[6.743333] (-) TimerEvent: {}
[6.844048] (-) TimerEvent: {}
[6.944722] (-) TimerEvent: {}
[7.045374] (-) TimerEvent: {}
[7.145964] (-) TimerEvent: {}
[7.246630] (-) TimerEvent: {}
[7.347320] (-) TimerEvent: {}
[7.448026] (-) TimerEvent: {}
[7.548736] (-) TimerEvent: {}
[7.649455] (-) TimerEvent: {}
[7.750174] (-) TimerEvent: {}
[7.850852] (-) TimerEvent: {}
[7.951527] (-) TimerEvent: {}
[8.052255] (-) TimerEvent: {}
[8.152959] (-) TimerEvent: {}
[8.253696] (-) TimerEvent: {}
[8.354601] (-) TimerEvent: {}
[8.455530] (-) TimerEvent: {}
[8.556248] (-) TimerEvent: {}
[8.656975] (-) TimerEvent: {}
[8.757720] (-) TimerEvent: {}
[8.858650] (-) TimerEvent: {}
[8.952686] (ydlidar_ros2_driver) StderrLine: {'line': b'gmake[2]: *** [CMakeFiles/ydlidar_ros2_driver_node.dir/build.make:76: CMakeFiles/ydlidar_ros2_driver_node.dir/src/ydlidar_ros2_driver_node.cpp.o] Error 1\n'}
[8.953891] (ydlidar_ros2_driver) StderrLine: {'line': b'gmake[1]: *** [CMakeFiles/Makefile2:139: CMakeFiles/ydlidar_ros2_driver_node.dir/all] Error 2\n'}
[8.954178] (ydlidar_ros2_driver) StderrLine: {'line': b'gmake: *** [Makefile:146: all] Error 2\n'}
[8.959293] (ydlidar_ros2_driver) CommandEnded: {'returncode': 2}
[8.960460] (-) TimerEvent: {}
[8.990708] (ydlidar_ros2_driver) JobEnded: {'identifier': 'ydlidar_ros2_driver', 'rc': 2}
[9.001938] (-) EventReactorShutdown: {}
