[0.016s] Invoking command in '/home/geonmo/ydlidar_ws/build/ydlidar_ros2_driver': CMAKE_PREFIX_PATH=/opt/ros/humble /usr/bin/cmake /home/geonmo/ydlidar_ws/src/ydlidar_ros2_driver -DAMENT_CMAKE_SYMLINK_INSTALL=1 -DCMAKE_INSTALL_PREFIX=/home/geonmo/ydlidar_ws/install/ydlidar_ros2_driver
[0.118s] -- The C compiler identification is GNU 11.4.0
[0.222s] -- The CXX compiler identification is GNU 11.4.0
[0.240s] -- Detecting C compiler ABI info
[0.381s] -- Detecting C compiler ABI info - done
[0.406s] -- Check for working C compiler: /usr/bin/cc - skipped
[0.407s] -- Detecting C compile features
[0.408s] -- Detecting C compile features - done
[0.419s] -- Detecting CXX compiler ABI info
[0.569s] -- Detecting CXX compiler ABI info - done
[0.594s] -- Check for working CXX compiler: /usr/bin/c++ - skipped
[0.595s] -- Detecting CXX compile features
[0.597s] -- Detecting CXX compile features - done
[0.612s] -- Found ament_cmake: 1.3.12 (/opt/ros/humble/share/ament_cmake/cmake)
[0.929s] -- Found Python3: /usr/bin/python3 (found version "3.10.12") found components: Interpreter 
[1.073s] -- Override CMake install command with custom implementation using symlinks instead of copying resources
[1.134s] -- Found rclcpp: 16.0.17 (/opt/ros/humble/share/rclcpp/cmake)
[1.229s] -- Found rosidl_generator_c: 3.1.8 (/opt/ros/humble/share/rosidl_generator_c/cmake)
[1.239s] -- Found rosidl_adapter: 3.1.8 (/opt/ros/humble/share/rosidl_adapter/cmake)
[1.258s] -- Found rosidl_generator_cpp: 3.1.8 (/opt/ros/humble/share/rosidl_generator_cpp/cmake)
[1.287s] -- Using all available rosidl_typesupport_c: rosidl_typesupport_fastrtps_c;rosidl_typesupport_introspection_c
[1.323s] -- Using all available rosidl_typesupport_cpp: rosidl_typesupport_fastrtps_cpp;rosidl_typesupport_introspection_cpp
[1.418s] -- Found rmw_implementation_cmake: 6.1.2 (/opt/ros/humble/share/rmw_implementation_cmake/cmake)
[1.424s] -- Found rmw_fastrtps_cpp: 6.2.9 (/opt/ros/humble/share/rmw_fastrtps_cpp/cmake)
[1.586s] -- Found OpenSSL: /usr/lib/aarch64-linux-gnu/libcrypto.so (found version "3.0.2")  
[1.648s] -- Found FastRTPS: /opt/ros/humble/include  
[1.722s] -- Using RMW implementation 'rmw_fastrtps_cpp' as default
[1.739s] -- Looking for pthread.h
[1.875s] -- Looking for pthread.h - found
[1.875s] -- Performing Test CMAKE_HAVE_LIBC_PTHREAD
[2.019s] -- Performing Test CMAKE_HAVE_LIBC_PTHREAD - Success
[2.022s] -- Found Threads: TRUE  
[2.185s] -- Found sensor_msgs: 4.9.0 (/opt/ros/humble/share/sensor_msgs/cmake)
[2.254s] -- Found visualization_msgs: 4.9.0 (/opt/ros/humble/share/visualization_msgs/cmake)
[2.296s] -- Found std_srvs: 4.9.0 (/opt/ros/humble/share/std_srvs/cmake)
[2.331s] -- Found ament_lint_auto: 0.12.14 (/opt/ros/humble/share/ament_lint_auto/cmake)
[2.518s] -- Added test 'copyright' to check source files copyright and LICENSE
[2.526s] -- Added test 'cppcheck' to perform static code analysis on C / C++ code
[2.527s] -- Configured cppcheck include dirs: /home/geonmo/ydlidar_ws/src/ydlidar_ros2_driver/src
[2.527s] -- Configured cppcheck exclude dirs and/or files: 
[2.535s] -- Added test 'cpplint' to check C / C++ code against the Google style
[2.536s] -- Configured cpplint exclude dirs and/or files: 
[2.537s] -- Added test 'flake8' to check Python code syntax and style conventions
[2.541s] -- Added test 'lint_cmake' to check CMake code style
[2.543s] -- Added test 'pep257' to check Python code against some of the docstring style conventions in PEP 257
[2.551s] -- Added test 'uncrustify' to check C / C++ code style
[2.551s] -- Configured uncrustify additional arguments: 
[2.553s] -- Added test 'xmllint' to check XML markup files
[2.557s] -- Configuring done
[2.588s] -- Generating done
[2.598s] -- Build files have been written to: /home/geonmo/ydlidar_ws/build/ydlidar_ros2_driver
[2.625s] Invoked command in '/home/geonmo/ydlidar_ws/build/ydlidar_ros2_driver' returned '0': CMAKE_PREFIX_PATH=/opt/ros/humble /usr/bin/cmake /home/geonmo/ydlidar_ws/src/ydlidar_ros2_driver -DAMENT_CMAKE_SYMLINK_INSTALL=1 -DCMAKE_INSTALL_PREFIX=/home/geonmo/ydlidar_ws/install/ydlidar_ros2_driver
[2.631s] Invoking command in '/home/geonmo/ydlidar_ws/build/ydlidar_ros2_driver': CMAKE_PREFIX_PATH=/opt/ros/humble /usr/bin/cmake --build /home/geonmo/ydlidar_ws/build/ydlidar_ros2_driver -- -j4 -l4
[2.726s] [ 50%] [32mBuilding CXX object CMakeFiles/ydlidar_ros2_driver_node.dir/src/ydlidar_ros2_driver_node.cpp.o[0m
[2.726s] [ 50%] [32mBuilding CXX object CMakeFiles/ydlidar_ros2_driver_client.dir/src/ydlidar_ros2_driver_client.cpp.o[0m
[8.451s] [01m[K/home/geonmo/ydlidar_ws/src/ydlidar_ros2_driver/src/ydlidar_ros2_driver_node.cpp:[m[K In function ‘[01m[Kint main(int, char**)[m[K’:
[8.451s] [01m[K/home/geonmo/ydlidar_ws/src/ydlidar_ros2_driver/src/ydlidar_ros2_driver_node.cpp:44:26:[m[K [01;31m[Kerror: [m[Kno matching function for call to ‘[01m[Krclcpp::Node::declare_parameter(const char [5])[m[K’
[8.451s]    44 |   [01;31m[Knode->declare_parameter("port")[m[K;
[8.452s]       |   [01;31m[K~~~~~~~~~~~~~~~~~~~~~~~^~~~~~~~[m[K
[8.459s] In file included from [01m[K/opt/ros/humble/include/rclcpp/rclcpp/executors/single_threaded_executor.hpp:28[m[K,
[8.459s]                  from [01m[K/opt/ros/humble/include/rclcpp/rclcpp/executors.hpp:22[m[K,
[8.459s]                  from [01m[K/opt/ros/humble/include/rclcpp/rclcpp/rclcpp.hpp:155[m[K,
[8.460s]                  from [01m[K/home/geonmo/ydlidar_ws/src/ydlidar_ros2_driver/src/ydlidar_ros2_driver_node.cpp:23[m[K:
[8.461s] [01m[K/opt/ros/humble/include/rclcpp/rclcpp/node.hpp:421:3:[m[K [01;36m[Knote: [m[Kcandidate: ‘[01m[Ktemplate<class ParameterT> auto rclcpp::Node::declare_parameter(const string&, const ParameterT&, const ParameterDescriptor&, bool)[m[K’
[8.461s]   421 |   [01;36m[Kdeclare_parameter[m[K(
[8.461s]       |   [01;36m[K^~~~~~~~~~~~~~~~~[m[K
[8.462s] [01m[K/opt/ros/humble/include/rclcpp/rclcpp/node.hpp:421:3:[m[K [01;36m[Knote: [m[K  template argument deduction/substitution failed:
[8.462s] [01m[K/home/geonmo/ydlidar_ws/src/ydlidar_ros2_driver/src/ydlidar_ros2_driver_node.cpp:44:26:[m[K [01;36m[Knote: [m[K  candidate expects 4 arguments, 1 provided
[8.462s]    44 |   [01;36m[Knode->declare_parameter("port")[m[K;
[8.463s]       |   [01;36m[K~~~~~~~~~~~~~~~~~~~~~~~^~~~~~~~[m[K
[8.463s] In file included from [01m[K/opt/ros/humble/include/rclcpp/rclcpp/executors/single_threaded_executor.hpp:28[m[K,
[8.463s]                  from [01m[K/opt/ros/humble/include/rclcpp/rclcpp/executors.hpp:22[m[K,
[8.464s]                  from [01m[K/opt/ros/humble/include/rclcpp/rclcpp/rclcpp.hpp:155[m[K,
[8.464s]                  from [01m[K/home/geonmo/ydlidar_ws/src/ydlidar_ros2_driver/src/ydlidar_ros2_driver_node.cpp:23[m[K:
[8.464s] [01m[K/opt/ros/humble/include/rclcpp/rclcpp/node.hpp:434:3:[m[K [01;36m[Knote: [m[Kcandidate: ‘[01m[Ktemplate<class ParameterT> auto rclcpp::Node::declare_parameter(const string&, const ParameterDescriptor&, bool)[m[K’
[8.465s]   434 |   [01;36m[Kdeclare_parameter[m[K(
[8.465s]       |   [01;36m[K^~~~~~~~~~~~~~~~~[m[K
[8.465s] [01m[K/opt/ros/humble/include/rclcpp/rclcpp/node.hpp:434:3:[m[K [01;36m[Knote: [m[K  template argument deduction/substitution failed:
[8.466s] [01m[K/home/geonmo/ydlidar_ws/src/ydlidar_ros2_driver/src/ydlidar_ros2_driver_node.cpp:44:26:[m[K [01;36m[Knote: [m[K  couldn’t deduce template parameter ‘[01m[KParameterT[m[K’
[8.466s]    44 |   [01;36m[Knode->declare_parameter("port")[m[K;
[8.466s]       |   [01;36m[K~~~~~~~~~~~~~~~~~~~~~~~^~~~~~~~[m[K
[8.467s] In file included from [01m[K/opt/ros/humble/include/rclcpp/rclcpp/executors/single_threaded_executor.hpp:28[m[K,
[8.467s]                  from [01m[K/opt/ros/humble/include/rclcpp/rclcpp/executors.hpp:22[m[K,
[8.468s]                  from [01m[K/opt/ros/humble/include/rclcpp/rclcpp/rclcpp.hpp:155[m[K,
[8.468s]                  from [01m[K/home/geonmo/ydlidar_ws/src/ydlidar_ros2_driver/src/ydlidar_ros2_driver_node.cpp:23[m[K:
[8.468s] [01m[K/opt/ros/humble/include/rclcpp/rclcpp/node.hpp:366:3:[m[K [01;36m[Knote: [m[Kcandidate: ‘[01m[Kconst rclcpp::ParameterValue& rclcpp::Node::declare_parameter(const string&, const rclcpp::ParameterValue&, const ParameterDescriptor&, bool)[m[K’
[8.469s]   366 |   [01;36m[Kdeclare_parameter[m[K(
[8.469s]       |   [01;36m[K^~~~~~~~~~~~~~~~~[m[K
[8.469s] [01m[K/opt/ros/humble/include/rclcpp/rclcpp/node.hpp:366:3:[m[K [01;36m[Knote: [m[K  candidate expects 4 arguments, 1 provided
[8.470s] [01m[K/opt/ros/humble/include/rclcpp/rclcpp/node.hpp:391:3:[m[K [01;36m[Knote: [m[Kcandidate: ‘[01m[Kconst rclcpp::ParameterValue& rclcpp::Node::declare_parameter(const string&, rclcpp::ParameterType, const ParameterDescriptor&, bool)[m[K’
[8.470s]   391 |   [01;36m[Kdeclare_parameter[m[K(
[8.470s]       |   [01;36m[K^~~~~~~~~~~~~~~~~[m[K
[8.471s] [01m[K/opt/ros/humble/include/rclcpp/rclcpp/node.hpp:391:3:[m[K [01;36m[Knote: [m[K  candidate expects 4 arguments, 1 provided
[8.471s] [01m[K/home/geonmo/ydlidar_ws/src/ydlidar_ros2_driver/src/ydlidar_ros2_driver_node.cpp:51:26:[m[K [01;31m[Kerror: [m[Kno matching function for call to ‘[01m[Krclcpp::Node::declare_parameter(const char [13])[m[K’
[8.472s]    51 |   [01;31m[Knode->declare_parameter("ignore_array")[m[K;
[8.472s]       |   [01;31m[K~~~~~~~~~~~~~~~~~~~~~~~^~~~~~~~~~~~~~~~[m[K
[8.472s] In file included from [01m[K/opt/ros/humble/include/rclcpp/rclcpp/executors/single_threaded_executor.hpp:28[m[K,
[8.472s]                  from [01m[K/opt/ros/humble/include/rclcpp/rclcpp/executors.hpp:22[m[K,
[8.472s]                  from [01m[K/opt/ros/humble/include/rclcpp/rclcpp/rclcpp.hpp:155[m[K,
[8.473s]                  from [01m[K/home/geonmo/ydlidar_ws/src/ydlidar_ros2_driver/src/ydlidar_ros2_driver_node.cpp:23[m[K:
[8.473s] [01m[K/opt/ros/humble/include/rclcpp/rclcpp/node.hpp:421:3:[m[K [01;36m[Knote: [m[Kcandidate: ‘[01m[Ktemplate<class ParameterT> auto rclcpp::Node::declare_parameter(const string&, const ParameterT&, const ParameterDescriptor&, bool)[m[K’
[8.473s]   421 |   [01;36m[Kdeclare_parameter[m[K(
[8.473s]       |   [01;36m[K^~~~~~~~~~~~~~~~~[m[K
[8.473s] [01m[K/opt/ros/humble/include/rclcpp/rclcpp/node.hpp:421:3:[m[K [01;36m[Knote: [m[K  template argument deduction/substitution failed:
[8.473s] [01m[K/home/geonmo/ydlidar_ws/src/ydlidar_ros2_driver/src/ydlidar_ros2_driver_node.cpp:51:26:[m[K [01;36m[Knote: [m[K  candidate expects 4 arguments, 1 provided
[8.473s]    51 |   [01;36m[Knode->declare_parameter("ignore_array")[m[K;
[8.473s]       |   [01;36m[K~~~~~~~~~~~~~~~~~~~~~~~^~~~~~~~~~~~~~~~[m[K
[8.473s] In file included from [01m[K/opt/ros/humble/include/rclcpp/rclcpp/executors/single_threaded_executor.hpp:28[m[K,
[8.474s]                  from [01m[K/opt/ros/humble/include/rclcpp/rclcpp/executors.hpp:22[m[K,
[8.474s]                  from [01m[K/opt/ros/humble/include/rclcpp/rclcpp/rclcpp.hpp:155[m[K,
[8.474s]                  from [01m[K/home/geonmo/ydlidar_ws/src/ydlidar_ros2_driver/src/ydlidar_ros2_driver_node.cpp:23[m[K:
[8.474s] [01m[K/opt/ros/humble/include/rclcpp/rclcpp/node.hpp:434:3:[m[K [01;36m[Knote: [m[Kcandidate: ‘[01m[Ktemplate<class ParameterT> auto rclcpp::Node::declare_parameter(const string&, const ParameterDescriptor&, bool)[m[K’
[8.474s]   434 |   [01;36m[Kdeclare_parameter[m[K(
[8.474s]       |   [01;36m[K^~~~~~~~~~~~~~~~~[m[K
[8.474s] [01m[K/opt/ros/humble/include/rclcpp/rclcpp/node.hpp:434:3:[m[K [01;36m[Knote: [m[K  template argument deduction/substitution failed:
[8.474s] [01m[K/home/geonmo/ydlidar_ws/src/ydlidar_ros2_driver/src/ydlidar_ros2_driver_node.cpp:51:26:[m[K [01;36m[Knote: [m[K  couldn’t deduce template parameter ‘[01m[KParameterT[m[K’
[8.475s]    51 |   [01;36m[Knode->declare_parameter("ignore_array")[m[K;
[8.475s]       |   [01;36m[K~~~~~~~~~~~~~~~~~~~~~~~^~~~~~~~~~~~~~~~[m[K
[8.475s] In file included from [01m[K/opt/ros/humble/include/rclcpp/rclcpp/executors/single_threaded_executor.hpp:28[m[K,
[8.475s]                  from [01m[K/opt/ros/humble/include/rclcpp/rclcpp/executors.hpp:22[m[K,
[8.475s]                  from [01m[K/opt/ros/humble/include/rclcpp/rclcpp/rclcpp.hpp:155[m[K,
[8.475s]                  from [01m[K/home/geonmo/ydlidar_ws/src/ydlidar_ros2_driver/src/ydlidar_ros2_driver_node.cpp:23[m[K:
[8.475s] [01m[K/opt/ros/humble/include/rclcpp/rclcpp/node.hpp:366:3:[m[K [01;36m[Knote: [m[Kcandidate: ‘[01m[Kconst rclcpp::ParameterValue& rclcpp::Node::declare_parameter(const string&, const rclcpp::ParameterValue&, const ParameterDescriptor&, bool)[m[K’
[8.475s]   366 |   [01;36m[Kdeclare_parameter[m[K(
[8.476s]       |   [01;36m[K^~~~~~~~~~~~~~~~~[m[K
[8.476s] [01m[K/opt/ros/humble/include/rclcpp/rclcpp/node.hpp:366:3:[m[K [01;36m[Knote: [m[K  candidate expects 4 arguments, 1 provided
[8.476s] [01m[K/opt/ros/humble/include/rclcpp/rclcpp/node.hpp:391:3:[m[K [01;36m[Knote: [m[Kcandidate: ‘[01m[Kconst rclcpp::ParameterValue& rclcpp::Node::declare_parameter(const string&, rclcpp::ParameterType, const ParameterDescriptor&, bool)[m[K’
[8.476s]   391 |   [01;36m[Kdeclare_parameter[m[K(
[8.476s]       |   [01;36m[K^~~~~~~~~~~~~~~~~[m[K
[8.476s] [01m[K/opt/ros/humble/include/rclcpp/rclcpp/node.hpp:391:3:[m[K [01;36m[Knote: [m[K  candidate expects 4 arguments, 1 provided
[8.476s] [01m[K/home/geonmo/ydlidar_ws/src/ydlidar_ros2_driver/src/ydlidar_ros2_driver_node.cpp:56:26:[m[K [01;31m[Kerror: [m[Kno matching function for call to ‘[01m[Krclcpp::Node::declare_parameter(const char [9])[m[K’
[8.476s]    56 |   [01;31m[Knode->declare_parameter("frame_id")[m[K;
[8.477s]       |   [01;31m[K~~~~~~~~~~~~~~~~~~~~~~~^~~~~~~~~~~~[m[K
[8.477s] In file included from [01m[K/opt/ros/humble/include/rclcpp/rclcpp/executors/single_threaded_executor.hpp:28[m[K,
[8.477s]                  from [01m[K/opt/ros/humble/include/rclcpp/rclcpp/executors.hpp:22[m[K,
[8.477s]                  from [01m[K/opt/ros/humble/include/rclcpp/rclcpp/rclcpp.hpp:155[m[K,
[8.477s]                  from [01m[K/home/geonmo/ydlidar_ws/src/ydlidar_ros2_driver/src/ydlidar_ros2_driver_node.cpp:23[m[K:
[8.477s] [01m[K/opt/ros/humble/include/rclcpp/rclcpp/node.hpp:421:3:[m[K [01;36m[Knote: [m[Kcandidate: ‘[01m[Ktemplate<class ParameterT> auto rclcpp::Node::declare_parameter(const string&, const ParameterT&, const ParameterDescriptor&, bool)[m[K’
[8.477s]   421 |   [01;36m[Kdeclare_parameter[m[K(
[8.477s]       |   [01;36m[K^~~~~~~~~~~~~~~~~[m[K
[8.478s] [01m[K/opt/ros/humble/include/rclcpp/rclcpp/node.hpp:421:3:[m[K [01;36m[Knote: [m[K  template argument deduction/substitution failed:
[8.478s] [01m[K/home/geonmo/ydlidar_ws/src/ydlidar_ros2_driver/src/ydlidar_ros2_driver_node.cpp:56:26:[m[K [01;36m[Knote: [m[K  candidate expects 4 arguments, 1 provided
[8.478s]    56 |   [01;36m[Knode->declare_parameter("frame_id")[m[K;
[8.478s]       |   [01;36m[K~~~~~~~~~~~~~~~~~~~~~~~^~~~~~~~~~~~[m[K
[8.478s] In file included from [01m[K/opt/ros/humble/include/rclcpp/rclcpp/executors/single_threaded_executor.hpp:28[m[K,
[8.478s]                  from [01m[K/opt/ros/humble/include/rclcpp/rclcpp/executors.hpp:22[m[K,
[8.478s]                  from [01m[K/opt/ros/humble/include/rclcpp/rclcpp/rclcpp.hpp:155[m[K,
[8.478s]                  from [01m[K/home/geonmo/ydlidar_ws/src/ydlidar_ros2_driver/src/ydlidar_ros2_driver_node.cpp:23[m[K:
[8.478s] [01m[K/opt/ros/humble/include/rclcpp/rclcpp/node.hpp:434:3:[m[K [01;36m[Knote: [m[Kcandidate: ‘[01m[Ktemplate<class ParameterT> auto rclcpp::Node::declare_parameter(const string&, const ParameterDescriptor&, bool)[m[K’
[8.479s]   434 |   [01;36m[Kdeclare_parameter[m[K(
[8.479s]       |   [01;36m[K^~~~~~~~~~~~~~~~~[m[K
[8.479s] [01m[K/opt/ros/humble/include/rclcpp/rclcpp/node.hpp:434:3:[m[K [01;36m[Knote: [m[K  template argument deduction/substitution failed:
[8.479s] [01m[K/home/geonmo/ydlidar_ws/src/ydlidar_ros2_driver/src/ydlidar_ros2_driver_node.cpp:56:26:[m[K [01;36m[Knote: [m[K  couldn’t deduce template parameter ‘[01m[KParameterT[m[K’
[8.479s]    56 |   [01;36m[Knode->declare_parameter("frame_id")[m[K;
[8.479s]       |   [01;36m[K~~~~~~~~~~~~~~~~~~~~~~~^~~~~~~~~~~~[m[K
[8.479s] In file included from [01m[K/opt/ros/humble/include/rclcpp/rclcpp/executors/single_threaded_executor.hpp:28[m[K,
[8.479s]                  from [01m[K/opt/ros/humble/include/rclcpp/rclcpp/executors.hpp:22[m[K,
[8.480s]                  from [01m[K/opt/ros/humble/include/rclcpp/rclcpp/rclcpp.hpp:155[m[K,
[8.480s]                  from [01m[K/home/geonmo/ydlidar_ws/src/ydlidar_ros2_driver/src/ydlidar_ros2_driver_node.cpp:23[m[K:
[8.480s] [01m[K/opt/ros/humble/include/rclcpp/rclcpp/node.hpp:366:3:[m[K [01;36m[Knote: [m[Kcandidate: ‘[01m[Kconst rclcpp::ParameterValue& rclcpp::Node::declare_parameter(const string&, const rclcpp::ParameterValue&, const ParameterDescriptor&, bool)[m[K’
[8.480s]   366 |   [01;36m[Kdeclare_parameter[m[K(
[8.480s]       |   [01;36m[K^~~~~~~~~~~~~~~~~[m[K
[8.480s] [01m[K/opt/ros/humble/include/rclcpp/rclcpp/node.hpp:366:3:[m[K [01;36m[Knote: [m[K  candidate expects 4 arguments, 1 provided
[8.480s] [01m[K/opt/ros/humble/include/rclcpp/rclcpp/node.hpp:391:3:[m[K [01;36m[Knote: [m[Kcandidate: ‘[01m[Kconst rclcpp::ParameterValue& rclcpp::Node::declare_parameter(const string&, rclcpp::ParameterType, const ParameterDescriptor&, bool)[m[K’
[8.480s]   391 |   [01;36m[Kdeclare_parameter[m[K(
[8.481s]       |   [01;36m[K^~~~~~~~~~~~~~~~~[m[K
[8.481s] [01m[K/opt/ros/humble/include/rclcpp/rclcpp/node.hpp:391:3:[m[K [01;36m[Knote: [m[K  candidate expects 4 arguments, 1 provided
[8.481s] [01m[K/home/geonmo/ydlidar_ws/src/ydlidar_ros2_driver/src/ydlidar_ros2_driver_node.cpp:62:26:[m[K [01;31m[Kerror: [m[Kno matching function for call to ‘[01m[Krclcpp::Node::declare_parameter(const char [9])[m[K’
[8.481s]    62 |   [01;31m[Knode->declare_parameter("baudrate")[m[K;
[8.481s]       |   [01;31m[K~~~~~~~~~~~~~~~~~~~~~~~^~~~~~~~~~~~[m[K
[8.481s] In file included from [01m[K/opt/ros/humble/include/rclcpp/rclcpp/executors/single_threaded_executor.hpp:28[m[K,
[8.481s]                  from [01m[K/opt/ros/humble/include/rclcpp/rclcpp/executors.hpp:22[m[K,
[8.481s]                  from [01m[K/opt/ros/humble/include/rclcpp/rclcpp/rclcpp.hpp:155[m[K,
[8.481s]                  from [01m[K/home/geonmo/ydlidar_ws/src/ydlidar_ros2_driver/src/ydlidar_ros2_driver_node.cpp:23[m[K:
[8.482s] [01m[K/opt/ros/humble/include/rclcpp/rclcpp/node.hpp:421:3:[m[K [01;36m[Knote: [m[Kcandidate: ‘[01m[Ktemplate<class ParameterT> auto rclcpp::Node::declare_parameter(const string&, const ParameterT&, const ParameterDescriptor&, bool)[m[K’
[8.482s]   421 |   [01;36m[Kdeclare_parameter[m[K(
[8.482s]       |   [01;36m[K^~~~~~~~~~~~~~~~~[m[K
[8.482s] [01m[K/opt/ros/humble/include/rclcpp/rclcpp/node.hpp:421:3:[m[K [01;36m[Knote: [m[K  template argument deduction/substitution failed:
[8.482s] [01m[K/home/geonmo/ydlidar_ws/src/ydlidar_ros2_driver/src/ydlidar_ros2_driver_node.cpp:62:26:[m[K [01;36m[Knote: [m[K  candidate expects 4 arguments, 1 provided
[8.482s]    62 |   [01;36m[Knode->declare_parameter("baudrate")[m[K;
[8.482s]       |   [01;36m[K~~~~~~~~~~~~~~~~~~~~~~~^~~~~~~~~~~~[m[K
[8.482s] In file included from [01m[K/opt/ros/humble/include/rclcpp/rclcpp/executors/single_threaded_executor.hpp:28[m[K,
[8.483s]                  from [01m[K/opt/ros/humble/include/rclcpp/rclcpp/executors.hpp:22[m[K,
[8.483s]                  from [01m[K/opt/ros/humble/include/rclcpp/rclcpp/rclcpp.hpp:155[m[K,
[8.483s]                  from [01m[K/home/geonmo/ydlidar_ws/src/ydlidar_ros2_driver/src/ydlidar_ros2_driver_node.cpp:23[m[K:
[8.483s] [01m[K/opt/ros/humble/include/rclcpp/rclcpp/node.hpp:434:3:[m[K [01;36m[Knote: [m[Kcandidate: ‘[01m[Ktemplate<class ParameterT> auto rclcpp::Node::declare_parameter(const string&, const ParameterDescriptor&, bool)[m[K’
[8.483s]   434 |   [01;36m[Kdeclare_parameter[m[K(
[8.483s]       |   [01;36m[K^~~~~~~~~~~~~~~~~[m[K
[8.483s] [01m[K/opt/ros/humble/include/rclcpp/rclcpp/node.hpp:434:3:[m[K [01;36m[Knote: [m[K  template argument deduction/substitution failed:
[8.483s] [01m[K/home/geonmo/ydlidar_ws/src/ydlidar_ros2_driver/src/ydlidar_ros2_driver_node.cpp:62:26:[m[K [01;36m[Knote: [m[K  couldn’t deduce template parameter ‘[01m[KParameterT[m[K’
[8.484s]    62 |   [01;36m[Knode->declare_parameter("baudrate")[m[K;
[8.484s]       |   [01;36m[K~~~~~~~~~~~~~~~~~~~~~~~^~~~~~~~~~~~[m[K
[8.484s] In file included from [01m[K/opt/ros/humble/include/rclcpp/rclcpp/executors/single_threaded_executor.hpp:28[m[K,
[8.484s]                  from [01m[K/opt/ros/humble/include/rclcpp/rclcpp/executors.hpp:22[m[K,
[8.484s]                  from [01m[K/opt/ros/humble/include/rclcpp/rclcpp/rclcpp.hpp:155[m[K,
[8.484s]                  from [01m[K/home/geonmo/ydlidar_ws/src/ydlidar_ros2_driver/src/ydlidar_ros2_driver_node.cpp:23[m[K:
[8.484s] [01m[K/opt/ros/humble/include/rclcpp/rclcpp/node.hpp:366:3:[m[K [01;36m[Knote: [m[Kcandidate: ‘[01m[Kconst rclcpp::ParameterValue& rclcpp::Node::declare_parameter(const string&, const rclcpp::ParameterValue&, const ParameterDescriptor&, bool)[m[K’
[8.484s]   366 |   [01;36m[Kdeclare_parameter[m[K(
[8.484s]       |   [01;36m[K^~~~~~~~~~~~~~~~~[m[K
[8.485s] [01m[K/opt/ros/humble/include/rclcpp/rclcpp/node.hpp:366:3:[m[K [01;36m[Knote: [m[K  candidate expects 4 arguments, 1 provided
[8.485s] [01m[K/opt/ros/humble/include/rclcpp/rclcpp/node.hpp:391:3:[m[K [01;36m[Knote: [m[Kcandidate: ‘[01m[Kconst rclcpp::ParameterValue& rclcpp::Node::declare_parameter(const string&, rclcpp::ParameterType, const ParameterDescriptor&, bool)[m[K’
[8.485s]   391 |   [01;36m[Kdeclare_parameter[m[K(
[8.485s]       |   [01;36m[K^~~~~~~~~~~~~~~~~[m[K
[8.485s] [01m[K/opt/ros/humble/include/rclcpp/rclcpp/node.hpp:391:3:[m[K [01;36m[Knote: [m[K  candidate expects 4 arguments, 1 provided
[8.485s] [01m[K/home/geonmo/ydlidar_ws/src/ydlidar_ros2_driver/src/ydlidar_ros2_driver_node.cpp:67:26:[m[K [01;31m[Kerror: [m[Kno matching function for call to ‘[01m[Krclcpp::Node::declare_parameter(const char [11])[m[K’
[8.485s]    67 |   [01;31m[Knode->declare_parameter("lidar_type")[m[K;
[8.485s]       |   [01;31m[K~~~~~~~~~~~~~~~~~~~~~~~^~~~~~~~~~~~~~[m[K
[8.486s] In file included from [01m[K/opt/ros/humble/include/rclcpp/rclcpp/executors/single_threaded_executor.hpp:28[m[K,
[8.486s]                  from [01m[K/opt/ros/humble/include/rclcpp/rclcpp/executors.hpp:22[m[K,
[8.486s]                  from [01m[K/opt/ros/humble/include/rclcpp/rclcpp/rclcpp.hpp:155[m[K,
[8.486s]                  from [01m[K/home/geonmo/ydlidar_ws/src/ydlidar_ros2_driver/src/ydlidar_ros2_driver_node.cpp:23[m[K:
[8.486s] [01m[K/opt/ros/humble/include/rclcpp/rclcpp/node.hpp:421:3:[m[K [01;36m[Knote: [m[Kcandidate: ‘[01m[Ktemplate<class ParameterT> auto rclcpp::Node::declare_parameter(const string&, const ParameterT&, const ParameterDescriptor&, bool)[m[K’
[8.486s]   421 |   [01;36m[Kdeclare_parameter[m[K(
[8.486s]       |   [01;36m[K^~~~~~~~~~~~~~~~~[m[K
[8.486s] [01m[K/opt/ros/humble/include/rclcpp/rclcpp/node.hpp:421:3:[m[K [01;36m[Knote: [m[K  template argument deduction/substitution failed:
[8.486s] [01m[K/home/geonmo/ydlidar_ws/src/ydlidar_ros2_driver/src/ydlidar_ros2_driver_node.cpp:67:26:[m[K [01;36m[Knote: [m[K  candidate expects 4 arguments, 1 provided
[8.487s]    67 |   [01;36m[Knode->declare_parameter("lidar_type")[m[K;
[8.487s]       |   [01;36m[K~~~~~~~~~~~~~~~~~~~~~~~^~~~~~~~~~~~~~[m[K
[8.487s] In file included from [01m[K/opt/ros/humble/include/rclcpp/rclcpp/executors/single_threaded_executor.hpp:28[m[K,
[8.487s]                  from [01m[K/opt/ros/humble/include/rclcpp/rclcpp/executors.hpp:22[m[K,
[8.487s]                  from [01m[K/opt/ros/humble/include/rclcpp/rclcpp/rclcpp.hpp:155[m[K,
[8.487s]                  from [01m[K/home/geonmo/ydlidar_ws/src/ydlidar_ros2_driver/src/ydlidar_ros2_driver_node.cpp:23[m[K:
[8.487s] [01m[K/opt/ros/humble/include/rclcpp/rclcpp/node.hpp:434:3:[m[K [01;36m[Knote: [m[Kcandidate: ‘[01m[Ktemplate<class ParameterT> auto rclcpp::Node::declare_parameter(const string&, const ParameterDescriptor&, bool)[m[K’
[8.487s]   434 |   [01;36m[Kdeclare_parameter[m[K(
[8.488s]       |   [01;36m[K^~~~~~~~~~~~~~~~~[m[K
[8.488s] [01m[K/opt/ros/humble/include/rclcpp/rclcpp/node.hpp:434:3:[m[K [01;36m[Knote: [m[K  template argument deduction/substitution failed:
[8.488s] [01m[K/home/geonmo/ydlidar_ws/src/ydlidar_ros2_driver/src/ydlidar_ros2_driver_node.cpp:67:26:[m[K [01;36m[Knote: [m[K  couldn’t deduce template parameter ‘[01m[KParameterT[m[K’
[8.488s]    67 |   [01;36m[Knode->declare_parameter("lidar_type")[m[K;
[8.488s]       |   [01;36m[K~~~~~~~~~~~~~~~~~~~~~~~^~~~~~~~~~~~~~[m[K
[8.488s] In file included from [01m[K/opt/ros/humble/include/rclcpp/rclcpp/executors/single_threaded_executor.hpp:28[m[K,
[8.488s]                  from [01m[K/opt/ros/humble/include/rclcpp/rclcpp/executors.hpp:22[m[K,
[8.488s]                  from [01m[K/opt/ros/humble/include/rclcpp/rclcpp/rclcpp.hpp:155[m[K,
[8.489s]                  from [01m[K/home/geonmo/ydlidar_ws/src/ydlidar_ros2_driver/src/ydlidar_ros2_driver_node.cpp:23[m[K:
[8.489s] [01m[K/opt/ros/humble/include/rclcpp/rclcpp/node.hpp:366:3:[m[K [01;36m[Knote: [m[Kcandidate: ‘[01m[Kconst rclcpp::ParameterValue& rclcpp::Node::declare_parameter(const string&, const rclcpp::ParameterValue&, const ParameterDescriptor&, bool)[m[K’
[8.489s]   366 |   [01;36m[Kdeclare_parameter[m[K(
[8.489s]       |   [01;36m[K^~~~~~~~~~~~~~~~~[m[K
[8.489s] [01m[K/opt/ros/humble/include/rclcpp/rclcpp/node.hpp:366:3:[m[K [01;36m[Knote: [m[K  candidate expects 4 arguments, 1 provided
[8.489s] [01m[K/opt/ros/humble/include/rclcpp/rclcpp/node.hpp:391:3:[m[K [01;36m[Knote: [m[Kcandidate: ‘[01m[Kconst rclcpp::ParameterValue& rclcpp::Node::declare_parameter(const string&, rclcpp::ParameterType, const ParameterDescriptor&, bool)[m[K’
[8.489s]   391 |   [01;36m[Kdeclare_parameter[m[K(
[8.489s]       |   [01;36m[K^~~~~~~~~~~~~~~~~[m[K
[8.490s] [01m[K/opt/ros/humble/include/rclcpp/rclcpp/node.hpp:391:3:[m[K [01;36m[Knote: [m[K  candidate expects 4 arguments, 1 provided
[8.490s] [01m[K/home/geonmo/ydlidar_ws/src/ydlidar_ros2_driver/src/ydlidar_ros2_driver_node.cpp:72:26:[m[K [01;31m[Kerror: [m[Kno matching function for call to ‘[01m[Krclcpp::Node::declare_parameter(const char [12])[m[K’
[8.490s]    72 |   [01;31m[Knode->declare_parameter("device_type")[m[K;
[8.490s]       |   [01;31m[K~~~~~~~~~~~~~~~~~~~~~~~^~~~~~~~~~~~~~~[m[K
[8.490s] In file included from [01m[K/opt/ros/humble/include/rclcpp/rclcpp/executors/single_threaded_executor.hpp:28[m[K,
[8.490s]                  from [01m[K/opt/ros/humble/include/rclcpp/rclcpp/executors.hpp:22[m[K,
[8.490s]                  from [01m[K/opt/ros/humble/include/rclcpp/rclcpp/rclcpp.hpp:155[m[K,
[8.490s]                  from [01m[K/home/geonmo/ydlidar_ws/src/ydlidar_ros2_driver/src/ydlidar_ros2_driver_node.cpp:23[m[K:
[8.490s] [01m[K/opt/ros/humble/include/rclcpp/rclcpp/node.hpp:421:3:[m[K [01;36m[Knote: [m[Kcandidate: ‘[01m[Ktemplate<class ParameterT> auto rclcpp::Node::declare_parameter(const string&, const ParameterT&, const ParameterDescriptor&, bool)[m[K’
[8.491s]   421 |   [01;36m[Kdeclare_parameter[m[K(
[8.491s]       |   [01;36m[K^~~~~~~~~~~~~~~~~[m[K
[8.491s] [01m[K/opt/ros/humble/include/rclcpp/rclcpp/node.hpp:421:3:[m[K [01;36m[Knote: [m[K  template argument deduction/substitution failed:
[8.491s] [01m[K/home/geonmo/ydlidar_ws/src/ydlidar_ros2_driver/src/ydlidar_ros2_driver_node.cpp:72:26:[m[K [01;36m[Knote: [m[K  candidate expects 4 arguments, 1 provided
[8.491s]    72 |   [01;36m[Knode->declare_parameter("device_type")[m[K;
[8.491s]       |   [01;36m[K~~~~~~~~~~~~~~~~~~~~~~~^~~~~~~~~~~~~~~[m[K
[8.491s] In file included from [01m[K/opt/ros/humble/include/rclcpp/rclcpp/executors/single_threaded_executor.hpp:28[m[K,
[8.491s]                  from [01m[K/opt/ros/humble/include/rclcpp/rclcpp/executors.hpp:22[m[K,
[8.492s]                  from [01m[K/opt/ros/humble/include/rclcpp/rclcpp/rclcpp.hpp:155[m[K,
[8.492s]                  from [01m[K/home/geonmo/ydlidar_ws/src/ydlidar_ros2_driver/src/ydlidar_ros2_driver_node.cpp:23[m[K:
[8.492s] [01m[K/opt/ros/humble/include/rclcpp/rclcpp/node.hpp:434:3:[m[K [01;36m[Knote: [m[Kcandidate: ‘[01m[Ktemplate<class ParameterT> auto rclcpp::Node::declare_parameter(const string&, const ParameterDescriptor&, bool)[m[K’
[8.492s]   434 |   [01;36m[Kdeclare_parameter[m[K(
[8.492s]       |   [01;36m[K^~~~~~~~~~~~~~~~~[m[K
[8.492s] [01m[K/opt/ros/humble/include/rclcpp/rclcpp/node.hpp:434:3:[m[K [01;36m[Knote: [m[K  template argument deduction/substitution failed:
[8.492s] [01m[K/home/geonmo/ydlidar_ws/src/ydlidar_ros2_driver/src/ydlidar_ros2_driver_node.cpp:72:26:[m[K [01;36m[Knote: [m[K  couldn’t deduce template parameter ‘[01m[KParameterT[m[K’
[8.492s]    72 |   [01;36m[Knode->declare_parameter("device_type")[m[K;
[8.493s]       |   [01;36m[K~~~~~~~~~~~~~~~~~~~~~~~^~~~~~~~~~~~~~~[m[K
[8.493s] In file included from [01m[K/opt/ros/humble/include/rclcpp/rclcpp/executors/single_threaded_executor.hpp:28[m[K,
[8.493s]                  from [01m[K/opt/ros/humble/include/rclcpp/rclcpp/executors.hpp:22[m[K,
[8.493s]                  from [01m[K/opt/ros/humble/include/rclcpp/rclcpp/rclcpp.hpp:155[m[K,
[8.493s]                  from [01m[K/home/geonmo/ydlidar_ws/src/ydlidar_ros2_driver/src/ydlidar_ros2_driver_node.cpp:23[m[K:
[8.493s] [01m[K/opt/ros/humble/include/rclcpp/rclcpp/node.hpp:366:3:[m[K [01;36m[Knote: [m[Kcandidate: ‘[01m[Kconst rclcpp::ParameterValue& rclcpp::Node::declare_parameter(const string&, const rclcpp::ParameterValue&, const ParameterDescriptor&, bool)[m[K’
[8.493s]   366 |   [01;36m[Kdeclare_parameter[m[K(
[8.493s]       |   [01;36m[K^~~~~~~~~~~~~~~~~[m[K
[8.494s] [01m[K/opt/ros/humble/include/rclcpp/rclcpp/node.hpp:366:3:[m[K [01;36m[Knote: [m[K  candidate expects 4 arguments, 1 provided
[8.494s] [01m[K/opt/ros/humble/include/rclcpp/rclcpp/node.hpp:391:3:[m[K [01;36m[Knote: [m[Kcandidate: ‘[01m[Kconst rclcpp::ParameterValue& rclcpp::Node::declare_parameter(const string&, rclcpp::ParameterType, const ParameterDescriptor&, bool)[m[K’
[8.494s]   391 |   [01;36m[Kdeclare_parameter[m[K(
[8.494s]       |   [01;36m[K^~~~~~~~~~~~~~~~~[m[K
[8.494s] [01m[K/opt/ros/humble/include/rclcpp/rclcpp/node.hpp:391:3:[m[K [01;36m[Knote: [m[K  candidate expects 4 arguments, 1 provided
[8.494s] [01m[K/home/geonmo/ydlidar_ws/src/ydlidar_ros2_driver/src/ydlidar_ros2_driver_node.cpp:77:26:[m[K [01;31m[Kerror: [m[Kno matching function for call to ‘[01m[Krclcpp::Node::declare_parameter(const char [12])[m[K’
[8.494s]    77 |   [01;31m[Knode->declare_parameter("sample_rate")[m[K;
[8.494s]       |   [01;31m[K~~~~~~~~~~~~~~~~~~~~~~~^~~~~~~~~~~~~~~[m[K
[8.494s] In file included from [01m[K/opt/ros/humble/include/rclcpp/rclcpp/executors/single_threaded_executor.hpp:28[m[K,
[8.495s]                  from [01m[K/opt/ros/humble/include/rclcpp/rclcpp/executors.hpp:22[m[K,
[8.495s]                  from [01m[K/opt/ros/humble/include/rclcpp/rclcpp/rclcpp.hpp:155[m[K,
[8.495s]                  from [01m[K/home/geonmo/ydlidar_ws/src/ydlidar_ros2_driver/src/ydlidar_ros2_driver_node.cpp:23[m[K:
[8.495s] [01m[K/opt/ros/humble/include/rclcpp/rclcpp/node.hpp:421:3:[m[K [01;36m[Knote: [m[Kcandidate: ‘[01m[Ktemplate<class ParameterT> auto rclcpp::Node::declare_parameter(const string&, const ParameterT&, const ParameterDescriptor&, bool)[m[K’
[8.495s]   421 |   [01;36m[Kdeclare_parameter[m[K(
[8.495s]       |   [01;36m[K^~~~~~~~~~~~~~~~~[m[K
[8.496s] [01m[K/opt/ros/humble/include/rclcpp/rclcpp/node.hpp:421:3:[m[K [01;36m[Knote: [m[K  template argument deduction/substitution failed:
[8.496s] [01m[K/home/geonmo/ydlidar_ws/src/ydlidar_ros2_driver/src/ydlidar_ros2_driver_node.cpp:77:26:[m[K [01;36m[Knote: [m[K  candidate expects 4 arguments, 1 provided
[8.496s]    77 |   [01;36m[Knode->declare_parameter("sample_rate")[m[K;
[8.496s]       |   [01;36m[K~~~~~~~~~~~~~~~~~~~~~~~^~~~~~~~~~~~~~~[m[K
[8.496s] In file included from [01m[K/opt/ros/humble/include/rclcpp/rclcpp/executors/single_threaded_executor.hpp:28[m[K,
[8.496s]                  from [01m[K/opt/ros/humble/include/rclcpp/rclcpp/executors.hpp:22[m[K,
[8.496s]                  from [01m[K/opt/ros/humble/include/rclcpp/rclcpp/rclcpp.hpp:155[m[K,
[8.496s]                  from [01m[K/home/geonmo/ydlidar_ws/src/ydlidar_ros2_driver/src/ydlidar_ros2_driver_node.cpp:23[m[K:
[8.497s] [01m[K/opt/ros/humble/include/rclcpp/rclcpp/node.hpp:434:3:[m[K [01;36m[Knote: [m[Kcandidate: ‘[01m[Ktemplate<class ParameterT> auto rclcpp::Node::declare_parameter(const string&, const ParameterDescriptor&, bool)[m[K’
[8.497s]   434 |   [01;36m[Kdeclare_parameter[m[K(
[8.497s]       |   [01;36m[K^~~~~~~~~~~~~~~~~[m[K
[8.497s] [01m[K/opt/ros/humble/include/rclcpp/rclcpp/node.hpp:434:3:[m[K [01;36m[Knote: [m[K  template argument deduction/substitution failed:
[8.497s] [01m[K/home/geonmo/ydlidar_ws/src/ydlidar_ros2_driver/src/ydlidar_ros2_driver_node.cpp:77:26:[m[K [01;36m[Knote: [m[K  couldn’t deduce template parameter ‘[01m[KParameterT[m[K’
[8.497s]    77 |   [01;36m[Knode->declare_parameter("sample_rate")[m[K;
[8.497s]       |   [01;36m[K~~~~~~~~~~~~~~~~~~~~~~~^~~~~~~~~~~~~~~[m[K
[8.497s] In file included from [01m[K/opt/ros/humble/include/rclcpp/rclcpp/executors/single_threaded_executor.hpp:28[m[K,
[8.497s]                  from [01m[K/opt/ros/humble/include/rclcpp/rclcpp/executors.hpp:22[m[K,
[8.498s]                  from [01m[K/opt/ros/humble/include/rclcpp/rclcpp/rclcpp.hpp:155[m[K,
[8.498s]                  from [01m[K/home/geonmo/ydlidar_ws/src/ydlidar_ros2_driver/src/ydlidar_ros2_driver_node.cpp:23[m[K:
[8.498s] [01m[K/opt/ros/humble/include/rclcpp/rclcpp/node.hpp:366:3:[m[K [01;36m[Knote: [m[Kcandidate: ‘[01m[Kconst rclcpp::ParameterValue& rclcpp::Node::declare_parameter(const string&, const rclcpp::ParameterValue&, const ParameterDescriptor&, bool)[m[K’
[8.498s]   366 |   [01;36m[Kdeclare_parameter[m[K(
[8.498s]       |   [01;36m[K^~~~~~~~~~~~~~~~~[m[K
[8.498s] [01m[K/opt/ros/humble/include/rclcpp/rclcpp/node.hpp:366:3:[m[K [01;36m[Knote: [m[K  candidate expects 4 arguments, 1 provided
[8.498s] [01m[K/opt/ros/humble/include/rclcpp/rclcpp/node.hpp:391:3:[m[K [01;36m[Knote: [m[Kcandidate: ‘[01m[Kconst rclcpp::ParameterValue& rclcpp::Node::declare_parameter(const string&, rclcpp::ParameterType, const ParameterDescriptor&, bool)[m[K’
[8.498s]   391 |   [01;36m[Kdeclare_parameter[m[K(
[8.499s]       |   [01;36m[K^~~~~~~~~~~~~~~~~[m[K
[8.499s] [01m[K/opt/ros/humble/include/rclcpp/rclcpp/node.hpp:391:3:[m[K [01;36m[Knote: [m[K  candidate expects 4 arguments, 1 provided
[8.499s] [01m[K/home/geonmo/ydlidar_ws/src/ydlidar_ros2_driver/src/ydlidar_ros2_driver_node.cpp:82:26:[m[K [01;31m[Kerror: [m[Kno matching function for call to ‘[01m[Krclcpp::Node::declare_parameter(const char [21])[m[K’
[8.499s]    82 |   [01;31m[Knode->declare_parameter("abnormal_check_count")[m[K;
[8.499s]       |   [01;31m[K~~~~~~~~~~~~~~~~~~~~~~~^~~~~~~~~~~~~~~~~~~~~~~~[m[K
[8.499s] In file included from [01m[K/opt/ros/humble/include/rclcpp/rclcpp/executors/single_threaded_executor.hpp:28[m[K,
[8.499s]                  from [01m[K/opt/ros/humble/include/rclcpp/rclcpp/executors.hpp:22[m[K,
[8.499s]                  from [01m[K/opt/ros/humble/include/rclcpp/rclcpp/rclcpp.hpp:155[m[K,
[8.500s]                  from [01m[K/home/geonmo/ydlidar_ws/src/ydlidar_ros2_driver/src/ydlidar_ros2_driver_node.cpp:23[m[K:
[8.500s] [01m[K/opt/ros/humble/include/rclcpp/rclcpp/node.hpp:421:3:[m[K [01;36m[Knote: [m[Kcandidate: ‘[01m[Ktemplate<class ParameterT> auto rclcpp::Node::declare_parameter(const string&, const ParameterT&, const ParameterDescriptor&, bool)[m[K’
[8.500s]   421 |   [01;36m[Kdeclare_parameter[m[K(
[8.500s]       |   [01;36m[K^~~~~~~~~~~~~~~~~[m[K
[8.500s] [01m[K/opt/ros/humble/include/rclcpp/rclcpp/node.hpp:421:3:[m[K [01;36m[Knote: [m[K  template argument deduction/substitution failed:
[8.500s] [01m[K/home/geonmo/ydlidar_ws/src/ydlidar_ros2_driver/src/ydlidar_ros2_driver_node.cpp:82:26:[m[K [01;36m[Knote: [m[K  candidate expects 4 arguments, 1 provided
[8.500s]    82 |   [01;36m[Knode->declare_parameter("abnormal_check_count")[m[K;
[8.500s]       |   [01;36m[K~~~~~~~~~~~~~~~~~~~~~~~^~~~~~~~~~~~~~~~~~~~~~~~[m[K
[8.501s] In file included from [01m[K/opt/ros/humble/include/rclcpp/rclcpp/executors/single_threaded_executor.hpp:28[m[K,
[8.501s]                  from [01m[K/opt/ros/humble/include/rclcpp/rclcpp/executors.hpp:22[m[K,
[8.501s]                  from [01m[K/opt/ros/humble/include/rclcpp/rclcpp/rclcpp.hpp:155[m[K,
[8.501s]                  from [01m[K/home/geonmo/ydlidar_ws/src/ydlidar_ros2_driver/src/ydlidar_ros2_driver_node.cpp:23[m[K:
[8.501s] [01m[K/opt/ros/humble/include/rclcpp/rclcpp/node.hpp:434:3:[m[K [01;36m[Knote: [m[Kcandidate: ‘[01m[Ktemplate<class ParameterT> auto rclcpp::Node::declare_parameter(const string&, const ParameterDescriptor&, bool)[m[K’
[8.501s]   434 |   [01;36m[Kdeclare_parameter[m[K(
[8.501s]       |   [01;36m[K^~~~~~~~~~~~~~~~~[m[K
[8.501s] [01m[K/opt/ros/humble/include/rclcpp/rclcpp/node.hpp:434:3:[m[K [01;36m[Knote: [m[K  template argument deduction/substitution failed:
[8.501s] [01m[K/home/geonmo/ydlidar_ws/src/ydlidar_ros2_driver/src/ydlidar_ros2_driver_node.cpp:82:26:[m[K [01;36m[Knote: [m[K  couldn’t deduce template parameter ‘[01m[KParameterT[m[K’
[8.502s]    82 |   [01;36m[Knode->declare_parameter("abnormal_check_count")[m[K;
[8.502s]       |   [01;36m[K~~~~~~~~~~~~~~~~~~~~~~~^~~~~~~~~~~~~~~~~~~~~~~~[m[K
[8.502s] In file included from [01m[K/opt/ros/humble/include/rclcpp/rclcpp/executors/single_threaded_executor.hpp:28[m[K,
[8.502s]                  from [01m[K/opt/ros/humble/include/rclcpp/rclcpp/executors.hpp:22[m[K,
[8.502s]                  from [01m[K/opt/ros/humble/include/rclcpp/rclcpp/rclcpp.hpp:155[m[K,
[8.502s]                  from [01m[K/home/geonmo/ydlidar_ws/src/ydlidar_ros2_driver/src/ydlidar_ros2_driver_node.cpp:23[m[K:
[8.502s] [01m[K/opt/ros/humble/include/rclcpp/rclcpp/node.hpp:366:3:[m[K [01;36m[Knote: [m[Kcandidate: ‘[01m[Kconst rclcpp::ParameterValue& rclcpp::Node::declare_parameter(const string&, const rclcpp::ParameterValue&, const ParameterDescriptor&, bool)[m[K’
[8.502s]   366 |   [01;36m[Kdeclare_parameter[m[K(
[8.503s]       |   [01;36m[K^~~~~~~~~~~~~~~~~[m[K
[8.503s] [01m[K/opt/ros/humble/include/rclcpp/rclcpp/node.hpp:366:3:[m[K [01;36m[Knote: [m[K  candidate expects 4 arguments, 1 provided
[8.503s] [01m[K/opt/ros/humble/include/rclcpp/rclcpp/node.hpp:391:3:[m[K [01;36m[Knote: [m[Kcandidate: ‘[01m[Kconst rclcpp::ParameterValue& rclcpp::Node::declare_parameter(const string&, rclcpp::ParameterType, const ParameterDescriptor&, bool)[m[K’
[8.503s]   391 |   [01;36m[Kdeclare_parameter[m[K(
[8.503s]       |   [01;36m[K^~~~~~~~~~~~~~~~~[m[K
[8.503s] [01m[K/opt/ros/humble/include/rclcpp/rclcpp/node.hpp:391:3:[m[K [01;36m[Knote: [m[K  candidate expects 4 arguments, 1 provided
[8.503s] [01m[K/home/geonmo/ydlidar_ws/src/ydlidar_ros2_driver/src/ydlidar_ros2_driver_node.cpp:88:26:[m[K [01;31m[Kerror: [m[Kno matching function for call to ‘[01m[Krclcpp::Node::declare_parameter(const char [14])[m[K’
[8.503s]    88 |   [01;31m[Knode->declare_parameter("intensity_bit")[m[K;
[8.504s]       |   [01;31m[K~~~~~~~~~~~~~~~~~~~~~~~^~~~~~~~~~~~~~~~~[m[K
[8.504s] In file included from [01m[K/opt/ros/humble/include/rclcpp/rclcpp/executors/single_threaded_executor.hpp:28[m[K,
[8.504s]                  from [01m[K/opt/ros/humble/include/rclcpp/rclcpp/executors.hpp:22[m[K,
[8.504s]                  from [01m[K/opt/ros/humble/include/rclcpp/rclcpp/rclcpp.hpp:155[m[K,
[8.504s]                  from [01m[K/home/geonmo/ydlidar_ws/src/ydlidar_ros2_driver/src/ydlidar_ros2_driver_node.cpp:23[m[K:
[8.504s] [01m[K/opt/ros/humble/include/rclcpp/rclcpp/node.hpp:421:3:[m[K [01;36m[Knote: [m[Kcandidate: ‘[01m[Ktemplate<class ParameterT> auto rclcpp::Node::declare_parameter(const string&, const ParameterT&, const ParameterDescriptor&, bool)[m[K’
[8.504s]   421 |   [01;36m[Kdeclare_parameter[m[K(
[8.504s]       |   [01;36m[K^~~~~~~~~~~~~~~~~[m[K
[8.504s] [01m[K/opt/ros/humble/include/rclcpp/rclcpp/node.hpp:421:3:[m[K [01;36m[Knote: [m[K  template argument deduction/substitution failed:
[8.505s] [01m[K/home/geonmo/ydlidar_ws/src/ydlidar_ros2_driver/src/ydlidar_ros2_driver_node.cpp:88:26:[m[K [01;36m[Knote: [m[K  candidate expects 4 arguments, 1 provided
[8.505s]    88 |   [01;36m[Knode->declare_parameter("intensity_bit")[m[K;
[8.505s]       |   [01;36m[K~~~~~~~~~~~~~~~~~~~~~~~^~~~~~~~~~~~~~~~~[m[K
[8.505s] In file included from [01m[K/opt/ros/humble/include/rclcpp/rclcpp/executors/single_threaded_executor.hpp:28[m[K,
[8.505s]                  from [01m[K/opt/ros/humble/include/rclcpp/rclcpp/executors.hpp:22[m[K,
[8.505s]                  from [01m[K/opt/ros/humble/include/rclcpp/rclcpp/rclcpp.hpp:155[m[K,
[8.505s]                  from [01m[K/home/geonmo/ydlidar_ws/src/ydlidar_ros2_driver/src/ydlidar_ros2_driver_node.cpp:23[m[K:
[8.505s] [01m[K/opt/ros/humble/include/rclcpp/rclcpp/node.hpp:434:3:[m[K [01;36m[Knote: [m[Kcandidate: ‘[01m[Ktemplate<class ParameterT> auto rclcpp::Node::declare_parameter(const string&, const ParameterDescriptor&, bool)[m[K’
[8.505s]   434 |   [01;36m[Kdeclare_parameter[m[K(
[8.506s]       |   [01;36m[K^~~~~~~~~~~~~~~~~[m[K
[8.506s] [01m[K/opt/ros/humble/include/rclcpp/rclcpp/node.hpp:434:3:[m[K [01;36m[Knote: [m[K  template argument deduction/substitution failed:
[8.506s] [01m[K/home/geonmo/ydlidar_ws/src/ydlidar_ros2_driver/src/ydlidar_ros2_driver_node.cpp:88:26:[m[K [01;36m[Knote: [m[K  couldn’t deduce template parameter ‘[01m[KParameterT[m[K’
[8.506s]    88 |   [01;36m[Knode->declare_parameter("intensity_bit")[m[K;
[8.506s]       |   [01;36m[K~~~~~~~~~~~~~~~~~~~~~~~^~~~~~~~~~~~~~~~~[m[K
[8.506s] In file included from [01m[K/opt/ros/humble/include/rclcpp/rclcpp/executors/single_threaded_executor.hpp:28[m[K,
[8.506s]                  from [01m[K/opt/ros/humble/include/rclcpp/rclcpp/executors.hpp:22[m[K,
[8.506s]                  from [01m[K/opt/ros/humble/include/rclcpp/rclcpp/rclcpp.hpp:155[m[K,
[8.507s]                  from [01m[K/home/geonmo/ydlidar_ws/src/ydlidar_ros2_driver/src/ydlidar_ros2_driver_node.cpp:23[m[K:
[8.507s] [01m[K/opt/ros/humble/include/rclcpp/rclcpp/node.hpp:366:3:[m[K [01;36m[Knote: [m[Kcandidate: ‘[01m[Kconst rclcpp::ParameterValue& rclcpp::Node::declare_parameter(const string&, const rclcpp::ParameterValue&, const ParameterDescriptor&, bool)[m[K’
[8.507s]   366 |   [01;36m[Kdeclare_parameter[m[K(
[8.507s]       |   [01;36m[K^~~~~~~~~~~~~~~~~[m[K
[8.507s] [01m[K/opt/ros/humble/include/rclcpp/rclcpp/node.hpp:366:3:[m[K [01;36m[Knote: [m[K  candidate expects 4 arguments, 1 provided
[8.507s] [01m[K/opt/ros/humble/include/rclcpp/rclcpp/node.hpp:391:3:[m[K [01;36m[Knote: [m[Kcandidate: ‘[01m[Kconst rclcpp::ParameterValue& rclcpp::Node::declare_parameter(const string&, rclcpp::ParameterType, const ParameterDescriptor&, bool)[m[K’
[8.507s]   391 |   [01;36m[Kdeclare_parameter[m[K(
[8.507s]       |   [01;36m[K^~~~~~~~~~~~~~~~~[m[K
[8.508s] [01m[K/opt/ros/humble/include/rclcpp/rclcpp/node.hpp:391:3:[m[K [01;36m[Knote: [m[K  candidate expects 4 arguments, 1 provided
[8.508s] [01m[K/home/geonmo/ydlidar_ws/src/ydlidar_ros2_driver/src/ydlidar_ros2_driver_node.cpp:95:26:[m[K [01;31m[Kerror: [m[Kno matching function for call to ‘[01m[Krclcpp::Node::declare_parameter(const char [17])[m[K’
[8.508s]    95 |   [01;31m[Knode->declare_parameter("fixed_resolution")[m[K;
[8.508s]       |   [01;31m[K~~~~~~~~~~~~~~~~~~~~~~~^~~~~~~~~~~~~~~~~~~~[m[K
[8.508s] In file included from [01m[K/opt/ros/humble/include/rclcpp/rclcpp/executors/single_threaded_executor.hpp:28[m[K,
[8.508s]                  from [01m[K/opt/ros/humble/include/rclcpp/rclcpp/executors.hpp:22[m[K,
[8.508s]                  from [01m[K/opt/ros/humble/include/rclcpp/rclcpp/rclcpp.hpp:155[m[K,
[8.508s]                  from [01m[K/home/geonmo/ydlidar_ws/src/ydlidar_ros2_driver/src/ydlidar_ros2_driver_node.cpp:23[m[K:
[8.508s] [01m[K/opt/ros/humble/include/rclcpp/rclcpp/node.hpp:421:3:[m[K [01;36m[Knote: [m[Kcandidate: ‘[01m[Ktemplate<class ParameterT> auto rclcpp::Node::declare_parameter(const string&, const ParameterT&, const ParameterDescriptor&, bool)[m[K’
[8.509s]   421 |   [01;36m[Kdeclare_parameter[m[K(
[8.509s]       |   [01;36m[K^~~~~~~~~~~~~~~~~[m[K
[8.509s] [01m[K/opt/ros/humble/include/rclcpp/rclcpp/node.hpp:421:3:[m[K [01;36m[Knote: [m[K  template argument deduction/substitution failed:
[8.509s] [01m[K/home/geonmo/ydlidar_ws/src/ydlidar_ros2_driver/src/ydlidar_ros2_driver_node.cpp:95:26:[m[K [01;36m[Knote: [m[K  candidate expects 4 arguments, 1 provided
[8.509s]    95 |   [01;36m[Knode->declare_parameter("fixed_resolution")[m[K;
[8.509s]       |   [01;36m[K~~~~~~~~~~~~~~~~~~~~~~~^~~~~~~~~~~~~~~~~~~~[m[K
[8.509s] In file included from [01m[K/opt/ros/humble/include/rclcpp/rclcpp/executors/single_threaded_executor.hpp:28[m[K,
[8.509s]                  from [01m[K/opt/ros/humble/include/rclcpp/rclcpp/executors.hpp:22[m[K,
[8.510s]                  from [01m[K/opt/ros/humble/include/rclcpp/rclcpp/rclcpp.hpp:155[m[K,
[8.510s]                  from [01m[K/home/geonmo/ydlidar_ws/src/ydlidar_ros2_driver/src/ydlidar_ros2_driver_node.cpp:23[m[K:
[8.510s] [01m[K/opt/ros/humble/include/rclcpp/rclcpp/node.hpp:434:3:[m[K [01;36m[Knote: [m[Kcandidate: ‘[01m[Ktemplate<class ParameterT> auto rclcpp::Node::declare_parameter(const string&, const ParameterDescriptor&, bool)[m[K’
[8.510s]   434 |   [01;36m[Kdeclare_parameter[m[K(
[8.510s]       |   [01;36m[K^~~~~~~~~~~~~~~~~[m[K
[8.510s] [01m[K/opt/ros/humble/include/rclcpp/rclcpp/node.hpp:434:3:[m[K [01;36m[Knote: [m[K  template argument deduction/substitution failed:
[8.510s] [01m[K/home/geonmo/ydlidar_ws/src/ydlidar_ros2_driver/src/ydlidar_ros2_driver_node.cpp:95:26:[m[K [01;36m[Knote: [m[K  couldn’t deduce template parameter ‘[01m[KParameterT[m[K’
[8.510s]    95 |   [01;36m[Knode->declare_parameter("fixed_resolution")[m[K;
[8.510s]       |   [01;36m[K~~~~~~~~~~~~~~~~~~~~~~~^~~~~~~~~~~~~~~~~~~~[m[K
[8.511s] In file included from [01m[K/opt/ros/humble/include/rclcpp/rclcpp/executors/single_threaded_executor.hpp:28[m[K,
[8.511s]                  from [01m[K/opt/ros/humble/include/rclcpp/rclcpp/executors.hpp:22[m[K,
[8.511s]                  from [01m[K/opt/ros/humble/include/rclcpp/rclcpp/rclcpp.hpp:155[m[K,
[8.511s]                  from [01m[K/home/geonmo/ydlidar_ws/src/ydlidar_ros2_driver/src/ydlidar_ros2_driver_node.cpp:23[m[K:
[8.511s] [01m[K/opt/ros/humble/include/rclcpp/rclcpp/node.hpp:366:3:[m[K [01;36m[Knote: [m[Kcandidate: ‘[01m[Kconst rclcpp::ParameterValue& rclcpp::Node::declare_parameter(const string&, const rclcpp::ParameterValue&, const ParameterDescriptor&, bool)[m[K’
[8.511s]   366 |   [01;36m[Kdeclare_parameter[m[K(
[8.512s]       |   [01;36m[K^~~~~~~~~~~~~~~~~[m[K
[8.512s] [01m[K/opt/ros/humble/include/rclcpp/rclcpp/node.hpp:366:3:[m[K [01;36m[Knote: [m[K  candidate expects 4 arguments, 1 provided
[8.512s] [01m[K/opt/ros/humble/include/rclcpp/rclcpp/node.hpp:391:3:[m[K [01;36m[Knote: [m[Kcandidate: ‘[01m[Kconst rclcpp::ParameterValue& rclcpp::Node::declare_parameter(const string&, rclcpp::ParameterType, const ParameterDescriptor&, bool)[m[K’
[8.512s]   391 |   [01;36m[Kdeclare_parameter[m[K(
[8.512s]       |   [01;36m[K^~~~~~~~~~~~~~~~~[m[K
[8.512s] [01m[K/opt/ros/humble/include/rclcpp/rclcpp/node.hpp:391:3:[m[K [01;36m[Knote: [m[K  candidate expects 4 arguments, 1 provided
[8.513s] [01m[K/home/geonmo/ydlidar_ws/src/ydlidar_ros2_driver/src/ydlidar_ros2_driver_node.cpp:100:26:[m[K [01;31m[Kerror: [m[Kno matching function for call to ‘[01m[Krclcpp::Node::declare_parameter(const char [10])[m[K’
[8.513s]   100 |   [01;31m[Knode->declare_parameter("reversion")[m[K;
[8.513s]       |   [01;31m[K~~~~~~~~~~~~~~~~~~~~~~~^~~~~~~~~~~~~[m[K
[8.513s] In file included from [01m[K/opt/ros/humble/include/rclcpp/rclcpp/executors/single_threaded_executor.hpp:28[m[K,
[8.513s]                  from [01m[K/opt/ros/humble/include/rclcpp/rclcpp/executors.hpp:22[m[K,
[8.513s]                  from [01m[K/opt/ros/humble/include/rclcpp/rclcpp/rclcpp.hpp:155[m[K,
[8.513s]                  from [01m[K/home/geonmo/ydlidar_ws/src/ydlidar_ros2_driver/src/ydlidar_ros2_driver_node.cpp:23[m[K:
[8.513s] [01m[K/opt/ros/humble/include/rclcpp/rclcpp/node.hpp:421:3:[m[K [01;36m[Knote: [m[Kcandidate: ‘[01m[Ktemplate<class ParameterT> auto rclcpp::Node::declare_parameter(const string&, const ParameterT&, const ParameterDescriptor&, bool)[m[K’
[8.513s]   421 |   [01;36m[Kdeclare_parameter[m[K(
[8.514s]       |   [01;36m[K^~~~~~~~~~~~~~~~~[m[K
[8.514s] [01m[K/opt/ros/humble/include/rclcpp/rclcpp/node.hpp:421:3:[m[K [01;36m[Knote: [m[K  template argument deduction/substitution failed:
[8.514s] [01m[K/home/geonmo/ydlidar_ws/src/ydlidar_ros2_driver/src/ydlidar_ros2_driver_node.cpp:100:26:[m[K [01;36m[Knote: [m[K  candidate expects 4 arguments, 1 provided
[8.514s]   100 |   [01;36m[Knode->declare_parameter("reversion")[m[K;
[8.514s]       |   [01;36m[K~~~~~~~~~~~~~~~~~~~~~~~^~~~~~~~~~~~~[m[K
[8.514s] In file included from [01m[K/opt/ros/humble/include/rclcpp/rclcpp/executors/single_threaded_executor.hpp:28[m[K,
[8.514s]                  from [01m[K/opt/ros/humble/include/rclcpp/rclcpp/executors.hpp:22[m[K,
[8.514s]                  from [01m[K/opt/ros/humble/include/rclcpp/rclcpp/rclcpp.hpp:155[m[K,
[8.514s]                  from [01m[K/home/geonmo/ydlidar_ws/src/ydlidar_ros2_driver/src/ydlidar_ros2_driver_node.cpp:23[m[K:
[8.515s] [01m[K/opt/ros/humble/include/rclcpp/rclcpp/node.hpp:434:3:[m[K [01;36m[Knote: [m[Kcandidate: ‘[01m[Ktemplate<class ParameterT> auto rclcpp::Node::declare_parameter(const string&, const ParameterDescriptor&, bool)[m[K’
[8.515s]   434 |   [01;36m[Kdeclare_parameter[m[K(
[8.515s]       |   [01;36m[K^~~~~~~~~~~~~~~~~[m[K
[8.515s] [01m[K/opt/ros/humble/include/rclcpp/rclcpp/node.hpp:434:3:[m[K [01;36m[Knote: [m[K  template argument deduction/substitution failed:
[8.515s] [01m[K/home/geonmo/ydlidar_ws/src/ydlidar_ros2_driver/src/ydlidar_ros2_driver_node.cpp:100:26:[m[K [01;36m[Knote: [m[K  couldn’t deduce template parameter ‘[01m[KParameterT[m[K’
[8.515s]   100 |   [01;36m[Knode->declare_parameter("reversion")[m[K;
[8.515s]       |   [01;36m[K~~~~~~~~~~~~~~~~~~~~~~~^~~~~~~~~~~~~[m[K
[8.515s] In file included from [01m[K/opt/ros/humble/include/rclcpp/rclcpp/executors/single_threaded_executor.hpp:28[m[K,
[8.516s]                  from [01m[K/opt/ros/humble/include/rclcpp/rclcpp/executors.hpp:22[m[K,
[8.516s]                  from [01m[K/opt/ros/humble/include/rclcpp/rclcpp/rclcpp.hpp:155[m[K,
[8.516s]                  from [01m[K/home/geonmo/ydlidar_ws/src/ydlidar_ros2_driver/src/ydlidar_ros2_driver_node.cpp:23[m[K:
[8.516s] [01m[K/opt/ros/humble/include/rclcpp/rclcpp/node.hpp:366:3:[m[K [01;36m[Knote: [m[Kcandidate: ‘[01m[Kconst rclcpp::ParameterValue& rclcpp::Node::declare_parameter(const string&, const rclcpp::ParameterValue&, const ParameterDescriptor&, bool)[m[K’
[8.516s]   366 |   [01;36m[Kdeclare_parameter[m[K(
[8.516s]       |   [01;36m[K^~~~~~~~~~~~~~~~~[m[K
[8.516s] [01m[K/opt/ros/humble/include/rclcpp/rclcpp/node.hpp:366:3:[m[K [01;36m[Knote: [m[K  candidate expects 4 arguments, 1 provided
[8.516s] [01m[K/opt/ros/humble/include/rclcpp/rclcpp/node.hpp:391:3:[m[K [01;36m[Knote: [m[Kcandidate: ‘[01m[Kconst rclcpp::ParameterValue& rclcpp::Node::declare_parameter(const string&, rclcpp::ParameterType, const ParameterDescriptor&, bool)[m[K’
[8.517s]   391 |   [01;36m[Kdeclare_parameter[m[K(
[8.517s]       |   [01;36m[K^~~~~~~~~~~~~~~~~[m[K
[8.517s] [01m[K/opt/ros/humble/include/rclcpp/rclcpp/node.hpp:391:3:[m[K [01;36m[Knote: [m[K  candidate expects 4 arguments, 1 provided
[8.517s] [01m[K/home/geonmo/ydlidar_ws/src/ydlidar_ros2_driver/src/ydlidar_ros2_driver_node.cpp:105:26:[m[K [01;31m[Kerror: [m[Kno matching function for call to ‘[01m[Krclcpp::Node::declare_parameter(const char [9])[m[K’
[8.517s]   105 |   [01;31m[Knode->declare_parameter("inverted")[m[K;
[8.517s]       |   [01;31m[K~~~~~~~~~~~~~~~~~~~~~~~^~~~~~~~~~~~[m[K
[8.517s] In file included from [01m[K/opt/ros/humble/include/rclcpp/rclcpp/executors/single_threaded_executor.hpp:28[m[K,
[8.517s]                  from [01m[K/opt/ros/humble/include/rclcpp/rclcpp/executors.hpp:22[m[K,
[8.517s]                  from [01m[K/opt/ros/humble/include/rclcpp/rclcpp/rclcpp.hpp:155[m[K,
[8.518s]                  from [01m[K/home/geonmo/ydlidar_ws/src/ydlidar_ros2_driver/src/ydlidar_ros2_driver_node.cpp:23[m[K:
[8.518s] [01m[K/opt/ros/humble/include/rclcpp/rclcpp/node.hpp:421:3:[m[K [01;36m[Knote: [m[Kcandidate: ‘[01m[Ktemplate<class ParameterT> auto rclcpp::Node::declare_parameter(const string&, const ParameterT&, const ParameterDescriptor&, bool)[m[K’
[8.518s]   421 |   [01;36m[Kdeclare_parameter[m[K(
[8.518s]       |   [01;36m[K^~~~~~~~~~~~~~~~~[m[K
[8.518s] [01m[K/opt/ros/humble/include/rclcpp/rclcpp/node.hpp:421:3:[m[K [01;36m[Knote: [m[K  template argument deduction/substitution failed:
[8.518s] [01m[K/home/geonmo/ydlidar_ws/src/ydlidar_ros2_driver/src/ydlidar_ros2_driver_node.cpp:105:26:[m[K [01;36m[Knote: [m[K  candidate expects 4 arguments, 1 provided
[8.518s]   105 |   [01;36m[Knode->declare_parameter("inverted")[m[K;
[8.518s]       |   [01;36m[K~~~~~~~~~~~~~~~~~~~~~~~^~~~~~~~~~~~[m[K
[8.519s] In file included from [01m[K/opt/ros/humble/include/rclcpp/rclcpp/executors/single_threaded_executor.hpp:28[m[K,
[8.519s]                  from [01m[K/opt/ros/humble/include/rclcpp/rclcpp/executors.hpp:22[m[K,
[8.519s]                  from [01m[K/opt/ros/humble/include/rclcpp/rclcpp/rclcpp.hpp:155[m[K,
[8.519s]                  from [01m[K/home/geonmo/ydlidar_ws/src/ydlidar_ros2_driver/src/ydlidar_ros2_driver_node.cpp:23[m[K:
[8.519s] [01m[K/opt/ros/humble/include/rclcpp/rclcpp/node.hpp:434:3:[m[K [01;36m[Knote: [m[Kcandidate: ‘[01m[Ktemplate<class ParameterT> auto rclcpp::Node::declare_parameter(const string&, const ParameterDescriptor&, bool)[m[K’
[8.519s]   434 |   [01;36m[Kdeclare_parameter[m[K(
[8.519s]       |   [01;36m[K^~~~~~~~~~~~~~~~~[m[K
[8.519s] [01m[K/opt/ros/humble/include/rclcpp/rclcpp/node.hpp:434:3:[m[K [01;36m[Knote: [m[K  template argument deduction/substitution failed:
[8.519s] [01m[K/home/geonmo/ydlidar_ws/src/ydlidar_ros2_driver/src/ydlidar_ros2_driver_node.cpp:105:26:[m[K [01;36m[Knote: [m[K  couldn’t deduce template parameter ‘[01m[KParameterT[m[K’
[8.520s]   105 |   [01;36m[Knode->declare_parameter("inverted")[m[K;
[8.520s]       |   [01;36m[K~~~~~~~~~~~~~~~~~~~~~~~^~~~~~~~~~~~[m[K
[8.520s] In file included from [01m[K/opt/ros/humble/include/rclcpp/rclcpp/executors/single_threaded_executor.hpp:28[m[K,
[8.520s]                  from [01m[K/opt/ros/humble/include/rclcpp/rclcpp/executors.hpp:22[m[K,
[8.520s]                  from [01m[K/opt/ros/humble/include/rclcpp/rclcpp/rclcpp.hpp:155[m[K,
[8.520s]                  from [01m[K/home/geonmo/ydlidar_ws/src/ydlidar_ros2_driver/src/ydlidar_ros2_driver_node.cpp:23[m[K:
[8.520s] [01m[K/opt/ros/humble/include/rclcpp/rclcpp/node.hpp:366:3:[m[K [01;36m[Knote: [m[Kcandidate: ‘[01m[Kconst rclcpp::ParameterValue& rclcpp::Node::declare_parameter(const string&, const rclcpp::ParameterValue&, const ParameterDescriptor&, bool)[m[K’
[8.520s]   366 |   [01;36m[Kdeclare_parameter[m[K(
[8.521s]       |   [01;36m[K^~~~~~~~~~~~~~~~~[m[K
[8.521s] [01m[K/opt/ros/humble/include/rclcpp/rclcpp/node.hpp:366:3:[m[K [01;36m[Knote: [m[K  candidate expects 4 arguments, 1 provided
[8.521s] [01m[K/opt/ros/humble/include/rclcpp/rclcpp/node.hpp:391:3:[m[K [01;36m[Knote: [m[Kcandidate: ‘[01m[Kconst rclcpp::ParameterValue& rclcpp::Node::declare_parameter(const string&, rclcpp::ParameterType, const ParameterDescriptor&, bool)[m[K’
[8.521s]   391 |   [01;36m[Kdeclare_parameter[m[K(
[8.521s]       |   [01;36m[K^~~~~~~~~~~~~~~~~[m[K
[8.521s] [01m[K/opt/ros/humble/include/rclcpp/rclcpp/node.hpp:391:3:[m[K [01;36m[Knote: [m[K  candidate expects 4 arguments, 1 provided
[8.521s] [01m[K/home/geonmo/ydlidar_ws/src/ydlidar_ros2_driver/src/ydlidar_ros2_driver_node.cpp:109:26:[m[K [01;31m[Kerror: [m[Kno matching function for call to ‘[01m[Krclcpp::Node::declare_parameter(const char [15])[m[K’
[8.521s]   109 |   [01;31m[Knode->declare_parameter("auto_reconnect")[m[K;
[8.521s]       |   [01;31m[K~~~~~~~~~~~~~~~~~~~~~~~^~~~~~~~~~~~~~~~~~[m[K
[8.522s] In file included from [01m[K/opt/ros/humble/include/rclcpp/rclcpp/executors/single_threaded_executor.hpp:28[m[K,
[8.522s]                  from [01m[K/opt/ros/humble/include/rclcpp/rclcpp/executors.hpp:22[m[K,
[8.522s]                  from [01m[K/opt/ros/humble/include/rclcpp/rclcpp/rclcpp.hpp:155[m[K,
[8.522s]                  from [01m[K/home/geonmo/ydlidar_ws/src/ydlidar_ros2_driver/src/ydlidar_ros2_driver_node.cpp:23[m[K:
[8.522s] [01m[K/opt/ros/humble/include/rclcpp/rclcpp/node.hpp:421:3:[m[K [01;36m[Knote: [m[Kcandidate: ‘[01m[Ktemplate<class ParameterT> auto rclcpp::Node::declare_parameter(const string&, const ParameterT&, const ParameterDescriptor&, bool)[m[K’
[8.522s]   421 |   [01;36m[Kdeclare_parameter[m[K(
[8.522s]       |   [01;36m[K^~~~~~~~~~~~~~~~~[m[K
[8.522s] [01m[K/opt/ros/humble/include/rclcpp/rclcpp/node.hpp:421:3:[m[K [01;36m[Knote: [m[K  template argument deduction/substitution failed:
[8.523s] [01m[K/home/geonmo/ydlidar_ws/src/ydlidar_ros2_driver/src/ydlidar_ros2_driver_node.cpp:109:26:[m[K [01;36m[Knote: [m[K  candidate expects 4 arguments, 1 provided
[8.523s]   109 |   [01;36m[Knode->declare_parameter("auto_reconnect")[m[K;
[8.523s]       |   [01;36m[K~~~~~~~~~~~~~~~~~~~~~~~^~~~~~~~~~~~~~~~~~[m[K
[8.523s] In file included from [01m[K/opt/ros/humble/include/rclcpp/rclcpp/executors/single_threaded_executor.hpp:28[m[K,
[8.523s]                  from [01m[K/opt/ros/humble/include/rclcpp/rclcpp/executors.hpp:22[m[K,
[8.523s]                  from [01m[K/opt/ros/humble/include/rclcpp/rclcpp/rclcpp.hpp:155[m[K,
[8.523s]                  from [01m[K/home/geonmo/ydlidar_ws/src/ydlidar_ros2_driver/src/ydlidar_ros2_driver_node.cpp:23[m[K:
[8.523s] [01m[K/opt/ros/humble/include/rclcpp/rclcpp/node.hpp:434:3:[m[K [01;36m[Knote: [m[Kcandidate: ‘[01m[Ktemplate<class ParameterT> auto rclcpp::Node::declare_parameter(const string&, const ParameterDescriptor&, bool)[m[K’
[8.523s]   434 |   [01;36m[Kdeclare_parameter[m[K(
[8.524s]       |   [01;36m[K^~~~~~~~~~~~~~~~~[m[K
[8.524s] [01m[K/opt/ros/humble/include/rclcpp/rclcpp/node.hpp:434:3:[m[K [01;36m[Knote: [m[K  template argument deduction/substitution failed:
[8.524s] [01m[K/home/geonmo/ydlidar_ws/src/ydlidar_ros2_driver/src/ydlidar_ros2_driver_node.cpp:109:26:[m[K [01;36m[Knote: [m[K  couldn’t deduce template parameter ‘[01m[KParameterT[m[K’
[8.524s]   109 |   [01;36m[Knode->declare_parameter("auto_reconnect")[m[K;
[8.524s]       |   [01;36m[K~~~~~~~~~~~~~~~~~~~~~~~^~~~~~~~~~~~~~~~~~[m[K
[8.524s] In file included from [01m[K/opt/ros/humble/include/rclcpp/rclcpp/executors/single_threaded_executor.hpp:28[m[K,
[8.524s]                  from [01m[K/opt/ros/humble/include/rclcpp/rclcpp/executors.hpp:22[m[K,
[8.524s]                  from [01m[K/opt/ros/humble/include/rclcpp/rclcpp/rclcpp.hpp:155[m[K,
[8.525s]                  from [01m[K/home/geonmo/ydlidar_ws/src/ydlidar_ros2_driver/src/ydlidar_ros2_driver_node.cpp:23[m[K:
[8.525s] [01m[K/opt/ros/humble/include/rclcpp/rclcpp/node.hpp:366:3:[m[K [01;36m[Knote: [m[Kcandidate: ‘[01m[Kconst rclcpp::ParameterValue& rclcpp::Node::declare_parameter(const string&, const rclcpp::ParameterValue&, const ParameterDescriptor&, bool)[m[K’
[8.525s]   366 |   [01;36m[Kdeclare_parameter[m[K(
[8.525s]       |   [01;36m[K^~~~~~~~~~~~~~~~~[m[K
[8.525s] [01m[K/opt/ros/humble/include/rclcpp/rclcpp/node.hpp:366:3:[m[K [01;36m[Knote: [m[K  candidate expects 4 arguments, 1 provided
[8.525s] [01m[K/opt/ros/humble/include/rclcpp/rclcpp/node.hpp:391:3:[m[K [01;36m[Knote: [m[Kcandidate: ‘[01m[Kconst rclcpp::ParameterValue& rclcpp::Node::declare_parameter(const string&, rclcpp::ParameterType, const ParameterDescriptor&, bool)[m[K’
[8.525s]   391 |   [01;36m[Kdeclare_parameter[m[K(
[8.525s]       |   [01;36m[K^~~~~~~~~~~~~~~~~[m[K
[8.526s] [01m[K/opt/ros/humble/include/rclcpp/rclcpp/node.hpp:391:3:[m[K [01;36m[Knote: [m[K  candidate expects 4 arguments, 1 provided
[8.526s] [01m[K/home/geonmo/ydlidar_ws/src/ydlidar_ros2_driver/src/ydlidar_ros2_driver_node.cpp:114:26:[m[K [01;31m[Kerror: [m[Kno matching function for call to ‘[01m[Krclcpp::Node::declare_parameter(const char [16])[m[K’
[8.526s]   114 |   [01;31m[Knode->declare_parameter("isSingleChannel")[m[K;
[8.526s]       |   [01;31m[K~~~~~~~~~~~~~~~~~~~~~~~^~~~~~~~~~~~~~~~~~~[m[K
[8.526s] In file included from [01m[K/opt/ros/humble/include/rclcpp/rclcpp/executors/single_threaded_executor.hpp:28[m[K,
[8.526s]                  from [01m[K/opt/ros/humble/include/rclcpp/rclcpp/executors.hpp:22[m[K,
[8.526s]                  from [01m[K/opt/ros/humble/include/rclcpp/rclcpp/rclcpp.hpp:155[m[K,
[8.526s]                  from [01m[K/home/geonmo/ydlidar_ws/src/ydlidar_ros2_driver/src/ydlidar_ros2_driver_node.cpp:23[m[K:
[8.526s] [01m[K/opt/ros/humble/include/rclcpp/rclcpp/node.hpp:421:3:[m[K [01;36m[Knote: [m[Kcandidate: ‘[01m[Ktemplate<class ParameterT> auto rclcpp::Node::declare_parameter(const string&, const ParameterT&, const ParameterDescriptor&, bool)[m[K’
[8.527s]   421 |   [01;36m[Kdeclare_parameter[m[K(
[8.527s]       |   [01;36m[K^~~~~~~~~~~~~~~~~[m[K
[8.527s] [01m[K/opt/ros/humble/include/rclcpp/rclcpp/node.hpp:421:3:[m[K [01;36m[Knote: [m[K  template argument deduction/substitution failed:
[8.527s] [01m[K/home/geonmo/ydlidar_ws/src/ydlidar_ros2_driver/src/ydlidar_ros2_driver_node.cpp:114:26:[m[K [01;36m[Knote: [m[K  candidate expects 4 arguments, 1 provided
[8.527s]   114 |   [01;36m[Knode->declare_parameter("isSingleChannel")[m[K;
[8.527s]       |   [01;36m[K~~~~~~~~~~~~~~~~~~~~~~~^~~~~~~~~~~~~~~~~~~[m[K
[8.527s] In file included from [01m[K/opt/ros/humble/include/rclcpp/rclcpp/executors/single_threaded_executor.hpp:28[m[K,
[8.527s]                  from [01m[K/opt/ros/humble/include/rclcpp/rclcpp/executors.hpp:22[m[K,
[8.528s]                  from [01m[K/opt/ros/humble/include/rclcpp/rclcpp/rclcpp.hpp:155[m[K,
[8.528s]                  from [01m[K/home/geonmo/ydlidar_ws/src/ydlidar_ros2_driver/src/ydlidar_ros2_driver_node.cpp:23[m[K:
[8.528s] [01m[K/opt/ros/humble/include/rclcpp/rclcpp/node.hpp:434:3:[m[K [01;36m[Knote: [m[Kcandidate: ‘[01m[Ktemplate<class ParameterT> auto rclcpp::Node::declare_parameter(const string&, const ParameterDescriptor&, bool)[m[K’
[8.528s]   434 |   [01;36m[Kdeclare_parameter[m[K(
[8.528s]       |   [01;36m[K^~~~~~~~~~~~~~~~~[m[K
[8.528s] [01m[K/opt/ros/humble/include/rclcpp/rclcpp/node.hpp:434:3:[m[K [01;36m[Knote: [m[K  template argument deduction/substitution failed:
[8.528s] [01m[K/home/geonmo/ydlidar_ws/src/ydlidar_ros2_driver/src/ydlidar_ros2_driver_node.cpp:114:26:[m[K [01;36m[Knote: [m[K  couldn’t deduce template parameter ‘[01m[KParameterT[m[K’
[8.528s]   114 |   [01;36m[Knode->declare_parameter("isSingleChannel")[m[K;
[8.528s]       |   [01;36m[K~~~~~~~~~~~~~~~~~~~~~~~^~~~~~~~~~~~~~~~~~~[m[K
[8.529s] In file included from [01m[K/opt/ros/humble/include/rclcpp/rclcpp/executors/single_threaded_executor.hpp:28[m[K,
[8.529s]                  from [01m[K/opt/ros/humble/include/rclcpp/rclcpp/executors.hpp:22[m[K,
[8.529s]                  from [01m[K/opt/ros/humble/include/rclcpp/rclcpp/rclcpp.hpp:155[m[K,
[8.529s]                  from [01m[K/home/geonmo/ydlidar_ws/src/ydlidar_ros2_driver/src/ydlidar_ros2_driver_node.cpp:23[m[K:
[8.529s] [01m[K/opt/ros/humble/include/rclcpp/rclcpp/node.hpp:366:3:[m[K [01;36m[Knote: [m[Kcandidate: ‘[01m[Kconst rclcpp::ParameterValue& rclcpp::Node::declare_parameter(const string&, const rclcpp::ParameterValue&, const ParameterDescriptor&, bool)[m[K’
[8.529s]   366 |   [01;36m[Kdeclare_parameter[m[K(
[8.529s]       |   [01;36m[K^~~~~~~~~~~~~~~~~[m[K
[8.529s] [01m[K/opt/ros/humble/include/rclcpp/rclcpp/node.hpp:366:3:[m[K [01;36m[Knote: [m[K  candidate expects 4 arguments, 1 provided
[8.530s] [01m[K/opt/ros/humble/include/rclcpp/rclcpp/node.hpp:391:3:[m[K [01;36m[Knote: [m[Kcandidate: ‘[01m[Kconst rclcpp::ParameterValue& rclcpp::Node::declare_parameter(const string&, rclcpp::ParameterType, const ParameterDescriptor&, bool)[m[K’
[8.530s]   391 |   [01;36m[Kdeclare_parameter[m[K(
[8.530s]       |   [01;36m[K^~~~~~~~~~~~~~~~~[m[K
[8.530s] [01m[K/opt/ros/humble/include/rclcpp/rclcpp/node.hpp:391:3:[m[K [01;36m[Knote: [m[K  candidate expects 4 arguments, 1 provided
[8.530s] [01m[K/home/geonmo/ydlidar_ws/src/ydlidar_ros2_driver/src/ydlidar_ros2_driver_node.cpp:119:26:[m[K [01;31m[Kerror: [m[Kno matching function for call to ‘[01m[Krclcpp::Node::declare_parameter(const char [10])[m[K’
[8.530s]   119 |   [01;31m[Knode->declare_parameter("intensity")[m[K;
[8.530s]       |   [01;31m[K~~~~~~~~~~~~~~~~~~~~~~~^~~~~~~~~~~~~[m[K
[8.530s] In file included from [01m[K/opt/ros/humble/include/rclcpp/rclcpp/executors/single_threaded_executor.hpp:28[m[K,
[8.530s]                  from [01m[K/opt/ros/humble/include/rclcpp/rclcpp/executors.hpp:22[m[K,
[8.531s]                  from [01m[K/opt/ros/humble/include/rclcpp/rclcpp/rclcpp.hpp:155[m[K,
[8.531s]                  from [01m[K/home/geonmo/ydlidar_ws/src/ydlidar_ros2_driver/src/ydlidar_ros2_driver_node.cpp:23[m[K:
[8.531s] [01m[K/opt/ros/humble/include/rclcpp/rclcpp/node.hpp:421:3:[m[K [01;36m[Knote: [m[Kcandidate: ‘[01m[Ktemplate<class ParameterT> auto rclcpp::Node::declare_parameter(const string&, const ParameterT&, const ParameterDescriptor&, bool)[m[K’
[8.531s]   421 |   [01;36m[Kdeclare_parameter[m[K(
[8.531s]       |   [01;36m[K^~~~~~~~~~~~~~~~~[m[K
[8.531s] [01m[K/opt/ros/humble/include/rclcpp/rclcpp/node.hpp:421:3:[m[K [01;36m[Knote: [m[K  template argument deduction/substitution failed:
[8.531s] [01m[K/home/geonmo/ydlidar_ws/src/ydlidar_ros2_driver/src/ydlidar_ros2_driver_node.cpp:119:26:[m[K [01;36m[Knote: [m[K  candidate expects 4 arguments, 1 provided
[8.531s]   119 |   [01;36m[Knode->declare_parameter("intensity")[m[K;
[8.532s]       |   [01;36m[K~~~~~~~~~~~~~~~~~~~~~~~^~~~~~~~~~~~~[m[K
[8.532s] In file included from [01m[K/opt/ros/humble/include/rclcpp/rclcpp/executors/single_threaded_executor.hpp:28[m[K,
[8.532s]                  from [01m[K/opt/ros/humble/include/rclcpp/rclcpp/executors.hpp:22[m[K,
[8.532s]                  from [01m[K/opt/ros/humble/include/rclcpp/rclcpp/rclcpp.hpp:155[m[K,
[8.532s]                  from [01m[K/home/geonmo/ydlidar_ws/src/ydlidar_ros2_driver/src/ydlidar_ros2_driver_node.cpp:23[m[K:
[8.532s] [01m[K/opt/ros/humble/include/rclcpp/rclcpp/node.hpp:434:3:[m[K [01;36m[Knote: [m[Kcandidate: ‘[01m[Ktemplate<class ParameterT> auto rclcpp::Node::declare_parameter(const string&, const ParameterDescriptor&, bool)[m[K’
[8.532s]   434 |   [01;36m[Kdeclare_parameter[m[K(
[8.532s]       |   [01;36m[K^~~~~~~~~~~~~~~~~[m[K
[8.533s] [01m[K/opt/ros/humble/include/rclcpp/rclcpp/node.hpp:434:3:[m[K [01;36m[Knote: [m[K  template argument deduction/substitution failed:
[8.533s] [01m[K/home/geonmo/ydlidar_ws/src/ydlidar_ros2_driver/src/ydlidar_ros2_driver_node.cpp:119:26:[m[K [01;36m[Knote: [m[K  couldn’t deduce template parameter ‘[01m[KParameterT[m[K’
[8.533s]   119 |   [01;36m[Knode->declare_parameter("intensity")[m[K;
[8.533s]       |   [01;36m[K~~~~~~~~~~~~~~~~~~~~~~~^~~~~~~~~~~~~[m[K
[8.533s] In file included from [01m[K/opt/ros/humble/include/rclcpp/rclcpp/executors/single_threaded_executor.hpp:28[m[K,
[8.533s]                  from [01m[K/opt/ros/humble/include/rclcpp/rclcpp/executors.hpp:22[m[K,
[8.533s]                  from [01m[K/opt/ros/humble/include/rclcpp/rclcpp/rclcpp.hpp:155[m[K,
[8.533s]                  from [01m[K/home/geonmo/ydlidar_ws/src/ydlidar_ros2_driver/src/ydlidar_ros2_driver_node.cpp:23[m[K:
[8.533s] [01m[K/opt/ros/humble/include/rclcpp/rclcpp/node.hpp:366:3:[m[K [01;36m[Knote: [m[Kcandidate: ‘[01m[Kconst rclcpp::ParameterValue& rclcpp::Node::declare_parameter(const string&, const rclcpp::ParameterValue&, const ParameterDescriptor&, bool)[m[K’
[8.534s]   366 |   [01;36m[Kdeclare_parameter[m[K(
[8.534s]       |   [01;36m[K^~~~~~~~~~~~~~~~~[m[K
[8.534s] [01m[K/opt/ros/humble/include/rclcpp/rclcpp/node.hpp:366:3:[m[K [01;36m[Knote: [m[K  candidate expects 4 arguments, 1 provided
[8.534s] [01m[K/opt/ros/humble/include/rclcpp/rclcpp/node.hpp:391:3:[m[K [01;36m[Knote: [m[Kcandidate: ‘[01m[Kconst rclcpp::ParameterValue& rclcpp::Node::declare_parameter(const string&, rclcpp::ParameterType, const ParameterDescriptor&, bool)[m[K’
[8.534s]   391 |   [01;36m[Kdeclare_parameter[m[K(
[8.534s]       |   [01;36m[K^~~~~~~~~~~~~~~~~[m[K
[8.534s] [01m[K/opt/ros/humble/include/rclcpp/rclcpp/node.hpp:391:3:[m[K [01;36m[Knote: [m[K  candidate expects 4 arguments, 1 provided
[8.535s] [01m[K/home/geonmo/ydlidar_ws/src/ydlidar_ros2_driver/src/ydlidar_ros2_driver_node.cpp:124:26:[m[K [01;31m[Kerror: [m[Kno matching function for call to ‘[01m[Krclcpp::Node::declare_parameter(const char [18])[m[K’
[8.535s]   124 |   [01;31m[Knode->declare_parameter("support_motor_dtr")[m[K;
[8.535s]       |   [01;31m[K~~~~~~~~~~~~~~~~~~~~~~~^~~~~~~~~~~~~~~~~~~~~[m[K
[8.535s] In file included from [01m[K/opt/ros/humble/include/rclcpp/rclcpp/executors/single_threaded_executor.hpp:28[m[K,
[8.535s]                  from [01m[K/opt/ros/humble/include/rclcpp/rclcpp/executors.hpp:22[m[K,
[8.535s]                  from [01m[K/opt/ros/humble/include/rclcpp/rclcpp/rclcpp.hpp:155[m[K,
[8.535s]                  from [01m[K/home/geonmo/ydlidar_ws/src/ydlidar_ros2_driver/src/ydlidar_ros2_driver_node.cpp:23[m[K:
[8.535s] [01m[K/opt/ros/humble/include/rclcpp/rclcpp/node.hpp:421:3:[m[K [01;36m[Knote: [m[Kcandidate: ‘[01m[Ktemplate<class ParameterT> auto rclcpp::Node::declare_parameter(const string&, const ParameterT&, const ParameterDescriptor&, bool)[m[K’
[8.536s]   421 |   [01;36m[Kdeclare_parameter[m[K(
[8.536s]       |   [01;36m[K^~~~~~~~~~~~~~~~~[m[K
[8.536s] [01m[K/opt/ros/humble/include/rclcpp/rclcpp/node.hpp:421:3:[m[K [01;36m[Knote: [m[K  template argument deduction/substitution failed:
[8.536s] [01m[K/home/geonmo/ydlidar_ws/src/ydlidar_ros2_driver/src/ydlidar_ros2_driver_node.cpp:124:26:[m[K [01;36m[Knote: [m[K  candidate expects 4 arguments, 1 provided
[8.536s]   124 |   [01;36m[Knode->declare_parameter("support_motor_dtr")[m[K;
[8.536s]       |   [01;36m[K~~~~~~~~~~~~~~~~~~~~~~~^~~~~~~~~~~~~~~~~~~~~[m[K
[8.536s] In file included from [01m[K/opt/ros/humble/include/rclcpp/rclcpp/executors/single_threaded_executor.hpp:28[m[K,
[8.536s]                  from [01m[K/opt/ros/humble/include/rclcpp/rclcpp/executors.hpp:22[m[K,
[8.537s]                  from [01m[K/opt/ros/humble/include/rclcpp/rclcpp/rclcpp.hpp:155[m[K,
[8.537s]                  from [01m[K/home/geonmo/ydlidar_ws/src/ydlidar_ros2_driver/src/ydlidar_ros2_driver_node.cpp:23[m[K:
[8.537s] [01m[K/opt/ros/humble/include/rclcpp/rclcpp/node.hpp:434:3:[m[K [01;36m[Knote: [m[Kcandidate: ‘[01m[Ktemplate<class ParameterT> auto rclcpp::Node::declare_parameter(const string&, const ParameterDescriptor&, bool)[m[K’
[8.537s]   434 |   [01;36m[Kdeclare_parameter[m[K(
[8.537s]       |   [01;36m[K^~~~~~~~~~~~~~~~~[m[K
[8.537s] [01m[K/opt/ros/humble/include/rclcpp/rclcpp/node.hpp:434:3:[m[K [01;36m[Knote: [m[K  template argument deduction/substitution failed:
[8.537s] [01m[K/home/geonmo/ydlidar_ws/src/ydlidar_ros2_driver/src/ydlidar_ros2_driver_node.cpp:124:26:[m[K [01;36m[Knote: [m[K  couldn’t deduce template parameter ‘[01m[KParameterT[m[K’
[8.537s]   124 |   [01;36m[Knode->declare_parameter("support_motor_dtr")[m[K;
[8.538s]       |   [01;36m[K~~~~~~~~~~~~~~~~~~~~~~~^~~~~~~~~~~~~~~~~~~~~[m[K
[8.538s] In file included from [01m[K/opt/ros/humble/include/rclcpp/rclcpp/executors/single_threaded_executor.hpp:28[m[K,
[8.538s]                  from [01m[K/opt/ros/humble/include/rclcpp/rclcpp/executors.hpp:22[m[K,
[8.538s]                  from [01m[K/opt/ros/humble/include/rclcpp/rclcpp/rclcpp.hpp:155[m[K,
[8.538s]                  from [01m[K/home/geonmo/ydlidar_ws/src/ydlidar_ros2_driver/src/ydlidar_ros2_driver_node.cpp:23[m[K:
[8.538s] [01m[K/opt/ros/humble/include/rclcpp/rclcpp/node.hpp:366:3:[m[K [01;36m[Knote: [m[Kcandidate: ‘[01m[Kconst rclcpp::ParameterValue& rclcpp::Node::declare_parameter(const string&, const rclcpp::ParameterValue&, const ParameterDescriptor&, bool)[m[K’
[8.538s]   366 |   [01;36m[Kdeclare_parameter[m[K(
[8.538s]       |   [01;36m[K^~~~~~~~~~~~~~~~~[m[K
[8.538s] [01m[K/opt/ros/humble/include/rclcpp/rclcpp/node.hpp:366:3:[m[K [01;36m[Knote: [m[K  candidate expects 4 arguments, 1 provided
[8.539s] [01m[K/opt/ros/humble/include/rclcpp/rclcpp/node.hpp:391:3:[m[K [01;36m[Knote: [m[Kcandidate: ‘[01m[Kconst rclcpp::ParameterValue& rclcpp::Node::declare_parameter(const string&, rclcpp::ParameterType, const ParameterDescriptor&, bool)[m[K’
[8.539s]   391 |   [01;36m[Kdeclare_parameter[m[K(
[8.539s]       |   [01;36m[K^~~~~~~~~~~~~~~~~[m[K
[8.539s] [01m[K/opt/ros/humble/include/rclcpp/rclcpp/node.hpp:391:3:[m[K [01;36m[Knote: [m[K  candidate expects 4 arguments, 1 provided
[8.539s] [01m[K/home/geonmo/ydlidar_ws/src/ydlidar_ros2_driver/src/ydlidar_ros2_driver_node.cpp:129:26:[m[K [01;31m[Kerror: [m[Kno matching function for call to ‘[01m[Krclcpp::Node::declare_parameter(const char [6])[m[K’
[8.539s]   129 |   [01;31m[Knode->declare_parameter("debug")[m[K;
[8.539s]       |   [01;31m[K~~~~~~~~~~~~~~~~~~~~~~~^~~~~~~~~[m[K
[8.539s] In file included from [01m[K/opt/ros/humble/include/rclcpp/rclcpp/executors/single_threaded_executor.hpp:28[m[K,
[8.540s]                  from [01m[K/opt/ros/humble/include/rclcpp/rclcpp/executors.hpp:22[m[K,
[8.540s]                  from [01m[K/opt/ros/humble/include/rclcpp/rclcpp/rclcpp.hpp:155[m[K,
[8.540s]                  from [01m[K/home/geonmo/ydlidar_ws/src/ydlidar_ros2_driver/src/ydlidar_ros2_driver_node.cpp:23[m[K:
[8.540s] [01m[K/opt/ros/humble/include/rclcpp/rclcpp/node.hpp:421:3:[m[K [01;36m[Knote: [m[Kcandidate: ‘[01m[Ktemplate<class ParameterT> auto rclcpp::Node::declare_parameter(const string&, const ParameterT&, const ParameterDescriptor&, bool)[m[K’
[8.540s]   421 |   [01;36m[Kdeclare_parameter[m[K(
[8.540s]       |   [01;36m[K^~~~~~~~~~~~~~~~~[m[K
[8.540s] [01m[K/opt/ros/humble/include/rclcpp/rclcpp/node.hpp:421:3:[m[K [01;36m[Knote: [m[K  template argument deduction/substitution failed:
[8.540s] [01m[K/home/geonmo/ydlidar_ws/src/ydlidar_ros2_driver/src/ydlidar_ros2_driver_node.cpp:129:26:[m[K [01;36m[Knote: [m[K  candidate expects 4 arguments, 1 provided
[8.540s]   129 |   [01;36m[Knode->declare_parameter("debug")[m[K;
[8.541s]       |   [01;36m[K~~~~~~~~~~~~~~~~~~~~~~~^~~~~~~~~[m[K
[8.541s] In file included from [01m[K/opt/ros/humble/include/rclcpp/rclcpp/executors/single_threaded_executor.hpp:28[m[K,
[8.541s]                  from [01m[K/opt/ros/humble/include/rclcpp/rclcpp/executors.hpp:22[m[K,
[8.541s]                  from [01m[K/opt/ros/humble/include/rclcpp/rclcpp/rclcpp.hpp:155[m[K,
[8.541s]                  from [01m[K/home/geonmo/ydlidar_ws/src/ydlidar_ros2_driver/src/ydlidar_ros2_driver_node.cpp:23[m[K:
[8.541s] [01m[K/opt/ros/humble/include/rclcpp/rclcpp/node.hpp:434:3:[m[K [01;36m[Knote: [m[Kcandidate: ‘[01m[Ktemplate<class ParameterT> auto rclcpp::Node::declare_parameter(const string&, const ParameterDescriptor&, bool)[m[K’
[8.541s]   434 |   [01;36m[Kdeclare_parameter[m[K(
[8.541s]       |   [01;36m[K^~~~~~~~~~~~~~~~~[m[K
[8.542s] [01m[K/opt/ros/humble/include/rclcpp/rclcpp/node.hpp:434:3:[m[K [01;36m[Knote: [m[K  template argument deduction/substitution failed:
[8.542s] [01m[K/home/geonmo/ydlidar_ws/src/ydlidar_ros2_driver/src/ydlidar_ros2_driver_node.cpp:129:26:[m[K [01;36m[Knote: [m[K  couldn’t deduce template parameter ‘[01m[KParameterT[m[K’
[8.542s]   129 |   [01;36m[Knode->declare_parameter("debug")[m[K;
[8.542s]       |   [01;36m[K~~~~~~~~~~~~~~~~~~~~~~~^~~~~~~~~[m[K
[8.542s] In file included from [01m[K/opt/ros/humble/include/rclcpp/rclcpp/executors/single_threaded_executor.hpp:28[m[K,
[8.542s]                  from [01m[K/opt/ros/humble/include/rclcpp/rclcpp/executors.hpp:22[m[K,
[8.542s]                  from [01m[K/opt/ros/humble/include/rclcpp/rclcpp/rclcpp.hpp:155[m[K,
[8.542s]                  from [01m[K/home/geonmo/ydlidar_ws/src/ydlidar_ros2_driver/src/ydlidar_ros2_driver_node.cpp:23[m[K:
[8.543s] [01m[K/opt/ros/humble/include/rclcpp/rclcpp/node.hpp:366:3:[m[K [01;36m[Knote: [m[Kcandidate: ‘[01m[Kconst rclcpp::ParameterValue& rclcpp::Node::declare_parameter(const string&, const rclcpp::ParameterValue&, const ParameterDescriptor&, bool)[m[K’
[8.543s]   366 |   [01;36m[Kdeclare_parameter[m[K(
[8.543s]       |   [01;36m[K^~~~~~~~~~~~~~~~~[m[K
[8.543s] [01m[K/opt/ros/humble/include/rclcpp/rclcpp/node.hpp:366:3:[m[K [01;36m[Knote: [m[K  candidate expects 4 arguments, 1 provided
[8.543s] [01m[K/opt/ros/humble/include/rclcpp/rclcpp/node.hpp:391:3:[m[K [01;36m[Knote: [m[Kcandidate: ‘[01m[Kconst rclcpp::ParameterValue& rclcpp::Node::declare_parameter(const string&, rclcpp::ParameterType, const ParameterDescriptor&, bool)[m[K’
[8.543s]   391 |   [01;36m[Kdeclare_parameter[m[K(
[8.543s]       |   [01;36m[K^~~~~~~~~~~~~~~~~[m[K
[8.543s] [01m[K/opt/ros/humble/include/rclcpp/rclcpp/node.hpp:391:3:[m[K [01;36m[Knote: [m[K  candidate expects 4 arguments, 1 provided
[8.543s] [01m[K/home/geonmo/ydlidar_ws/src/ydlidar_ros2_driver/src/ydlidar_ros2_driver_node.cpp:136:26:[m[K [01;31m[Kerror: [m[Kno matching function for call to ‘[01m[Krclcpp::Node::declare_parameter(const char [10])[m[K’
[8.544s]   136 |   [01;31m[Knode->declare_parameter("angle_max")[m[K;
[8.544s]       |   [01;31m[K~~~~~~~~~~~~~~~~~~~~~~~^~~~~~~~~~~~~[m[K
[8.544s] In file included from [01m[K/opt/ros/humble/include/rclcpp/rclcpp/executors/single_threaded_executor.hpp:28[m[K,
[8.544s]                  from [01m[K/opt/ros/humble/include/rclcpp/rclcpp/executors.hpp:22[m[K,
[8.544s]                  from [01m[K/opt/ros/humble/include/rclcpp/rclcpp/rclcpp.hpp:155[m[K,
[8.545s]                  from [01m[K/home/geonmo/ydlidar_ws/src/ydlidar_ros2_driver/src/ydlidar_ros2_driver_node.cpp:23[m[K:
[8.545s] [01m[K/opt/ros/humble/include/rclcpp/rclcpp/node.hpp:421:3:[m[K [01;36m[Knote: [m[Kcandidate: ‘[01m[Ktemplate<class ParameterT> auto rclcpp::Node::declare_parameter(const string&, const ParameterT&, const ParameterDescriptor&, bool)[m[K’
[8.545s]   421 |   [01;36m[Kdeclare_parameter[m[K(
[8.545s]       |   [01;36m[K^~~~~~~~~~~~~~~~~[m[K
[8.545s] [01m[K/opt/ros/humble/include/rclcpp/rclcpp/node.hpp:421:3:[m[K [01;36m[Knote: [m[K  template argument deduction/substitution failed:
[8.546s] [01m[K/home/geonmo/ydlidar_ws/src/ydlidar_ros2_driver/src/ydlidar_ros2_driver_node.cpp:136:26:[m[K [01;36m[Knote: [m[K  candidate expects 4 arguments, 1 provided
[8.546s]   136 |   [01;36m[Knode->declare_parameter("angle_max")[m[K;
[8.546s]       |   [01;36m[K~~~~~~~~~~~~~~~~~~~~~~~^~~~~~~~~~~~~[m[K
[8.546s] In file included from [01m[K/opt/ros/humble/include/rclcpp/rclcpp/executors/single_threaded_executor.hpp:28[m[K,
[8.546s]                  from [01m[K/opt/ros/humble/include/rclcpp/rclcpp/executors.hpp:22[m[K,
[8.546s]                  from [01m[K/opt/ros/humble/include/rclcpp/rclcpp/rclcpp.hpp:155[m[K,
[8.546s]                  from [01m[K/home/geonmo/ydlidar_ws/src/ydlidar_ros2_driver/src/ydlidar_ros2_driver_node.cpp:23[m[K:
[8.546s] [01m[K/opt/ros/humble/include/rclcpp/rclcpp/node.hpp:434:3:[m[K [01;36m[Knote: [m[Kcandidate: ‘[01m[Ktemplate<class ParameterT> auto rclcpp::Node::declare_parameter(const string&, const ParameterDescriptor&, bool)[m[K’
[8.546s]   434 |   [01;36m[Kdeclare_parameter[m[K(
[8.547s]       |   [01;36m[K^~~~~~~~~~~~~~~~~[m[K
[8.547s] [01m[K/opt/ros/humble/include/rclcpp/rclcpp/node.hpp:434:3:[m[K [01;36m[Knote: [m[K  template argument deduction/substitution failed:
[8.547s] [01m[K/home/geonmo/ydlidar_ws/src/ydlidar_ros2_driver/src/ydlidar_ros2_driver_node.cpp:136:26:[m[K [01;36m[Knote: [m[K  couldn’t deduce template parameter ‘[01m[KParameterT[m[K’
[8.547s]   136 |   [01;36m[Knode->declare_parameter("angle_max")[m[K;
[8.547s]       |   [01;36m[K~~~~~~~~~~~~~~~~~~~~~~~^~~~~~~~~~~~~[m[K
[8.547s] In file included from [01m[K/opt/ros/humble/include/rclcpp/rclcpp/executors/single_threaded_executor.hpp:28[m[K,
[8.547s]                  from [01m[K/opt/ros/humble/include/rclcpp/rclcpp/executors.hpp:22[m[K,
[8.547s]                  from [01m[K/opt/ros/humble/include/rclcpp/rclcpp/rclcpp.hpp:155[m[K,
[8.548s]                  from [01m[K/home/geonmo/ydlidar_ws/src/ydlidar_ros2_driver/src/ydlidar_ros2_driver_node.cpp:23[m[K:
[8.548s] [01m[K/opt/ros/humble/include/rclcpp/rclcpp/node.hpp:366:3:[m[K [01;36m[Knote: [m[Kcandidate: ‘[01m[Kconst rclcpp::ParameterValue& rclcpp::Node::declare_parameter(const string&, const rclcpp::ParameterValue&, const ParameterDescriptor&, bool)[m[K’
[8.548s]   366 |   [01;36m[Kdeclare_parameter[m[K(
[8.548s]       |   [01;36m[K^~~~~~~~~~~~~~~~~[m[K
[8.548s] [01m[K/opt/ros/humble/include/rclcpp/rclcpp/node.hpp:366:3:[m[K [01;36m[Knote: [m[K  candidate expects 4 arguments, 1 provided
[8.548s] [01m[K/opt/ros/humble/include/rclcpp/rclcpp/node.hpp:391:3:[m[K [01;36m[Knote: [m[Kcandidate: ‘[01m[Kconst rclcpp::ParameterValue& rclcpp::Node::declare_parameter(const string&, rclcpp::ParameterType, const ParameterDescriptor&, bool)[m[K’
[8.548s]   391 |   [01;36m[Kdeclare_parameter[m[K(
[8.548s]       |   [01;36m[K^~~~~~~~~~~~~~~~~[m[K
[8.549s] [01m[K/opt/ros/humble/include/rclcpp/rclcpp/node.hpp:391:3:[m[K [01;36m[Knote: [m[K  candidate expects 4 arguments, 1 provided
[8.549s] [01m[K/home/geonmo/ydlidar_ws/src/ydlidar_ros2_driver/src/ydlidar_ros2_driver_node.cpp:140:26:[m[K [01;31m[Kerror: [m[Kno matching function for call to ‘[01m[Krclcpp::Node::declare_parameter(const char [10])[m[K’
[8.549s]   140 |   [01;31m[Knode->declare_parameter("angle_min")[m[K;
[8.549s]       |   [01;31m[K~~~~~~~~~~~~~~~~~~~~~~~^~~~~~~~~~~~~[m[K
[8.549s] In file included from [01m[K/opt/ros/humble/include/rclcpp/rclcpp/executors/single_threaded_executor.hpp:28[m[K,
[8.549s]                  from [01m[K/opt/ros/humble/include/rclcpp/rclcpp/executors.hpp:22[m[K,
[8.549s]                  from [01m[K/opt/ros/humble/include/rclcpp/rclcpp/rclcpp.hpp:155[m[K,
[8.549s]                  from [01m[K/home/geonmo/ydlidar_ws/src/ydlidar_ros2_driver/src/ydlidar_ros2_driver_node.cpp:23[m[K:
[8.550s] [01m[K/opt/ros/humble/include/rclcpp/rclcpp/node.hpp:421:3:[m[K [01;36m[Knote: [m[Kcandidate: ‘[01m[Ktemplate<class ParameterT> auto rclcpp::Node::declare_parameter(const string&, const ParameterT&, const ParameterDescriptor&, bool)[m[K’
[8.550s]   421 |   [01;36m[Kdeclare_parameter[m[K(
[8.550s]       |   [01;36m[K^~~~~~~~~~~~~~~~~[m[K
[8.550s] [01m[K/opt/ros/humble/include/rclcpp/rclcpp/node.hpp:421:3:[m[K [01;36m[Knote: [m[K  template argument deduction/substitution failed:
[8.550s] [01m[K/home/geonmo/ydlidar_ws/src/ydlidar_ros2_driver/src/ydlidar_ros2_driver_node.cpp:140:26:[m[K [01;36m[Knote: [m[K  candidate expects 4 arguments, 1 provided
[8.550s]   140 |   [01;36m[Knode->declare_parameter("angle_min")[m[K;
[8.550s]       |   [01;36m[K~~~~~~~~~~~~~~~~~~~~~~~^~~~~~~~~~~~~[m[K
[8.550s] In file included from [01m[K/opt/ros/humble/include/rclcpp/rclcpp/executors/single_threaded_executor.hpp:28[m[K,
[8.550s]                  from [01m[K/opt/ros/humble/include/rclcpp/rclcpp/executors.hpp:22[m[K,
[8.551s]                  from [01m[K/opt/ros/humble/include/rclcpp/rclcpp/rclcpp.hpp:155[m[K,
[8.551s]                  from [01m[K/home/geonmo/ydlidar_ws/src/ydlidar_ros2_driver/src/ydlidar_ros2_driver_node.cpp:23[m[K:
[8.551s] [01m[K/opt/ros/humble/include/rclcpp/rclcpp/node.hpp:434:3:[m[K [01;36m[Knote: [m[Kcandidate: ‘[01m[Ktemplate<class ParameterT> auto rclcpp::Node::declare_parameter(const string&, const ParameterDescriptor&, bool)[m[K’
[8.551s]   434 |   [01;36m[Kdeclare_parameter[m[K(
[8.551s]       |   [01;36m[K^~~~~~~~~~~~~~~~~[m[K
[8.551s] [01m[K/opt/ros/humble/include/rclcpp/rclcpp/node.hpp:434:3:[m[K [01;36m[Knote: [m[K  template argument deduction/substitution failed:
[8.551s] [01m[K/home/geonmo/ydlidar_ws/src/ydlidar_ros2_driver/src/ydlidar_ros2_driver_node.cpp:140:26:[m[K [01;36m[Knote: [m[K  couldn’t deduce template parameter ‘[01m[KParameterT[m[K’
[8.551s]   140 |   [01;36m[Knode->declare_parameter("angle_min")[m[K;
[8.552s]       |   [01;36m[K~~~~~~~~~~~~~~~~~~~~~~~^~~~~~~~~~~~~[m[K
[8.552s] In file included from [01m[K/opt/ros/humble/include/rclcpp/rclcpp/executors/single_threaded_executor.hpp:28[m[K,
[8.552s]                  from [01m[K/opt/ros/humble/include/rclcpp/rclcpp/executors.hpp:22[m[K,
[8.552s]                  from [01m[K/opt/ros/humble/include/rclcpp/rclcpp/rclcpp.hpp:155[m[K,
[8.552s]                  from [01m[K/home/geonmo/ydlidar_ws/src/ydlidar_ros2_driver/src/ydlidar_ros2_driver_node.cpp:23[m[K:
[8.552s] [01m[K/opt/ros/humble/include/rclcpp/rclcpp/node.hpp:366:3:[m[K [01;36m[Knote: [m[Kcandidate: ‘[01m[Kconst rclcpp::ParameterValue& rclcpp::Node::declare_parameter(const string&, const rclcpp::ParameterValue&, const ParameterDescriptor&, bool)[m[K’
[8.552s]   366 |   [01;36m[Kdeclare_parameter[m[K(
[8.552s]       |   [01;36m[K^~~~~~~~~~~~~~~~~[m[K
[8.553s] [01m[K/opt/ros/humble/include/rclcpp/rclcpp/node.hpp:366:3:[m[K [01;36m[Knote: [m[K  candidate expects 4 arguments, 1 provided
[8.553s] [01m[K/opt/ros/humble/include/rclcpp/rclcpp/node.hpp:391:3:[m[K [01;36m[Knote: [m[Kcandidate: ‘[01m[Kconst rclcpp::ParameterValue& rclcpp::Node::declare_parameter(const string&, rclcpp::ParameterType, const ParameterDescriptor&, bool)[m[K’
[8.553s]   391 |   [01;36m[Kdeclare_parameter[m[K(
[8.553s]       |   [01;36m[K^~~~~~~~~~~~~~~~~[m[K
[8.553s] [01m[K/opt/ros/humble/include/rclcpp/rclcpp/node.hpp:391:3:[m[K [01;36m[Knote: [m[K  candidate expects 4 arguments, 1 provided
[8.553s] [01m[K/home/geonmo/ydlidar_ws/src/ydlidar_ros2_driver/src/ydlidar_ros2_driver_node.cpp:145:26:[m[K [01;31m[Kerror: [m[Kno matching function for call to ‘[01m[Krclcpp::Node::declare_parameter(const char [10])[m[K’
[8.553s]   145 |   [01;31m[Knode->declare_parameter("range_max")[m[K;
[8.553s]       |   [01;31m[K~~~~~~~~~~~~~~~~~~~~~~~^~~~~~~~~~~~~[m[K
[8.553s] In file included from [01m[K/opt/ros/humble/include/rclcpp/rclcpp/executors/single_threaded_executor.hpp:28[m[K,
[8.554s]                  from [01m[K/opt/ros/humble/include/rclcpp/rclcpp/executors.hpp:22[m[K,
[8.554s]                  from [01m[K/opt/ros/humble/include/rclcpp/rclcpp/rclcpp.hpp:155[m[K,
[8.554s]                  from [01m[K/home/geonmo/ydlidar_ws/src/ydlidar_ros2_driver/src/ydlidar_ros2_driver_node.cpp:23[m[K:
[8.554s] [01m[K/opt/ros/humble/include/rclcpp/rclcpp/node.hpp:421:3:[m[K [01;36m[Knote: [m[Kcandidate: ‘[01m[Ktemplate<class ParameterT> auto rclcpp::Node::declare_parameter(const string&, const ParameterT&, const ParameterDescriptor&, bool)[m[K’
[8.554s]   421 |   [01;36m[Kdeclare_parameter[m[K(
[8.554s]       |   [01;36m[K^~~~~~~~~~~~~~~~~[m[K
[8.554s] [01m[K/opt/ros/humble/include/rclcpp/rclcpp/node.hpp:421:3:[m[K [01;36m[Knote: [m[K  template argument deduction/substitution failed:
[8.554s] [01m[K/home/geonmo/ydlidar_ws/src/ydlidar_ros2_driver/src/ydlidar_ros2_driver_node.cpp:145:26:[m[K [01;36m[Knote: [m[K  candidate expects 4 arguments, 1 provided
[8.555s]   145 |   [01;36m[Knode->declare_parameter("range_max")[m[K;
[8.555s]       |   [01;36m[K~~~~~~~~~~~~~~~~~~~~~~~^~~~~~~~~~~~~[m[K
[8.555s] In file included from [01m[K/opt/ros/humble/include/rclcpp/rclcpp/executors/single_threaded_executor.hpp:28[m[K,
[8.555s]                  from [01m[K/opt/ros/humble/include/rclcpp/rclcpp/executors.hpp:22[m[K,
[8.555s]                  from [01m[K/opt/ros/humble/include/rclcpp/rclcpp/rclcpp.hpp:155[m[K,
[8.555s]                  from [01m[K/home/geonmo/ydlidar_ws/src/ydlidar_ros2_driver/src/ydlidar_ros2_driver_node.cpp:23[m[K:
[8.555s] [01m[K/opt/ros/humble/include/rclcpp/rclcpp/node.hpp:434:3:[m[K [01;36m[Knote: [m[Kcandidate: ‘[01m[Ktemplate<class ParameterT> auto rclcpp::Node::declare_parameter(const string&, const ParameterDescriptor&, bool)[m[K’
[8.555s]   434 |   [01;36m[Kdeclare_parameter[m[K(
[8.556s]       |   [01;36m[K^~~~~~~~~~~~~~~~~[m[K
[8.556s] [01m[K/opt/ros/humble/include/rclcpp/rclcpp/node.hpp:434:3:[m[K [01;36m[Knote: [m[K  template argument deduction/substitution failed:
[8.556s] [01m[K/home/geonmo/ydlidar_ws/src/ydlidar_ros2_driver/src/ydlidar_ros2_driver_node.cpp:145:26:[m[K [01;36m[Knote: [m[K  couldn’t deduce template parameter ‘[01m[KParameterT[m[K’
[8.556s]   145 |   [01;36m[Knode->declare_parameter("range_max")[m[K;
[8.556s]       |   [01;36m[K~~~~~~~~~~~~~~~~~~~~~~~^~~~~~~~~~~~~[m[K
[8.556s] In file included from [01m[K/opt/ros/humble/include/rclcpp/rclcpp/executors/single_threaded_executor.hpp:28[m[K,
[8.556s]                  from [01m[K/opt/ros/humble/include/rclcpp/rclcpp/executors.hpp:22[m[K,
[8.556s]                  from [01m[K/opt/ros/humble/include/rclcpp/rclcpp/rclcpp.hpp:155[m[K,
[8.557s]                  from [01m[K/home/geonmo/ydlidar_ws/src/ydlidar_ros2_driver/src/ydlidar_ros2_driver_node.cpp:23[m[K:
[8.557s] [01m[K/opt/ros/humble/include/rclcpp/rclcpp/node.hpp:366:3:[m[K [01;36m[Knote: [m[Kcandidate: ‘[01m[Kconst rclcpp::ParameterValue& rclcpp::Node::declare_parameter(const string&, const rclcpp::ParameterValue&, const ParameterDescriptor&, bool)[m[K’
[8.557s]   366 |   [01;36m[Kdeclare_parameter[m[K(
[8.557s]       |   [01;36m[K^~~~~~~~~~~~~~~~~[m[K
[8.557s] [01m[K/opt/ros/humble/include/rclcpp/rclcpp/node.hpp:366:3:[m[K [01;36m[Knote: [m[K  candidate expects 4 arguments, 1 provided
[8.557s] [01m[K/opt/ros/humble/include/rclcpp/rclcpp/node.hpp:391:3:[m[K [01;36m[Knote: [m[Kcandidate: ‘[01m[Kconst rclcpp::ParameterValue& rclcpp::Node::declare_parameter(const string&, rclcpp::ParameterType, const ParameterDescriptor&, bool)[m[K’
[8.557s]   391 |   [01;36m[Kdeclare_parameter[m[K(
[8.557s]       |   [01;36m[K^~~~~~~~~~~~~~~~~[m[K
[8.557s] [01m[K/opt/ros/humble/include/rclcpp/rclcpp/node.hpp:391:3:[m[K [01;36m[Knote: [m[K  candidate expects 4 arguments, 1 provided
[8.558s] [01m[K/home/geonmo/ydlidar_ws/src/ydlidar_ros2_driver/src/ydlidar_ros2_driver_node.cpp:149:26:[m[K [01;31m[Kerror: [m[Kno matching function for call to ‘[01m[Krclcpp::Node::declare_parameter(const char [10])[m[K’
[8.558s]   149 |   [01;31m[Knode->declare_parameter("range_min")[m[K;
[8.558s]       |   [01;31m[K~~~~~~~~~~~~~~~~~~~~~~~^~~~~~~~~~~~~[m[K
[8.558s] In file included from [01m[K/opt/ros/humble/include/rclcpp/rclcpp/executors/single_threaded_executor.hpp:28[m[K,
[8.558s]                  from [01m[K/opt/ros/humble/include/rclcpp/rclcpp/executors.hpp:22[m[K,
[8.558s]                  from [01m[K/opt/ros/humble/include/rclcpp/rclcpp/rclcpp.hpp:155[m[K,
[8.558s]                  from [01m[K/home/geonmo/ydlidar_ws/src/ydlidar_ros2_driver/src/ydlidar_ros2_driver_node.cpp:23[m[K:
[8.558s] [01m[K/opt/ros/humble/include/rclcpp/rclcpp/node.hpp:421:3:[m[K [01;36m[Knote: [m[Kcandidate: ‘[01m[Ktemplate<class ParameterT> auto rclcpp::Node::declare_parameter(const string&, const ParameterT&, const ParameterDescriptor&, bool)[m[K’
[8.559s]   421 |   [01;36m[Kdeclare_parameter[m[K(
[8.559s]       |   [01;36m[K^~~~~~~~~~~~~~~~~[m[K
[8.559s] [01m[K/opt/ros/humble/include/rclcpp/rclcpp/node.hpp:421:3:[m[K [01;36m[Knote: [m[K  template argument deduction/substitution failed:
[8.559s] [01m[K/home/geonmo/ydlidar_ws/src/ydlidar_ros2_driver/src/ydlidar_ros2_driver_node.cpp:149:26:[m[K [01;36m[Knote: [m[K  candidate expects 4 arguments, 1 provided
[8.559s]   149 |   [01;36m[Knode->declare_parameter("range_min")[m[K;
[8.559s]       |   [01;36m[K~~~~~~~~~~~~~~~~~~~~~~~^~~~~~~~~~~~~[m[K
[8.559s] In file included from [01m[K/opt/ros/humble/include/rclcpp/rclcpp/executors/single_threaded_executor.hpp:28[m[K,
[8.559s]                  from [01m[K/opt/ros/humble/include/rclcpp/rclcpp/executors.hpp:22[m[K,
[8.559s]                  from [01m[K/opt/ros/humble/include/rclcpp/rclcpp/rclcpp.hpp:155[m[K,
[8.560s]                  from [01m[K/home/geonmo/ydlidar_ws/src/ydlidar_ros2_driver/src/ydlidar_ros2_driver_node.cpp:23[m[K:
[8.560s] [01m[K/opt/ros/humble/include/rclcpp/rclcpp/node.hpp:434:3:[m[K [01;36m[Knote: [m[Kcandidate: ‘[01m[Ktemplate<class ParameterT> auto rclcpp::Node::declare_parameter(const string&, const ParameterDescriptor&, bool)[m[K’
[8.560s]   434 |   [01;36m[Kdeclare_parameter[m[K(
[8.560s]       |   [01;36m[K^~~~~~~~~~~~~~~~~[m[K
[8.560s] [01m[K/opt/ros/humble/include/rclcpp/rclcpp/node.hpp:434:3:[m[K [01;36m[Knote: [m[K  template argument deduction/substitution failed:
[8.560s] [01m[K/home/geonmo/ydlidar_ws/src/ydlidar_ros2_driver/src/ydlidar_ros2_driver_node.cpp:149:26:[m[K [01;36m[Knote: [m[K  couldn’t deduce template parameter ‘[01m[KParameterT[m[K’
[8.560s]   149 |   [01;36m[Knode->declare_parameter("range_min")[m[K;
[8.560s]       |   [01;36m[K~~~~~~~~~~~~~~~~~~~~~~~^~~~~~~~~~~~~[m[K
[8.561s] In file included from [01m[K/opt/ros/humble/include/rclcpp/rclcpp/executors/single_threaded_executor.hpp:28[m[K,
[8.561s]                  from [01m[K/opt/ros/humble/include/rclcpp/rclcpp/executors.hpp:22[m[K,
[8.561s]                  from [01m[K/opt/ros/humble/include/rclcpp/rclcpp/rclcpp.hpp:155[m[K,
[8.561s]                  from [01m[K/home/geonmo/ydlidar_ws/src/ydlidar_ros2_driver/src/ydlidar_ros2_driver_node.cpp:23[m[K:
[8.561s] [01m[K/opt/ros/humble/include/rclcpp/rclcpp/node.hpp:366:3:[m[K [01;36m[Knote: [m[Kcandidate: ‘[01m[Kconst rclcpp::ParameterValue& rclcpp::Node::declare_parameter(const string&, const rclcpp::ParameterValue&, const ParameterDescriptor&, bool)[m[K’
[8.561s]   366 |   [01;36m[Kdeclare_parameter[m[K(
[8.561s]       |   [01;36m[K^~~~~~~~~~~~~~~~~[m[K
[8.561s] [01m[K/opt/ros/humble/include/rclcpp/rclcpp/node.hpp:366:3:[m[K [01;36m[Knote: [m[K  candidate expects 4 arguments, 1 provided
[8.562s] [01m[K/opt/ros/humble/include/rclcpp/rclcpp/node.hpp:391:3:[m[K [01;36m[Knote: [m[Kcandidate: ‘[01m[Kconst rclcpp::ParameterValue& rclcpp::Node::declare_parameter(const string&, rclcpp::ParameterType, const ParameterDescriptor&, bool)[m[K’
[8.562s]   391 |   [01;36m[Kdeclare_parameter[m[K(
[8.562s]       |   [01;36m[K^~~~~~~~~~~~~~~~~[m[K
[8.562s] [01m[K/opt/ros/humble/include/rclcpp/rclcpp/node.hpp:391:3:[m[K [01;36m[Knote: [m[K  candidate expects 4 arguments, 1 provided
[8.562s] [01m[K/home/geonmo/ydlidar_ws/src/ydlidar_ros2_driver/src/ydlidar_ros2_driver_node.cpp:154:26:[m[K [01;31m[Kerror: [m[Kno matching function for call to ‘[01m[Krclcpp::Node::declare_parameter(const char [10])[m[K’
[8.562s]   154 |   [01;31m[Knode->declare_parameter("frequency")[m[K;
[8.562s]       |   [01;31m[K~~~~~~~~~~~~~~~~~~~~~~~^~~~~~~~~~~~~[m[K
[8.562s] In file included from [01m[K/opt/ros/humble/include/rclcpp/rclcpp/executors/single_threaded_executor.hpp:28[m[K,
[8.562s]                  from [01m[K/opt/ros/humble/include/rclcpp/rclcpp/executors.hpp:22[m[K,
[8.563s]                  from [01m[K/opt/ros/humble/include/rclcpp/rclcpp/rclcpp.hpp:155[m[K,
[8.563s]                  from [01m[K/home/geonmo/ydlidar_ws/src/ydlidar_ros2_driver/src/ydlidar_ros2_driver_node.cpp:23[m[K:
[8.563s] [01m[K/opt/ros/humble/include/rclcpp/rclcpp/node.hpp:421:3:[m[K [01;36m[Knote: [m[Kcandidate: ‘[01m[Ktemplate<class ParameterT> auto rclcpp::Node::declare_parameter(const string&, const ParameterT&, const ParameterDescriptor&, bool)[m[K’
[8.563s]   421 |   [01;36m[Kdeclare_parameter[m[K(
[8.563s]       |   [01;36m[K^~~~~~~~~~~~~~~~~[m[K
[8.563s] [01m[K/opt/ros/humble/include/rclcpp/rclcpp/node.hpp:421:3:[m[K [01;36m[Knote: [m[K  template argument deduction/substitution failed:
[8.563s] [01m[K/home/geonmo/ydlidar_ws/src/ydlidar_ros2_driver/src/ydlidar_ros2_driver_node.cpp:154:26:[m[K [01;36m[Knote: [m[K  candidate expects 4 arguments, 1 provided
[8.563s]   154 |   [01;36m[Knode->declare_parameter("frequency")[m[K;
[8.564s]       |   [01;36m[K~~~~~~~~~~~~~~~~~~~~~~~^~~~~~~~~~~~~[m[K
[8.564s] In file included from [01m[K/opt/ros/humble/include/rclcpp/rclcpp/executors/single_threaded_executor.hpp:28[m[K,
[8.564s]                  from [01m[K/opt/ros/humble/include/rclcpp/rclcpp/executors.hpp:22[m[K,
[8.564s]                  from [01m[K/opt/ros/humble/include/rclcpp/rclcpp/rclcpp.hpp:155[m[K,
[8.564s]                  from [01m[K/home/geonmo/ydlidar_ws/src/ydlidar_ros2_driver/src/ydlidar_ros2_driver_node.cpp:23[m[K:
[8.564s] [01m[K/opt/ros/humble/include/rclcpp/rclcpp/node.hpp:434:3:[m[K [01;36m[Knote: [m[Kcandidate: ‘[01m[Ktemplate<class ParameterT> auto rclcpp::Node::declare_parameter(const string&, const ParameterDescriptor&, bool)[m[K’
[8.564s]   434 |   [01;36m[Kdeclare_parameter[m[K(
[8.564s]       |   [01;36m[K^~~~~~~~~~~~~~~~~[m[K
[8.565s] [01m[K/opt/ros/humble/include/rclcpp/rclcpp/node.hpp:434:3:[m[K [01;36m[Knote: [m[K  template argument deduction/substitution failed:
[8.565s] [01m[K/home/geonmo/ydlidar_ws/src/ydlidar_ros2_driver/src/ydlidar_ros2_driver_node.cpp:154:26:[m[K [01;36m[Knote: [m[K  couldn’t deduce template parameter ‘[01m[KParameterT[m[K’
[8.565s]   154 |   [01;36m[Knode->declare_parameter("frequency")[m[K;
[8.565s]       |   [01;36m[K~~~~~~~~~~~~~~~~~~~~~~~^~~~~~~~~~~~~[m[K
[8.565s] In file included from [01m[K/opt/ros/humble/include/rclcpp/rclcpp/executors/single_threaded_executor.hpp:28[m[K,
[8.565s]                  from [01m[K/opt/ros/humble/include/rclcpp/rclcpp/executors.hpp:22[m[K,
[8.565s]                  from [01m[K/opt/ros/humble/include/rclcpp/rclcpp/rclcpp.hpp:155[m[K,
[8.565s]                  from [01m[K/home/geonmo/ydlidar_ws/src/ydlidar_ros2_driver/src/ydlidar_ros2_driver_node.cpp:23[m[K:
[8.565s] [01m[K/opt/ros/humble/include/rclcpp/rclcpp/node.hpp:366:3:[m[K [01;36m[Knote: [m[Kcandidate: ‘[01m[Kconst rclcpp::ParameterValue& rclcpp::Node::declare_parameter(const string&, const rclcpp::ParameterValue&, const ParameterDescriptor&, bool)[m[K’
[8.566s]   366 |   [01;36m[Kdeclare_parameter[m[K(
[8.566s]       |   [01;36m[K^~~~~~~~~~~~~~~~~[m[K
[8.566s] [01m[K/opt/ros/humble/include/rclcpp/rclcpp/node.hpp:366:3:[m[K [01;36m[Knote: [m[K  candidate expects 4 arguments, 1 provided
[8.566s] [01m[K/opt/ros/humble/include/rclcpp/rclcpp/node.hpp:391:3:[m[K [01;36m[Knote: [m[Kcandidate: ‘[01m[Kconst rclcpp::ParameterValue& rclcpp::Node::declare_parameter(const string&, rclcpp::ParameterType, const ParameterDescriptor&, bool)[m[K’
[8.566s]   391 |   [01;36m[Kdeclare_parameter[m[K(
[8.566s]       |   [01;36m[K^~~~~~~~~~~~~~~~~[m[K
[8.566s] [01m[K/opt/ros/humble/include/rclcpp/rclcpp/node.hpp:391:3:[m[K [01;36m[Knote: [m[K  candidate expects 4 arguments, 1 provided
[8.566s] [01m[K/home/geonmo/ydlidar_ws/src/ydlidar_ros2_driver/src/ydlidar_ros2_driver_node.cpp:159:26:[m[K [01;31m[Kerror: [m[Kno matching function for call to ‘[01m[Krclcpp::Node::declare_parameter(const char [21])[m[K’
[8.567s]   159 |   [01;31m[Knode->declare_parameter("invalid_range_is_inf")[m[K;
[8.567s]       |   [01;31m[K~~~~~~~~~~~~~~~~~~~~~~~^~~~~~~~~~~~~~~~~~~~~~~~[m[K
[8.567s] In file included from [01m[K/opt/ros/humble/include/rclcpp/rclcpp/executors/single_threaded_executor.hpp:28[m[K,
[8.567s]                  from [01m[K/opt/ros/humble/include/rclcpp/rclcpp/executors.hpp:22[m[K,
[8.567s]                  from [01m[K/opt/ros/humble/include/rclcpp/rclcpp/rclcpp.hpp:155[m[K,
[8.567s]                  from [01m[K/home/geonmo/ydlidar_ws/src/ydlidar_ros2_driver/src/ydlidar_ros2_driver_node.cpp:23[m[K:
[8.567s] [01m[K/opt/ros/humble/include/rclcpp/rclcpp/node.hpp:421:3:[m[K [01;36m[Knote: [m[Kcandidate: ‘[01m[Ktemplate<class ParameterT> auto rclcpp::Node::declare_parameter(const string&, const ParameterT&, const ParameterDescriptor&, bool)[m[K’
[8.567s]   421 |   [01;36m[Kdeclare_parameter[m[K(
[8.567s]       |   [01;36m[K^~~~~~~~~~~~~~~~~[m[K
[8.568s] [01m[K/opt/ros/humble/include/rclcpp/rclcpp/node.hpp:421:3:[m[K [01;36m[Knote: [m[K  template argument deduction/substitution failed:
[8.568s] [01m[K/home/geonmo/ydlidar_ws/src/ydlidar_ros2_driver/src/ydlidar_ros2_driver_node.cpp:159:26:[m[K [01;36m[Knote: [m[K  candidate expects 4 arguments, 1 provided
[8.568s]   159 |   [01;36m[Knode->declare_parameter("invalid_range_is_inf")[m[K;
[8.568s]       |   [01;36m[K~~~~~~~~~~~~~~~~~~~~~~~^~~~~~~~~~~~~~~~~~~~~~~~[m[K
[8.568s] In file included from [01m[K/opt/ros/humble/include/rclcpp/rclcpp/executors/single_threaded_executor.hpp:28[m[K,
[8.568s]                  from [01m[K/opt/ros/humble/include/rclcpp/rclcpp/executors.hpp:22[m[K,
[8.568s]                  from [01m[K/opt/ros/humble/include/rclcpp/rclcpp/rclcpp.hpp:155[m[K,
[8.568s]                  from [01m[K/home/geonmo/ydlidar_ws/src/ydlidar_ros2_driver/src/ydlidar_ros2_driver_node.cpp:23[m[K:
[8.569s] [01m[K/opt/ros/humble/include/rclcpp/rclcpp/node.hpp:434:3:[m[K [01;36m[Knote: [m[Kcandidate: ‘[01m[Ktemplate<class ParameterT> auto rclcpp::Node::declare_parameter(const string&, const ParameterDescriptor&, bool)[m[K’
[8.569s]   434 |   [01;36m[Kdeclare_parameter[m[K(
[8.569s]       |   [01;36m[K^~~~~~~~~~~~~~~~~[m[K
[8.569s] [01m[K/opt/ros/humble/include/rclcpp/rclcpp/node.hpp:434:3:[m[K [01;36m[Knote: [m[K  template argument deduction/substitution failed:
[8.569s] [01m[K/home/geonmo/ydlidar_ws/src/ydlidar_ros2_driver/src/ydlidar_ros2_driver_node.cpp:159:26:[m[K [01;36m[Knote: [m[K  couldn’t deduce template parameter ‘[01m[KParameterT[m[K’
[8.569s]   159 |   [01;36m[Knode->declare_parameter("invalid_range_is_inf")[m[K;
[8.569s]       |   [01;36m[K~~~~~~~~~~~~~~~~~~~~~~~^~~~~~~~~~~~~~~~~~~~~~~~[m[K
[8.569s] In file included from [01m[K/opt/ros/humble/include/rclcpp/rclcpp/executors/single_threaded_executor.hpp:28[m[K,
[8.570s]                  from [01m[K/opt/ros/humble/include/rclcpp/rclcpp/executors.hpp:22[m[K,
[8.570s]                  from [01m[K/opt/ros/humble/include/rclcpp/rclcpp/rclcpp.hpp:155[m[K,
[8.570s]                  from [01m[K/home/geonmo/ydlidar_ws/src/ydlidar_ros2_driver/src/ydlidar_ros2_driver_node.cpp:23[m[K:
[8.570s] [01m[K/opt/ros/humble/include/rclcpp/rclcpp/node.hpp:366:3:[m[K [01;36m[Knote: [m[Kcandidate: ‘[01m[Kconst rclcpp::ParameterValue& rclcpp::Node::declare_parameter(const string&, const rclcpp::ParameterValue&, const ParameterDescriptor&, bool)[m[K’
[8.570s]   366 |   [01;36m[Kdeclare_parameter[m[K(
[8.570s]       |   [01;36m[K^~~~~~~~~~~~~~~~~[m[K
[8.570s] [01m[K/opt/ros/humble/include/rclcpp/rclcpp/node.hpp:366:3:[m[K [01;36m[Knote: [m[K  candidate expects 4 arguments, 1 provided
[8.570s] [01m[K/opt/ros/humble/include/rclcpp/rclcpp/node.hpp:391:3:[m[K [01;36m[Knote: [m[Kcandidate: ‘[01m[Kconst rclcpp::ParameterValue& rclcpp::Node::declare_parameter(const string&, rclcpp::ParameterType, const ParameterDescriptor&, bool)[m[K’
[8.570s]   391 |   [01;36m[Kdeclare_parameter[m[K(
[8.571s]       |   [01;36m[K^~~~~~~~~~~~~~~~~[m[K
[8.571s] [01m[K/opt/ros/humble/include/rclcpp/rclcpp/node.hpp:391:3:[m[K [01;36m[Knote: [m[K  candidate expects 4 arguments, 1 provided
[8.571s] [01m[K/home/geonmo/ydlidar_ws/src/ydlidar_ros2_driver/src/ydlidar_ros2_driver_node.cpp:168:28:[m[K [01;31m[Kerror: [m[Kno matching function for call to ‘[01m[Krclcpp::Node::declare_parameter(const char [8])[m[K’
[8.571s]   168 |     [01;31m[Knode->declare_parameter("m1_mode")[m[K;
[8.571s]       |     [01;31m[K~~~~~~~~~~~~~~~~~~~~~~~^~~~~~~~~~~[m[K
[8.571s] In file included from [01m[K/opt/ros/humble/include/rclcpp/rclcpp/executors/single_threaded_executor.hpp:28[m[K,
[8.571s]                  from [01m[K/opt/ros/humble/include/rclcpp/rclcpp/executors.hpp:22[m[K,
[8.571s]                  from [01m[K/opt/ros/humble/include/rclcpp/rclcpp/rclcpp.hpp:155[m[K,
[8.572s]                  from [01m[K/home/geonmo/ydlidar_ws/src/ydlidar_ros2_driver/src/ydlidar_ros2_driver_node.cpp:23[m[K:
[8.572s] [01m[K/opt/ros/humble/include/rclcpp/rclcpp/node.hpp:421:3:[m[K [01;36m[Knote: [m[Kcandidate: ‘[01m[Ktemplate<class ParameterT> auto rclcpp::Node::declare_parameter(const string&, const ParameterT&, const ParameterDescriptor&, bool)[m[K’
[8.572s]   421 |   [01;36m[Kdeclare_parameter[m[K(
[8.572s]       |   [01;36m[K^~~~~~~~~~~~~~~~~[m[K
[8.572s] [01m[K/opt/ros/humble/include/rclcpp/rclcpp/node.hpp:421:3:[m[K [01;36m[Knote: [m[K  template argument deduction/substitution failed:
[8.572s] [01m[K/home/geonmo/ydlidar_ws/src/ydlidar_ros2_driver/src/ydlidar_ros2_driver_node.cpp:168:28:[m[K [01;36m[Knote: [m[K  candidate expects 4 arguments, 1 provided
[8.572s]   168 |     [01;36m[Knode->declare_parameter("m1_mode")[m[K;
[8.572s]       |     [01;36m[K~~~~~~~~~~~~~~~~~~~~~~~^~~~~~~~~~~[m[K
[8.573s] In file included from [01m[K/opt/ros/humble/include/rclcpp/rclcpp/executors/single_threaded_executor.hpp:28[m[K,
[8.573s]                  from [01m[K/opt/ros/humble/include/rclcpp/rclcpp/executors.hpp:22[m[K,
[8.573s]                  from [01m[K/opt/ros/humble/include/rclcpp/rclcpp/rclcpp.hpp:155[m[K,
[8.573s]                  from [01m[K/home/geonmo/ydlidar_ws/src/ydlidar_ros2_driver/src/ydlidar_ros2_driver_node.cpp:23[m[K:
[8.573s] [01m[K/opt/ros/humble/include/rclcpp/rclcpp/node.hpp:434:3:[m[K [01;36m[Knote: [m[Kcandidate: ‘[01m[Ktemplate<class ParameterT> auto rclcpp::Node::declare_parameter(const string&, const ParameterDescriptor&, bool)[m[K’
[8.573s]   434 |   [01;36m[Kdeclare_parameter[m[K(
[8.573s]       |   [01;36m[K^~~~~~~~~~~~~~~~~[m[K
[8.573s] [01m[K/opt/ros/humble/include/rclcpp/rclcpp/node.hpp:434:3:[m[K [01;36m[Knote: [m[K  template argument deduction/substitution failed:
[8.573s] [01m[K/home/geonmo/ydlidar_ws/src/ydlidar_ros2_driver/src/ydlidar_ros2_driver_node.cpp:168:28:[m[K [01;36m[Knote: [m[K  couldn’t deduce template parameter ‘[01m[KParameterT[m[K’
[8.574s]   168 |     [01;36m[Knode->declare_parameter("m1_mode")[m[K;
[8.574s]       |     [01;36m[K~~~~~~~~~~~~~~~~~~~~~~~^~~~~~~~~~~[m[K
[8.574s] In file included from [01m[K/opt/ros/humble/include/rclcpp/rclcpp/executors/single_threaded_executor.hpp:28[m[K,
[8.574s]                  from [01m[K/opt/ros/humble/include/rclcpp/rclcpp/executors.hpp:22[m[K,
[8.574s]                  from [01m[K/opt/ros/humble/include/rclcpp/rclcpp/rclcpp.hpp:155[m[K,
[8.574s]                  from [01m[K/home/geonmo/ydlidar_ws/src/ydlidar_ros2_driver/src/ydlidar_ros2_driver_node.cpp:23[m[K:
[8.574s] [01m[K/opt/ros/humble/include/rclcpp/rclcpp/node.hpp:366:3:[m[K [01;36m[Knote: [m[Kcandidate: ‘[01m[Kconst rclcpp::ParameterValue& rclcpp::Node::declare_parameter(const string&, const rclcpp::ParameterValue&, const ParameterDescriptor&, bool)[m[K’
[8.574s]   366 |   [01;36m[Kdeclare_parameter[m[K(
[8.575s]       |   [01;36m[K^~~~~~~~~~~~~~~~~[m[K
[8.575s] [01m[K/opt/ros/humble/include/rclcpp/rclcpp/node.hpp:366:3:[m[K [01;36m[Knote: [m[K  candidate expects 4 arguments, 1 provided
[8.575s] [01m[K/opt/ros/humble/include/rclcpp/rclcpp/node.hpp:391:3:[m[K [01;36m[Knote: [m[Kcandidate: ‘[01m[Kconst rclcpp::ParameterValue& rclcpp::Node::declare_parameter(const string&, rclcpp::ParameterType, const ParameterDescriptor&, bool)[m[K’
[8.575s]   391 |   [01;36m[Kdeclare_parameter[m[K(
[8.575s]       |   [01;36m[K^~~~~~~~~~~~~~~~~[m[K
[8.575s] [01m[K/opt/ros/humble/include/rclcpp/rclcpp/node.hpp:391:3:[m[K [01;36m[Knote: [m[K  candidate expects 4 arguments, 1 provided
[8.575s] [01m[K/home/geonmo/ydlidar_ws/src/ydlidar_ros2_driver/src/ydlidar_ros2_driver_node.cpp:172:28:[m[K [01;31m[Kerror: [m[Kno matching function for call to ‘[01m[Krclcpp::Node::declare_parameter(const char [8])[m[K’
[8.575s]   172 |     [01;31m[Knode->declare_parameter("m2_mode")[m[K;
[8.576s]       |     [01;31m[K~~~~~~~~~~~~~~~~~~~~~~~^~~~~~~~~~~[m[K
[8.576s] In file included from [01m[K/opt/ros/humble/include/rclcpp/rclcpp/executors/single_threaded_executor.hpp:28[m[K,
[8.576s]                  from [01m[K/opt/ros/humble/include/rclcpp/rclcpp/executors.hpp:22[m[K,
[8.576s]                  from [01m[K/opt/ros/humble/include/rclcpp/rclcpp/rclcpp.hpp:155[m[K,
[8.576s]                  from [01m[K/home/geonmo/ydlidar_ws/src/ydlidar_ros2_driver/src/ydlidar_ros2_driver_node.cpp:23[m[K:
[8.576s] [01m[K/opt/ros/humble/include/rclcpp/rclcpp/node.hpp:421:3:[m[K [01;36m[Knote: [m[Kcandidate: ‘[01m[Ktemplate<class ParameterT> auto rclcpp::Node::declare_parameter(const string&, const ParameterT&, const ParameterDescriptor&, bool)[m[K’
[8.576s]   421 |   [01;36m[Kdeclare_parameter[m[K(
[8.576s]       |   [01;36m[K^~~~~~~~~~~~~~~~~[m[K
[8.576s] [01m[K/opt/ros/humble/include/rclcpp/rclcpp/node.hpp:421:3:[m[K [01;36m[Knote: [m[K  template argument deduction/substitution failed:
[8.577s] [01m[K/home/geonmo/ydlidar_ws/src/ydlidar_ros2_driver/src/ydlidar_ros2_driver_node.cpp:172:28:[m[K [01;36m[Knote: [m[K  candidate expects 4 arguments, 1 provided
[8.577s]   172 |     [01;36m[Knode->declare_parameter("m2_mode")[m[K;
[8.577s]       |     [01;36m[K~~~~~~~~~~~~~~~~~~~~~~~^~~~~~~~~~~[m[K
[8.577s] In file included from [01m[K/opt/ros/humble/include/rclcpp/rclcpp/executors/single_threaded_executor.hpp:28[m[K,
[8.577s]                  from [01m[K/opt/ros/humble/include/rclcpp/rclcpp/executors.hpp:22[m[K,
[8.577s]                  from [01m[K/opt/ros/humble/include/rclcpp/rclcpp/rclcpp.hpp:155[m[K,
[8.577s]                  from [01m[K/home/geonmo/ydlidar_ws/src/ydlidar_ros2_driver/src/ydlidar_ros2_driver_node.cpp:23[m[K:
[8.577s] [01m[K/opt/ros/humble/include/rclcpp/rclcpp/node.hpp:434:3:[m[K [01;36m[Knote: [m[Kcandidate: ‘[01m[Ktemplate<class ParameterT> auto rclcpp::Node::declare_parameter(const string&, const ParameterDescriptor&, bool)[m[K’
[8.578s]   434 |   [01;36m[Kdeclare_parameter[m[K(
[8.578s]       |   [01;36m[K^~~~~~~~~~~~~~~~~[m[K
[8.578s] [01m[K/opt/ros/humble/include/rclcpp/rclcpp/node.hpp:434:3:[m[K [01;36m[Knote: [m[K  template argument deduction/substitution failed:
[8.578s] [01m[K/home/geonmo/ydlidar_ws/src/ydlidar_ros2_driver/src/ydlidar_ros2_driver_node.cpp:172:28:[m[K [01;36m[Knote: [m[K  couldn’t deduce template parameter ‘[01m[KParameterT[m[K’
[8.578s]   172 |     [01;36m[Knode->declare_parameter("m2_mode")[m[K;
[8.578s]       |     [01;36m[K~~~~~~~~~~~~~~~~~~~~~~~^~~~~~~~~~~[m[K
[8.578s] In file included from [01m[K/opt/ros/humble/include/rclcpp/rclcpp/executors/single_threaded_executor.hpp:28[m[K,
[8.578s]                  from [01m[K/opt/ros/humble/include/rclcpp/rclcpp/executors.hpp:22[m[K,
[8.578s]                  from [01m[K/opt/ros/humble/include/rclcpp/rclcpp/rclcpp.hpp:155[m[K,
[8.579s]                  from [01m[K/home/geonmo/ydlidar_ws/src/ydlidar_ros2_driver/src/ydlidar_ros2_driver_node.cpp:23[m[K:
[8.579s] [01m[K/opt/ros/humble/include/rclcpp/rclcpp/node.hpp:366:3:[m[K [01;36m[Knote: [m[Kcandidate: ‘[01m[Kconst rclcpp::ParameterValue& rclcpp::Node::declare_parameter(const string&, const rclcpp::ParameterValue&, const ParameterDescriptor&, bool)[m[K’
[8.579s]   366 |   [01;36m[Kdeclare_parameter[m[K(
[8.579s]       |   [01;36m[K^~~~~~~~~~~~~~~~~[m[K
[8.579s] [01m[K/opt/ros/humble/include/rclcpp/rclcpp/node.hpp:366:3:[m[K [01;36m[Knote: [m[K  candidate expects 4 arguments, 1 provided
[8.579s] [01m[K/opt/ros/humble/include/rclcpp/rclcpp/node.hpp:391:3:[m[K [01;36m[Knote: [m[Kcandidate: ‘[01m[Kconst rclcpp::ParameterValue& rclcpp::Node::declare_parameter(const string&, rclcpp::ParameterType, const ParameterDescriptor&, bool)[m[K’
[8.579s]   391 |   [01;36m[Kdeclare_parameter[m[K(
[8.579s]       |   [01;36m[K^~~~~~~~~~~~~~~~~[m[K
[8.580s] [01m[K/opt/ros/humble/include/rclcpp/rclcpp/node.hpp:391:3:[m[K [01;36m[Knote: [m[K  candidate expects 4 arguments, 1 provided
[8.580s] [01m[K/home/geonmo/ydlidar_ws/src/ydlidar_ros2_driver/src/ydlidar_ros2_driver_node.cpp:176:28:[m[K [01;31m[Kerror: [m[Kno matching function for call to ‘[01m[Krclcpp::Node::declare_parameter(const char [8])[m[K’
[8.580s]   176 |     [01;31m[Knode->declare_parameter("m3_mode")[m[K;
[8.580s]       |     [01;31m[K~~~~~~~~~~~~~~~~~~~~~~~^~~~~~~~~~~[m[K
[8.580s] In file included from [01m[K/opt/ros/humble/include/rclcpp/rclcpp/executors/single_threaded_executor.hpp:28[m[K,
[8.580s]                  from [01m[K/opt/ros/humble/include/rclcpp/rclcpp/executors.hpp:22[m[K,
[8.580s]                  from [01m[K/opt/ros/humble/include/rclcpp/rclcpp/rclcpp.hpp:155[m[K,
[8.580s]                  from [01m[K/home/geonmo/ydlidar_ws/src/ydlidar_ros2_driver/src/ydlidar_ros2_driver_node.cpp:23[m[K:
[8.580s] [01m[K/opt/ros/humble/include/rclcpp/rclcpp/node.hpp:421:3:[m[K [01;36m[Knote: [m[Kcandidate: ‘[01m[Ktemplate<class ParameterT> auto rclcpp::Node::declare_parameter(const string&, const ParameterT&, const ParameterDescriptor&, bool)[m[K’
[8.581s]   421 |   [01;36m[Kdeclare_parameter[m[K(
[8.581s]       |   [01;36m[K^~~~~~~~~~~~~~~~~[m[K
[8.581s] [01m[K/opt/ros/humble/include/rclcpp/rclcpp/node.hpp:421:3:[m[K [01;36m[Knote: [m[K  template argument deduction/substitution failed:
[8.581s] [01m[K/home/geonmo/ydlidar_ws/src/ydlidar_ros2_driver/src/ydlidar_ros2_driver_node.cpp:176:28:[m[K [01;36m[Knote: [m[K  candidate expects 4 arguments, 1 provided
[8.581s]   176 |     [01;36m[Knode->declare_parameter("m3_mode")[m[K;
[8.581s]       |     [01;36m[K~~~~~~~~~~~~~~~~~~~~~~~^~~~~~~~~~~[m[K
[8.581s] In file included from [01m[K/opt/ros/humble/include/rclcpp/rclcpp/executors/single_threaded_executor.hpp:28[m[K,
[8.581s]                  from [01m[K/opt/ros/humble/include/rclcpp/rclcpp/executors.hpp:22[m[K,
[8.581s]                  from [01m[K/opt/ros/humble/include/rclcpp/rclcpp/rclcpp.hpp:155[m[K,
[8.582s]                  from [01m[K/home/geonmo/ydlidar_ws/src/ydlidar_ros2_driver/src/ydlidar_ros2_driver_node.cpp:23[m[K:
[8.582s] [01m[K/opt/ros/humble/include/rclcpp/rclcpp/node.hpp:434:3:[m[K [01;36m[Knote: [m[Kcandidate: ‘[01m[Ktemplate<class ParameterT> auto rclcpp::Node::declare_parameter(const string&, const ParameterDescriptor&, bool)[m[K’
[8.582s]   434 |   [01;36m[Kdeclare_parameter[m[K(
[8.582s]       |   [01;36m[K^~~~~~~~~~~~~~~~~[m[K
[8.582s] [01m[K/opt/ros/humble/include/rclcpp/rclcpp/node.hpp:434:3:[m[K [01;36m[Knote: [m[K  template argument deduction/substitution failed:
[8.582s] [01m[K/home/geonmo/ydlidar_ws/src/ydlidar_ros2_driver/src/ydlidar_ros2_driver_node.cpp:176:28:[m[K [01;36m[Knote: [m[K  couldn’t deduce template parameter ‘[01m[KParameterT[m[K’
[8.582s]   176 |     [01;36m[Knode->declare_parameter("m3_mode")[m[K;
[8.582s]       |     [01;36m[K~~~~~~~~~~~~~~~~~~~~~~~^~~~~~~~~~~[m[K
[8.583s] In file included from [01m[K/opt/ros/humble/include/rclcpp/rclcpp/executors/single_threaded_executor.hpp:28[m[K,
[8.583s]                  from [01m[K/opt/ros/humble/include/rclcpp/rclcpp/executors.hpp:22[m[K,
[8.583s]                  from [01m[K/opt/ros/humble/include/rclcpp/rclcpp/rclcpp.hpp:155[m[K,
[8.583s]                  from [01m[K/home/geonmo/ydlidar_ws/src/ydlidar_ros2_driver/src/ydlidar_ros2_driver_node.cpp:23[m[K:
[8.583s] [01m[K/opt/ros/humble/include/rclcpp/rclcpp/node.hpp:366:3:[m[K [01;36m[Knote: [m[Kcandidate: ‘[01m[Kconst rclcpp::ParameterValue& rclcpp::Node::declare_parameter(const string&, const rclcpp::ParameterValue&, const ParameterDescriptor&, bool)[m[K’
[8.583s]   366 |   [01;36m[Kdeclare_parameter[m[K(
[8.583s]       |   [01;36m[K^~~~~~~~~~~~~~~~~[m[K
[8.583s] [01m[K/opt/ros/humble/include/rclcpp/rclcpp/node.hpp:366:3:[m[K [01;36m[Knote: [m[K  candidate expects 4 arguments, 1 provided
[8.583s] [01m[K/opt/ros/humble/include/rclcpp/rclcpp/node.hpp:391:3:[m[K [01;36m[Knote: [m[Kcandidate: ‘[01m[Kconst rclcpp::ParameterValue& rclcpp::Node::declare_parameter(const string&, rclcpp::ParameterType, const ParameterDescriptor&, bool)[m[K’
[8.584s]   391 |   [01;36m[Kdeclare_parameter[m[K(
[8.584s]       |   [01;36m[K^~~~~~~~~~~~~~~~~[m[K
[8.584s] [01m[K/opt/ros/humble/include/rclcpp/rclcpp/node.hpp:391:3:[m[K [01;36m[Knote: [m[K  candidate expects 4 arguments, 1 provided
[8.584s] [01m[K/home/geonmo/ydlidar_ws/src/ydlidar_ros2_driver/src/ydlidar_ros2_driver_node.cpp:[m[K In lambda function:
[8.584s] [01m[K/home/geonmo/ydlidar_ws/src/ydlidar_ros2_driver/src/ydlidar_ros2_driver_node.cpp:190:54:[m[K [01;35m[Kwarning: [m[Kunused parameter ‘[01m[Krequest_header[m[K’ [[01;35m[K]8;;https://gcc.gnu.org/onlinedocs/gcc/Warning-Options.html#index-Wunused-parameter-Wunused-parameter]8;;[m[K]
[8.584s]   190 |     [&laser]([01;35m[Kconst std::shared_ptr<rmw_request_id_t> request_header[m[K,
[8.584s]       |              [01;35m[K~~~~~~~~~~~~~~~~~~~~~~~~~~~~~~~~~~~~~~~~^~~~~~~~~~~~~~[m[K
[8.584s] [01m[K/home/geonmo/ydlidar_ws/src/ydlidar_ros2_driver/src/ydlidar_ros2_driver_node.cpp:191:56:[m[K [01;35m[Kwarning: [m[Kunused parameter ‘[01m[Kreq[m[K’ [[01;35m[K]8;;https://gcc.gnu.org/onlinedocs/gcc/Warning-Options.html#index-Wunused-parameter-Wunused-parameter]8;;[m[K]
[8.585s]   191 |   [01;35m[Kconst std::shared_ptr<std_srvs::srv::Empty::Request> req[m[K,
[8.585s]       |   [01;35m[K~~~~~~~~~~~~~~~~~~~~~~~~~~~~~~~~~~~~~~~~~~~~~~~~~~~~~^~~[m[K
[8.585s] [01m[K/home/geonmo/ydlidar_ws/src/ydlidar_ros2_driver/src/ydlidar_ros2_driver_node.cpp:192:51:[m[K [01;35m[Kwarning: [m[Kunused parameter ‘[01m[Kresponse[m[K’ [[01;35m[K]8;;https://gcc.gnu.org/onlinedocs/gcc/Warning-Options.html#index-Wunused-parameter-Wunused-parameter]8;;[m[K]
[8.585s]   192 |   [01;35m[Kstd::shared_ptr<std_srvs::srv::Empty::Response> response[m[K) -> bool
[8.585s]       |   [01;35m[K~~~~~~~~~~~~~~~~~~~~~~~~~~~~~~~~~~~~~~~~~~~~~~~~^~~~~~~~[m[K
[8.585s] [01m[K/home/geonmo/ydlidar_ws/src/ydlidar_ros2_driver/src/ydlidar_ros2_driver_node.cpp:[m[K In lambda function:
[8.585s] [01m[K/home/geonmo/ydlidar_ws/src/ydlidar_ros2_driver/src/ydlidar_ros2_driver_node.cpp:200:54:[m[K [01;35m[Kwarning: [m[Kunused parameter ‘[01m[Krequest_header[m[K’ [[01;35m[K]8;;https://gcc.gnu.org/onlinedocs/gcc/Warning-Options.html#index-Wunused-parameter-Wunused-parameter]8;;[m[K]
[8.585s]   200 |     [&laser]([01;35m[Kconst std::shared_ptr<rmw_request_id_t> request_header[m[K,
[8.586s]       |              [01;35m[K~~~~~~~~~~~~~~~~~~~~~~~~~~~~~~~~~~~~~~~~^~~~~~~~~~~~~~[m[K
[8.586s] [01m[K/home/geonmo/ydlidar_ws/src/ydlidar_ros2_driver/src/ydlidar_ros2_driver_node.cpp:201:56:[m[K [01;35m[Kwarning: [m[Kunused parameter ‘[01m[Kreq[m[K’ [[01;35m[K]8;;https://gcc.gnu.org/onlinedocs/gcc/Warning-Options.html#index-Wunused-parameter-Wunused-parameter]8;;[m[K]
[8.586s]   201 |   [01;35m[Kconst std::shared_ptr<std_srvs::srv::Empty::Request> req[m[K,
[8.586s]       |   [01;35m[K~~~~~~~~~~~~~~~~~~~~~~~~~~~~~~~~~~~~~~~~~~~~~~~~~~~~~^~~[m[K
[8.586s] [01m[K/home/geonmo/ydlidar_ws/src/ydlidar_ros2_driver/src/ydlidar_ros2_driver_node.cpp:202:51:[m[K [01;35m[Kwarning: [m[Kunused parameter ‘[01m[Kresponse[m[K’ [[01;35m[K]8;;https://gcc.gnu.org/onlinedocs/gcc/Warning-Options.html#index-Wunused-parameter-Wunused-parameter]8;;[m[K]
[8.586s]   202 |   [01;35m[Kstd::shared_ptr<std_srvs::srv::Empty::Response> response[m[K) -> bool
[8.586s]       |   [01;35m[K~~~~~~~~~~~~~~~~~~~~~~~~~~~~~~~~~~~~~~~~~~~~~~~~^~~~~~~~[m[K
[8.586s] [01m[K/home/geonmo/ydlidar_ws/src/ydlidar_ros2_driver/src/ydlidar_ros2_driver_node.cpp:[m[K In function ‘[01m[Kint main(int, char**)[m[K’:
[8.586s] [01m[K/home/geonmo/ydlidar_ws/src/ydlidar_ros2_driver/src/ydlidar_ros2_driver_node.cpp:235:21:[m[K [01;35m[Kwarning: [m[Kunused variable ‘[01m[Kp[m[K’ [[01;35m[K]8;;https://gcc.gnu.org/onlinedocs/gcc/Warning-Options.html#index-Wunused-variable-Wunused-variable]8;;[m[K]
[8.587s]   235 |         const auto& [01;35m[Kp[m[K = scan.points.at(i);
[8.587s]       |                     [01;35m[K^[m[K
[10.984s] gmake[2]: *** [CMakeFiles/ydlidar_ros2_driver_node.dir/build.make:76: CMakeFiles/ydlidar_ros2_driver_node.dir/src/ydlidar_ros2_driver_node.cpp.o] Error 1
[10.984s] gmake[1]: *** [CMakeFiles/Makefile2:139: CMakeFiles/ydlidar_ros2_driver_node.dir/all] Error 2
[10.984s] gmake[1]: *** Waiting for unfinished jobs....
[21.434s] [ 75%] [32m[1mLinking CXX executable ydlidar_ros2_driver_client[0m
[22.302s] [ 75%] Built target ydlidar_ros2_driver_client
[22.304s] gmake: *** [Makefile:146: all] Error 2
[22.309s] Invoked command in '/home/geonmo/ydlidar_ws/build/ydlidar_ros2_driver' returned '2': CMAKE_PREFIX_PATH=/opt/ros/humble /usr/bin/cmake --build /home/geonmo/ydlidar_ws/build/ydlidar_ros2_driver -- -j4 -l4
