[0.000000] (-) TimerEvent: {}
[0.000854] (ydlidar_ros2_driver) JobQueued: {'identifier': 'ydlidar_ros2_driver', 'dependencies': OrderedDict()}
[0.001724] (ydlidar_ros2_driver) JobStarted: {'identifier': 'ydlidar_ros2_driver'}
[0.015532] (ydlidar_ros2_driver) JobProgress: {'identifier': 'ydlidar_ros2_driver', 'progress': 'cmake'}
[0.017084] (ydlidar_ros2_driver) Command: {'cmd': ['/usr/bin/cmake', '/home/geonmo/ydlidar_ws/src/ydlidar_ros2_driver', '-DAMENT_CMAKE_SYMLINK_INSTALL=1', '-DCMAKE_INSTALL_PREFIX=/home/geonmo/ydlidar_ws/install/ydlidar_ros2_driver'], 'cwd': '/home/geonmo/ydlidar_ws/build/ydlidar_ros2_driver', 'env': OrderedDict([('LESSOPEN', '| /usr/bin/lesspipe %s'), ('USER', 'geonmo'), ('SSH_CLIENT', '192.168.55.100 37708 22'), ('LC_TIME', 'ko_KR.UTF-8'), ('XDG_SESSION_TYPE', 'tty'), ('SHLVL', '1'), ('LD_LIBRARY_PATH', '/usr/local/cuda/lib64:/usr/local/cuda-12.6/lib64:/opt/ros/humble/opt/rviz_ogre_vendor/lib:/opt/ros/humble/lib/aarch64-linux-gnu:/opt/ros/humble/lib:/usr/local/cuda/lib64:/usr/local/cuda-12.6/lib64:'), ('MOTD_SHOWN', 'pam'), ('HOME', '/home/geonmo'), ('OLDPWD', '/home/geonmo/ydlidar_ws'), ('SSH_TTY', '/dev/pts/0'), ('ROS_PYTHON_VERSION', '3'), ('LC_MONETARY', 'ko_KR.UTF-8'), ('DBUS_SESSION_BUS_ADDRESS', 'unix:path=/run/user/1000/bus'), ('ROS_DISTRO', 'humble'), ('LOGNAME', 'geonmo'), ('_', '/usr/bin/colcon'), ('ROS_VERSION', '2'), ('XDG_SESSION_CLASS', 'user'), ('TERM', 'xterm-256color'), ('XDG_SESSION_ID', '3'), ('ROS_LOCALHOST_ONLY', '0'), ('PATH', '/usr/local/cuda/bin:/usr/local/cuda-12.6/bin:/opt/ros/humble/bin:/usr/local/cuda/bin:/usr/local/cuda-12.6/bin:/usr/local/sbin:/usr/local/bin:/usr/sbin:/usr/bin:/sbin:/bin:/usr/games:/usr/local/games:/snap/bin:/home/geonmo/.local/bin:/home/geonmo/.local/bin'), ('LC_ADDRESS', 'ko_KR.UTF-8'), ('XDG_RUNTIME_DIR', '/run/user/1000'), ('LANG', 'ko_KR.UTF-8'), ('LC_TELEPHONE', 'ko_KR.UTF-8'), ('LS_COLORS', 'rs=0:di=01;34:ln=01;36:mh=00:pi=40;33:so=01;35:do=01;35:bd=40;33;01:cd=40;33;01:or=40;31;01:mi=00:su=37;41:sg=30;43:ca=30;41:tw=30;42:ow=34;42:st=37;44:ex=01;32:*.tar=01;31:*.tgz=01;31:*.arc=01;31:*.arj=01;31:*.taz=01;31:*.lha=01;31:*.lz4=01;31:*.lzh=01;31:*.lzma=01;31:*.tlz=01;31:*.txz=01;31:*.tzo=01;31:*.t7z=01;31:*.zip=01;31:*.z=01;31:*.dz=01;31:*.gz=01;31:*.lrz=01;31:*.lz=01;31:*.lzo=01;31:*.xz=01;31:*.zst=01;31:*.tzst=01;31:*.bz2=01;31:*.bz=01;31:*.tbz=01;31:*.tbz2=01;31:*.tz=01;31:*.deb=01;31:*.rpm=01;31:*.jar=01;31:*.war=01;31:*.ear=01;31:*.sar=01;31:*.rar=01;31:*.alz=01;31:*.ace=01;31:*.zoo=01;31:*.cpio=01;31:*.7z=01;31:*.rz=01;31:*.cab=01;31:*.wim=01;31:*.swm=01;31:*.dwm=01;31:*.esd=01;31:*.jpg=01;35:*.jpeg=01;35:*.mjpg=01;35:*.mjpeg=01;35:*.gif=01;35:*.bmp=01;35:*.pbm=01;35:*.pgm=01;35:*.ppm=01;35:*.tga=01;35:*.xbm=01;35:*.xpm=01;35:*.tif=01;35:*.tiff=01;35:*.png=01;35:*.svg=01;35:*.svgz=01;35:*.mng=01;35:*.pcx=01;35:*.mov=01;35:*.mpg=01;35:*.mpeg=01;35:*.m2v=01;35:*.mkv=01;35:*.webm=01;35:*.webp=01;35:*.ogm=01;35:*.mp4=01;35:*.m4v=01;35:*.mp4v=01;35:*.vob=01;35:*.qt=01;35:*.nuv=01;35:*.wmv=01;35:*.asf=01;35:*.rm=01;35:*.rmvb=01;35:*.flc=01;35:*.avi=01;35:*.fli=01;35:*.flv=01;35:*.gl=01;35:*.dl=01;35:*.xcf=01;35:*.xwd=01;35:*.yuv=01;35:*.cgm=01;35:*.emf=01;35:*.ogv=01;35:*.ogx=01;35:*.aac=00;36:*.au=00;36:*.flac=00;36:*.m4a=00;36:*.mid=00;36:*.midi=00;36:*.mka=00;36:*.mp3=00;36:*.mpc=00;36:*.ogg=00;36:*.ra=00;36:*.wav=00;36:*.oga=00;36:*.opus=00;36:*.spx=00;36:*.xspf=00;36:'), ('AMENT_PREFIX_PATH', '/opt/ros/humble'), ('SHELL', '/bin/bash'), ('LC_NAME', 'ko_KR.UTF-8'), ('LESSCLOSE', '/usr/bin/lesspipe %s %s'), ('LC_MEASUREMENT', 'ko_KR.UTF-8'), ('LC_IDENTIFICATION', 'ko_KR.UTF-8'), ('PWD', '/home/geonmo/ydlidar_ws/build/ydlidar_ros2_driver'), ('LC_ALL', 'ko_KR.UTF-8'), ('SSH_CONNECTION', '192.168.55.100 37708 192.168.55.1 22'), ('PYTHONPATH', '/opt/ros/humble/lib/python3.10/site-packages:/opt/ros/humble/local/lib/python3.10/dist-packages'), ('LC_NUMERIC', 'ko_KR.UTF-8'), ('LC_PAPER', 'ko_KR.UTF-8'), ('COLCON', '1'), ('CMAKE_PREFIX_PATH', '/opt/ros/humble')]), 'shell': False}
[0.044769] (ydlidar_ros2_driver) StdoutLine: {'line': b'-- Found ament_cmake: 1.3.12 (/opt/ros/humble/share/ament_cmake/cmake)\n'}
[0.099861] (-) TimerEvent: {}
[0.200391] (-) TimerEvent: {}
[0.294400] (ydlidar_ros2_driver) StdoutLine: {'line': b'-- Override CMake install command with custom implementation using symlinks instead of copying resources\n'}
[0.300492] (-) TimerEvent: {}
[0.320146] (ydlidar_ros2_driver) StdoutLine: {'line': b'-- Found rclcpp: 16.0.17 (/opt/ros/humble/share/rclcpp/cmake)\n'}
[0.392593] (ydlidar_ros2_driver) StdoutLine: {'line': b'-- Found rosidl_generator_c: 3.1.8 (/opt/ros/humble/share/rosidl_generator_c/cmake)\n'}
[0.397332] (ydlidar_ros2_driver) StdoutLine: {'line': b'-- Found rosidl_adapter: 3.1.8 (/opt/ros/humble/share/rosidl_adapter/cmake)\n'}
[0.400566] (-) TimerEvent: {}
[0.408943] (ydlidar_ros2_driver) StdoutLine: {'line': b'-- Found rosidl_generator_cpp: 3.1.8 (/opt/ros/humble/share/rosidl_generator_cpp/cmake)\n'}
[0.427141] (ydlidar_ros2_driver) StdoutLine: {'line': b'-- Using all available rosidl_typesupport_c: rosidl_typesupport_fastrtps_c;rosidl_typesupport_introspection_c\n'}
[0.450633] (ydlidar_ros2_driver) StdoutLine: {'line': b'-- Using all available rosidl_typesupport_cpp: rosidl_typesupport_fastrtps_cpp;rosidl_typesupport_introspection_cpp\n'}
[0.500668] (-) TimerEvent: {}
[0.511642] (ydlidar_ros2_driver) StdoutLine: {'line': b'-- Found rmw_implementation_cmake: 6.1.2 (/opt/ros/humble/share/rmw_implementation_cmake/cmake)\n'}
[0.514183] (ydlidar_ros2_driver) StdoutLine: {'line': b'-- Found rmw_fastrtps_cpp: 6.2.9 (/opt/ros/humble/share/rmw_fastrtps_cpp/cmake)\n'}
[0.600847] (-) TimerEvent: {}
[0.698669] (ydlidar_ros2_driver) StdoutLine: {'line': b"-- Using RMW implementation 'rmw_fastrtps_cpp' as default\n"}
[0.700909] (-) TimerEvent: {}
[0.793323] (ydlidar_ros2_driver) StdoutLine: {'line': b'-- Found sensor_msgs: 4.9.0 (/opt/ros/humble/share/sensor_msgs/cmake)\n'}
[0.801001] (-) TimerEvent: {}
[0.847769] (ydlidar_ros2_driver) StdoutLine: {'line': b'-- Found visualization_msgs: 4.9.0 (/opt/ros/humble/share/visualization_msgs/cmake)\n'}
[0.884088] (ydlidar_ros2_driver) StdoutLine: {'line': b'-- Found std_srvs: 4.9.0 (/opt/ros/humble/share/std_srvs/cmake)\n'}
[0.901104] (-) TimerEvent: {}
[0.908954] (ydlidar_ros2_driver) StdoutLine: {'line': b'-- Found ament_lint_auto: 0.12.14 (/opt/ros/humble/share/ament_lint_auto/cmake)\n'}
[1.001292] (-) TimerEvent: {}
[1.054396] (ydlidar_ros2_driver) StdoutLine: {'line': b"-- Added test 'copyright' to check source files copyright and LICENSE\n"}
[1.061085] (ydlidar_ros2_driver) StdoutLine: {'line': b"-- Added test 'cppcheck' to perform static code analysis on C / C++ code\n"}
[1.061734] (ydlidar_ros2_driver) StdoutLine: {'line': b'-- Configured cppcheck include dirs: /home/geonmo/ydlidar_ws/src/ydlidar_ros2_driver/src\n'}
[1.061901] (ydlidar_ros2_driver) StdoutLine: {'line': b'-- Configured cppcheck exclude dirs and/or files: \n'}
[1.068070] (ydlidar_ros2_driver) StdoutLine: {'line': b"-- Added test 'cpplint' to check C / C++ code against the Google style\n"}
[1.068255] (ydlidar_ros2_driver) StdoutLine: {'line': b'-- Configured cpplint exclude dirs and/or files: \n'}
[1.069379] (ydlidar_ros2_driver) StdoutLine: {'line': b"-- Added test 'flake8' to check Python code syntax and style conventions\n"}
[1.071310] (ydlidar_ros2_driver) StdoutLine: {'line': b"-- Added test 'lint_cmake' to check CMake code style\n"}
[1.072579] (ydlidar_ros2_driver) StdoutLine: {'line': b"-- Added test 'pep257' to check Python code against some of the docstring style conventions in PEP 257\n"}
[1.078706] (ydlidar_ros2_driver) StdoutLine: {'line': b"-- Added test 'uncrustify' to check C / C++ code style\n"}
[1.078882] (ydlidar_ros2_driver) StdoutLine: {'line': b'-- Configured uncrustify additional arguments: \n'}
[1.080050] (ydlidar_ros2_driver) StdoutLine: {'line': b"-- Added test 'xmllint' to check XML markup files\n"}
[1.081974] (ydlidar_ros2_driver) StdoutLine: {'line': b'-- Configuring done\n'}
[1.101370] (-) TimerEvent: {}
[1.111976] (ydlidar_ros2_driver) StdoutLine: {'line': b'-- Generating done\n'}
[1.123199] (ydlidar_ros2_driver) StdoutLine: {'line': b'-- Build files have been written to: /home/geonmo/ydlidar_ws/build/ydlidar_ros2_driver\n'}
[1.142687] (ydlidar_ros2_driver) CommandEnded: {'returncode': 0}
[1.144190] (ydlidar_ros2_driver) JobProgress: {'identifier': 'ydlidar_ros2_driver', 'progress': 'build'}
[1.146184] (ydlidar_ros2_driver) Command: {'cmd': ['/usr/bin/cmake', '--build', '/home/geonmo/ydlidar_ws/build/ydlidar_ros2_driver', '--', '-j4', '-l4'], 'cwd': '/home/geonmo/ydlidar_ws/build/ydlidar_ros2_driver', 'env': OrderedDict([('LESSOPEN', '| /usr/bin/lesspipe %s'), ('USER', 'geonmo'), ('SSH_CLIENT', '192.168.55.100 37708 22'), ('LC_TIME', 'ko_KR.UTF-8'), ('XDG_SESSION_TYPE', 'tty'), ('SHLVL', '1'), ('LD_LIBRARY_PATH', '/usr/local/cuda/lib64:/usr/local/cuda-12.6/lib64:/opt/ros/humble/opt/rviz_ogre_vendor/lib:/opt/ros/humble/lib/aarch64-linux-gnu:/opt/ros/humble/lib:/usr/local/cuda/lib64:/usr/local/cuda-12.6/lib64:'), ('MOTD_SHOWN', 'pam'), ('HOME', '/home/geonmo'), ('OLDPWD', '/home/geonmo/ydlidar_ws'), ('SSH_TTY', '/dev/pts/0'), ('ROS_PYTHON_VERSION', '3'), ('LC_MONETARY', 'ko_KR.UTF-8'), ('DBUS_SESSION_BUS_ADDRESS', 'unix:path=/run/user/1000/bus'), ('ROS_DISTRO', 'humble'), ('LOGNAME', 'geonmo'), ('_', '/usr/bin/colcon'), ('ROS_VERSION', '2'), ('XDG_SESSION_CLASS', 'user'), ('TERM', 'xterm-256color'), ('XDG_SESSION_ID', '3'), ('ROS_LOCALHOST_ONLY', '0'), ('PATH', '/usr/local/cuda/bin:/usr/local/cuda-12.6/bin:/opt/ros/humble/bin:/usr/local/cuda/bin:/usr/local/cuda-12.6/bin:/usr/local/sbin:/usr/local/bin:/usr/sbin:/usr/bin:/sbin:/bin:/usr/games:/usr/local/games:/snap/bin:/home/geonmo/.local/bin:/home/geonmo/.local/bin'), ('LC_ADDRESS', 'ko_KR.UTF-8'), ('XDG_RUNTIME_DIR', '/run/user/1000'), ('LANG', 'ko_KR.UTF-8'), ('LC_TELEPHONE', 'ko_KR.UTF-8'), ('LS_COLORS', 'rs=0:di=01;34:ln=01;36:mh=00:pi=40;33:so=01;35:do=01;35:bd=40;33;01:cd=40;33;01:or=40;31;01:mi=00:su=37;41:sg=30;43:ca=30;41:tw=30;42:ow=34;42:st=37;44:ex=01;32:*.tar=01;31:*.tgz=01;31:*.arc=01;31:*.arj=01;31:*.taz=01;31:*.lha=01;31:*.lz4=01;31:*.lzh=01;31:*.lzma=01;31:*.tlz=01;31:*.txz=01;31:*.tzo=01;31:*.t7z=01;31:*.zip=01;31:*.z=01;31:*.dz=01;31:*.gz=01;31:*.lrz=01;31:*.lz=01;31:*.lzo=01;31:*.xz=01;31:*.zst=01;31:*.tzst=01;31:*.bz2=01;31:*.bz=01;31:*.tbz=01;31:*.tbz2=01;31:*.tz=01;31:*.deb=01;31:*.rpm=01;31:*.jar=01;31:*.war=01;31:*.ear=01;31:*.sar=01;31:*.rar=01;31:*.alz=01;31:*.ace=01;31:*.zoo=01;31:*.cpio=01;31:*.7z=01;31:*.rz=01;31:*.cab=01;31:*.wim=01;31:*.swm=01;31:*.dwm=01;31:*.esd=01;31:*.jpg=01;35:*.jpeg=01;35:*.mjpg=01;35:*.mjpeg=01;35:*.gif=01;35:*.bmp=01;35:*.pbm=01;35:*.pgm=01;35:*.ppm=01;35:*.tga=01;35:*.xbm=01;35:*.xpm=01;35:*.tif=01;35:*.tiff=01;35:*.png=01;35:*.svg=01;35:*.svgz=01;35:*.mng=01;35:*.pcx=01;35:*.mov=01;35:*.mpg=01;35:*.mpeg=01;35:*.m2v=01;35:*.mkv=01;35:*.webm=01;35:*.webp=01;35:*.ogm=01;35:*.mp4=01;35:*.m4v=01;35:*.mp4v=01;35:*.vob=01;35:*.qt=01;35:*.nuv=01;35:*.wmv=01;35:*.asf=01;35:*.rm=01;35:*.rmvb=01;35:*.flc=01;35:*.avi=01;35:*.fli=01;35:*.flv=01;35:*.gl=01;35:*.dl=01;35:*.xcf=01;35:*.xwd=01;35:*.yuv=01;35:*.cgm=01;35:*.emf=01;35:*.ogv=01;35:*.ogx=01;35:*.aac=00;36:*.au=00;36:*.flac=00;36:*.m4a=00;36:*.mid=00;36:*.midi=00;36:*.mka=00;36:*.mp3=00;36:*.mpc=00;36:*.ogg=00;36:*.ra=00;36:*.wav=00;36:*.oga=00;36:*.opus=00;36:*.spx=00;36:*.xspf=00;36:'), ('AMENT_PREFIX_PATH', '/opt/ros/humble'), ('SHELL', '/bin/bash'), ('LC_NAME', 'ko_KR.UTF-8'), ('LESSCLOSE', '/usr/bin/lesspipe %s %s'), ('LC_MEASUREMENT', 'ko_KR.UTF-8'), ('LC_IDENTIFICATION', 'ko_KR.UTF-8'), ('PWD', '/home/geonmo/ydlidar_ws/build/ydlidar_ros2_driver'), ('LC_ALL', 'ko_KR.UTF-8'), ('SSH_CONNECTION', '192.168.55.100 37708 192.168.55.1 22'), ('PYTHONPATH', '/opt/ros/humble/lib/python3.10/site-packages:/opt/ros/humble/local/lib/python3.10/dist-packages'), ('LC_NUMERIC', 'ko_KR.UTF-8'), ('LC_PAPER', 'ko_KR.UTF-8'), ('COLCON', '1'), ('CMAKE_PREFIX_PATH', '/opt/ros/humble')]), 'shell': False}
[1.201584] (-) TimerEvent: {}
[1.223843] (ydlidar_ros2_driver) StdoutLine: {'line': b'\x1b[35m\x1b[1mConsolidate compiler generated dependencies of target ydlidar_ros2_driver_client\x1b[0m\n'}
[1.224342] (ydlidar_ros2_driver) StdoutLine: {'line': b'\x1b[35m\x1b[1mConsolidate compiler generated dependencies of target ydlidar_ros2_driver_node\x1b[0m\n'}
[1.259266] (ydlidar_ros2_driver) StdoutLine: {'line': b'[ 75%] \x1b[32mBuilding CXX object CMakeFiles/ydlidar_ros2_driver_node.dir/src/ydlidar_ros2_driver_node.cpp.o\x1b[0m\n'}
[1.259838] (ydlidar_ros2_driver) StdoutLine: {'line': b'[ 75%] Built target ydlidar_ros2_driver_client\n'}
[1.301763] (-) TimerEvent: {}
[1.402415] (-) TimerEvent: {}
[1.503069] (-) TimerEvent: {}
[1.603781] (-) TimerEvent: {}
[1.704480] (-) TimerEvent: {}
[1.805162] (-) TimerEvent: {}
[1.905839] (-) TimerEvent: {}
[2.006809] (-) TimerEvent: {}
[2.107559] (-) TimerEvent: {}
[2.208255] (-) TimerEvent: {}
[2.308877] (-) TimerEvent: {}
[2.409583] (-) TimerEvent: {}
[2.510284] (-) TimerEvent: {}
[2.610966] (-) TimerEvent: {}
[2.711639] (-) TimerEvent: {}
[2.812251] (-) TimerEvent: {}
[2.912993] (-) TimerEvent: {}
[3.013743] (-) TimerEvent: {}
[3.114463] (-) TimerEvent: {}
[3.215190] (-) TimerEvent: {}
[3.315967] (-) TimerEvent: {}
[3.416687] (-) TimerEvent: {}
[3.517424] (-) TimerEvent: {}
[3.618121] (-) TimerEvent: {}
[3.718844] (-) TimerEvent: {}
[3.819558] (-) TimerEvent: {}
[3.920275] (-) TimerEvent: {}
[4.020999] (-) TimerEvent: {}
[4.121733] (-) TimerEvent: {}
[4.222474] (-) TimerEvent: {}
[4.323183] (-) TimerEvent: {}
[4.424144] (-) TimerEvent: {}
[4.524880] (-) TimerEvent: {}
[4.625627] (-) TimerEvent: {}
[4.726505] (-) TimerEvent: {}
[4.827245] (-) TimerEvent: {}
[4.927987] (-) TimerEvent: {}
[5.028707] (-) TimerEvent: {}
[5.129389] (-) TimerEvent: {}
[5.230264] (-) TimerEvent: {}
[5.331245] (-) TimerEvent: {}
[5.432226] (-) TimerEvent: {}
[5.532964] (-) TimerEvent: {}
[5.633696] (-) TimerEvent: {}
[5.734447] (-) TimerEvent: {}
[5.835184] (-) TimerEvent: {}
[5.935914] (-) TimerEvent: {}
[6.036561] (-) TimerEvent: {}
[6.137303] (-) TimerEvent: {}
[6.238048] (-) TimerEvent: {}
[6.338780] (-) TimerEvent: {}
[6.439513] (-) TimerEvent: {}
[6.540265] (-) TimerEvent: {}
[6.622434] (ydlidar_ros2_driver) StderrLine: {'line': b'\x1b[01m\x1b[K/home/geonmo/ydlidar_ws/src/ydlidar_ros2_driver/src/ydlidar_ros2_driver_node.cpp:\x1b[m\x1b[K In function \xe2\x80\x98\x1b[01m\x1b[Kint main(int, char**)\x1b[m\x1b[K\xe2\x80\x99:\n'}
[6.623887] (ydlidar_ros2_driver) StderrLine: {'line': b'\x1b[01m\x1b[K/home/geonmo/ydlidar_ws/src/ydlidar_ros2_driver/src/ydlidar_ros2_driver_node.cpp:44:26:\x1b[m\x1b[K \x1b[01;31m\x1b[Kerror: \x1b[m\x1b[Kno matching function for call to \xe2\x80\x98\x1b[01m\x1b[Krclcpp::Node::declare_parameter(const char [5])\x1b[m\x1b[K\xe2\x80\x99\n'}
[6.624322] (ydlidar_ros2_driver) StderrLine: {'line': b'   44 |   \x1b[01;31m\x1b[Knode->declare_parameter("port")\x1b[m\x1b[K;\n'}
[6.624748] (ydlidar_ros2_driver) StderrLine: {'line': b'      |   \x1b[01;31m\x1b[K~~~~~~~~~~~~~~~~~~~~~~~^~~~~~~~\x1b[m\x1b[K\n'}
[6.624949] (ydlidar_ros2_driver) StderrLine: {'line': b'In file included from \x1b[01m\x1b[K/opt/ros/humble/include/rclcpp/rclcpp/executors/single_threaded_executor.hpp:28\x1b[m\x1b[K,\n'}
[6.625327] (ydlidar_ros2_driver) StderrLine: {'line': b'                 from \x1b[01m\x1b[K/opt/ros/humble/include/rclcpp/rclcpp/executors.hpp:22\x1b[m\x1b[K,\n'}
[6.625712] (ydlidar_ros2_driver) StderrLine: {'line': b'                 from \x1b[01m\x1b[K/opt/ros/humble/include/rclcpp/rclcpp/rclcpp.hpp:155\x1b[m\x1b[K,\n'}
[6.626025] (ydlidar_ros2_driver) StderrLine: {'line': b'                 from \x1b[01m\x1b[K/home/geonmo/ydlidar_ws/src/ydlidar_ros2_driver/src/ydlidar_ros2_driver_node.cpp:23\x1b[m\x1b[K:\n'}
[6.626251] (ydlidar_ros2_driver) StderrLine: {'line': b'\x1b[01m\x1b[K/opt/ros/humble/include/rclcpp/rclcpp/node.hpp:421:3:\x1b[m\x1b[K \x1b[01;36m\x1b[Knote: \x1b[m\x1b[Kcandidate: \xe2\x80\x98\x1b[01m\x1b[Ktemplate<class ParameterT> auto rclcpp::Node::declare_parameter(const string&, const ParameterT&, const ParameterDescriptor&, bool)\x1b[m\x1b[K\xe2\x80\x99\n'}
[6.626629] (ydlidar_ros2_driver) StderrLine: {'line': b'  421 |   \x1b[01;36m\x1b[Kdeclare_parameter\x1b[m\x1b[K(\n'}
[6.626761] (ydlidar_ros2_driver) StderrLine: {'line': b'      |   \x1b[01;36m\x1b[K^~~~~~~~~~~~~~~~~\x1b[m\x1b[K\n'}
[6.627131] (ydlidar_ros2_driver) StderrLine: {'line': b'\x1b[01m\x1b[K/opt/ros/humble/include/rclcpp/rclcpp/node.hpp:421:3:\x1b[m\x1b[K \x1b[01;36m\x1b[Knote: \x1b[m\x1b[K  template argument deduction/substitution failed:\n'}
[6.627371] (ydlidar_ros2_driver) StderrLine: {'line': b'\x1b[01m\x1b[K/home/geonmo/ydlidar_ws/src/ydlidar_ros2_driver/src/ydlidar_ros2_driver_node.cpp:44:26:\x1b[m\x1b[K \x1b[01;36m\x1b[Knote: \x1b[m\x1b[K  candidate expects 4 arguments, 1 provided\n'}
[6.627712] (ydlidar_ros2_driver) StderrLine: {'line': b'   44 |   \x1b[01;36m\x1b[Knode->declare_parameter("port")\x1b[m\x1b[K;\n'}
[6.628205] (ydlidar_ros2_driver) StderrLine: {'line': b'      |   \x1b[01;36m\x1b[K~~~~~~~~~~~~~~~~~~~~~~~^~~~~~~~\x1b[m\x1b[K\n'}
[6.628657] (ydlidar_ros2_driver) StderrLine: {'line': b'In file included from \x1b[01m\x1b[K/opt/ros/humble/include/rclcpp/rclcpp/executors/single_threaded_executor.hpp:28\x1b[m\x1b[K,\n'}
[6.629095] (ydlidar_ros2_driver) StderrLine: {'line': b'                 from \x1b[01m\x1b[K/opt/ros/humble/include/rclcpp/rclcpp/executors.hpp:22\x1b[m\x1b[K,\n'}
[6.629518] (ydlidar_ros2_driver) StderrLine: {'line': b'                 from \x1b[01m\x1b[K/opt/ros/humble/include/rclcpp/rclcpp/rclcpp.hpp:155\x1b[m\x1b[K,\n'}
[6.629766] (ydlidar_ros2_driver) StderrLine: {'line': b'                 from \x1b[01m\x1b[K/home/geonmo/ydlidar_ws/src/ydlidar_ros2_driver/src/ydlidar_ros2_driver_node.cpp:23\x1b[m\x1b[K:\n'}
[6.630090] (ydlidar_ros2_driver) StderrLine: {'line': b'\x1b[01m\x1b[K/opt/ros/humble/include/rclcpp/rclcpp/node.hpp:434:3:\x1b[m\x1b[K \x1b[01;36m\x1b[Knote: \x1b[m\x1b[Kcandidate: \xe2\x80\x98\x1b[01m\x1b[Ktemplate<class ParameterT> auto rclcpp::Node::declare_parameter(const string&, const ParameterDescriptor&, bool)\x1b[m\x1b[K\xe2\x80\x99\n'}
[6.630690] (ydlidar_ros2_driver) StderrLine: {'line': b'  434 |   \x1b[01;36m\x1b[Kdeclare_parameter\x1b[m\x1b[K(\n'}
[6.631119] (ydlidar_ros2_driver) StderrLine: {'line': b'      |   \x1b[01;36m\x1b[K^~~~~~~~~~~~~~~~~\x1b[m\x1b[K\n'}
[6.631548] (ydlidar_ros2_driver) StderrLine: {'line': b'\x1b[01m\x1b[K/opt/ros/humble/include/rclcpp/rclcpp/node.hpp:434:3:\x1b[m\x1b[K \x1b[01;36m\x1b[Knote: \x1b[m\x1b[K  template argument deduction/substitution failed:\n'}
[6.631989] (ydlidar_ros2_driver) StderrLine: {'line': b'\x1b[01m\x1b[K/home/geonmo/ydlidar_ws/src/ydlidar_ros2_driver/src/ydlidar_ros2_driver_node.cpp:44:26:\x1b[m\x1b[K \x1b[01;36m\x1b[Knote: \x1b[m\x1b[K  couldn\xe2\x80\x99t deduce template parameter \xe2\x80\x98\x1b[01m\x1b[KParameterT\x1b[m\x1b[K\xe2\x80\x99\n'}
[6.632457] (ydlidar_ros2_driver) StderrLine: {'line': b'   44 |   \x1b[01;36m\x1b[Knode->declare_parameter("port")\x1b[m\x1b[K;\n'}
[6.632949] (ydlidar_ros2_driver) StderrLine: {'line': b'      |   \x1b[01;36m\x1b[K~~~~~~~~~~~~~~~~~~~~~~~^~~~~~~~\x1b[m\x1b[K\n'}
[6.633346] (ydlidar_ros2_driver) StderrLine: {'line': b'In file included from \x1b[01m\x1b[K/opt/ros/humble/include/rclcpp/rclcpp/executors/single_threaded_executor.hpp:28\x1b[m\x1b[K,\n'}
[6.633494] (ydlidar_ros2_driver) StderrLine: {'line': b'                 from \x1b[01m\x1b[K/opt/ros/humble/include/rclcpp/rclcpp/executors.hpp:22\x1b[m\x1b[K,\n'}
[6.633625] (ydlidar_ros2_driver) StderrLine: {'line': b'                 from \x1b[01m\x1b[K/opt/ros/humble/include/rclcpp/rclcpp/rclcpp.hpp:155\x1b[m\x1b[K,\n'}
[6.633746] (ydlidar_ros2_driver) StderrLine: {'line': b'                 from \x1b[01m\x1b[K/home/geonmo/ydlidar_ws/src/ydlidar_ros2_driver/src/ydlidar_ros2_driver_node.cpp:23\x1b[m\x1b[K:\n'}
[6.633866] (ydlidar_ros2_driver) StderrLine: {'line': b'\x1b[01m\x1b[K/opt/ros/humble/include/rclcpp/rclcpp/node.hpp:366:3:\x1b[m\x1b[K \x1b[01;36m\x1b[Knote: \x1b[m\x1b[Kcandidate: \xe2\x80\x98\x1b[01m\x1b[Kconst rclcpp::ParameterValue& rclcpp::Node::declare_parameter(const string&, const rclcpp::ParameterValue&, const ParameterDescriptor&, bool)\x1b[m\x1b[K\xe2\x80\x99\n'}
[6.633994] (ydlidar_ros2_driver) StderrLine: {'line': b'  366 |   \x1b[01;36m\x1b[Kdeclare_parameter\x1b[m\x1b[K(\n'}
[6.634134] (ydlidar_ros2_driver) StderrLine: {'line': b'      |   \x1b[01;36m\x1b[K^~~~~~~~~~~~~~~~~\x1b[m\x1b[K\n'}
[6.634254] (ydlidar_ros2_driver) StderrLine: {'line': b'\x1b[01m\x1b[K/opt/ros/humble/include/rclcpp/rclcpp/node.hpp:366:3:\x1b[m\x1b[K \x1b[01;36m\x1b[Knote: \x1b[m\x1b[K  candidate expects 4 arguments, 1 provided\n'}
[6.634373] (ydlidar_ros2_driver) StderrLine: {'line': b'\x1b[01m\x1b[K/opt/ros/humble/include/rclcpp/rclcpp/node.hpp:391:3:\x1b[m\x1b[K \x1b[01;36m\x1b[Knote: \x1b[m\x1b[Kcandidate: \xe2\x80\x98\x1b[01m\x1b[Kconst rclcpp::ParameterValue& rclcpp::Node::declare_parameter(const string&, rclcpp::ParameterType, const ParameterDescriptor&, bool)\x1b[m\x1b[K\xe2\x80\x99\n'}
[6.634496] (ydlidar_ros2_driver) StderrLine: {'line': b'  391 |   \x1b[01;36m\x1b[Kdeclare_parameter\x1b[m\x1b[K(\n'}
[6.634640] (ydlidar_ros2_driver) StderrLine: {'line': b'      |   \x1b[01;36m\x1b[K^~~~~~~~~~~~~~~~~\x1b[m\x1b[K\n'}
[6.634758] (ydlidar_ros2_driver) StderrLine: {'line': b'\x1b[01m\x1b[K/opt/ros/humble/include/rclcpp/rclcpp/node.hpp:391:3:\x1b[m\x1b[K \x1b[01;36m\x1b[Knote: \x1b[m\x1b[K  candidate expects 4 arguments, 1 provided\n'}
[6.634890] (ydlidar_ros2_driver) StderrLine: {'line': b'\x1b[01m\x1b[K/home/geonmo/ydlidar_ws/src/ydlidar_ros2_driver/src/ydlidar_ros2_driver_node.cpp:51:26:\x1b[m\x1b[K \x1b[01;31m\x1b[Kerror: \x1b[m\x1b[Kno matching function for call to \xe2\x80\x98\x1b[01m\x1b[Krclcpp::Node::declare_parameter(const char [13])\x1b[m\x1b[K\xe2\x80\x99\n'}
[6.635015] (ydlidar_ros2_driver) StderrLine: {'line': b'   51 |   \x1b[01;31m\x1b[Knode->declare_parameter("ignore_array")\x1b[m\x1b[K;\n'}
[6.635133] (ydlidar_ros2_driver) StderrLine: {'line': b'      |   \x1b[01;31m\x1b[K~~~~~~~~~~~~~~~~~~~~~~~^~~~~~~~~~~~~~~~\x1b[m\x1b[K\n'}
[6.635248] (ydlidar_ros2_driver) StderrLine: {'line': b'In file included from \x1b[01m\x1b[K/opt/ros/humble/include/rclcpp/rclcpp/executors/single_threaded_executor.hpp:28\x1b[m\x1b[K,\n'}
[6.635364] (ydlidar_ros2_driver) StderrLine: {'line': b'                 from \x1b[01m\x1b[K/opt/ros/humble/include/rclcpp/rclcpp/executors.hpp:22\x1b[m\x1b[K,\n'}
[6.635525] (ydlidar_ros2_driver) StderrLine: {'line': b'                 from \x1b[01m\x1b[K/opt/ros/humble/include/rclcpp/rclcpp/rclcpp.hpp:155\x1b[m\x1b[K,\n'}
[6.635651] (ydlidar_ros2_driver) StderrLine: {'line': b'                 from \x1b[01m\x1b[K/home/geonmo/ydlidar_ws/src/ydlidar_ros2_driver/src/ydlidar_ros2_driver_node.cpp:23\x1b[m\x1b[K:\n'}
[6.635772] (ydlidar_ros2_driver) StderrLine: {'line': b'\x1b[01m\x1b[K/opt/ros/humble/include/rclcpp/rclcpp/node.hpp:421:3:\x1b[m\x1b[K \x1b[01;36m\x1b[Knote: \x1b[m\x1b[Kcandidate: \xe2\x80\x98\x1b[01m\x1b[Ktemplate<class ParameterT> auto rclcpp::Node::declare_parameter(const string&, const ParameterT&, const ParameterDescriptor&, bool)\x1b[m\x1b[K\xe2\x80\x99\n'}
[6.635894] (ydlidar_ros2_driver) StderrLine: {'line': b'  421 |   \x1b[01;36m\x1b[Kdeclare_parameter\x1b[m\x1b[K(\n'}
[6.636010] (ydlidar_ros2_driver) StderrLine: {'line': b'      |   \x1b[01;36m\x1b[K^~~~~~~~~~~~~~~~~\x1b[m\x1b[K\n'}
[6.636124] (ydlidar_ros2_driver) StderrLine: {'line': b'\x1b[01m\x1b[K/opt/ros/humble/include/rclcpp/rclcpp/node.hpp:421:3:\x1b[m\x1b[K \x1b[01;36m\x1b[Knote: \x1b[m\x1b[K  template argument deduction/substitution failed:\n'}
[6.636241] (ydlidar_ros2_driver) StderrLine: {'line': b'\x1b[01m\x1b[K/home/geonmo/ydlidar_ws/src/ydlidar_ros2_driver/src/ydlidar_ros2_driver_node.cpp:51:26:\x1b[m\x1b[K \x1b[01;36m\x1b[Knote: \x1b[m\x1b[K  candidate expects 4 arguments, 1 provided\n'}
[6.636381] (ydlidar_ros2_driver) StderrLine: {'line': b'   51 |   \x1b[01;36m\x1b[Knode->declare_parameter("ignore_array")\x1b[m\x1b[K;\n'}
[6.636500] (ydlidar_ros2_driver) StderrLine: {'line': b'      |   \x1b[01;36m\x1b[K~~~~~~~~~~~~~~~~~~~~~~~^~~~~~~~~~~~~~~~\x1b[m\x1b[K\n'}
[6.636615] (ydlidar_ros2_driver) StderrLine: {'line': b'In file included from \x1b[01m\x1b[K/opt/ros/humble/include/rclcpp/rclcpp/executors/single_threaded_executor.hpp:28\x1b[m\x1b[K,\n'}
[6.636748] (ydlidar_ros2_driver) StderrLine: {'line': b'                 from \x1b[01m\x1b[K/opt/ros/humble/include/rclcpp/rclcpp/executors.hpp:22\x1b[m\x1b[K,\n'}
[6.636864] (ydlidar_ros2_driver) StderrLine: {'line': b'                 from \x1b[01m\x1b[K/opt/ros/humble/include/rclcpp/rclcpp/rclcpp.hpp:155\x1b[m\x1b[K,\n'}
[6.636979] (ydlidar_ros2_driver) StderrLine: {'line': b'                 from \x1b[01m\x1b[K/home/geonmo/ydlidar_ws/src/ydlidar_ros2_driver/src/ydlidar_ros2_driver_node.cpp:23\x1b[m\x1b[K:\n'}
[6.637094] (ydlidar_ros2_driver) StderrLine: {'line': b'\x1b[01m\x1b[K/opt/ros/humble/include/rclcpp/rclcpp/node.hpp:434:3:\x1b[m\x1b[K \x1b[01;36m\x1b[Knote: \x1b[m\x1b[Kcandidate: \xe2\x80\x98\x1b[01m\x1b[Ktemplate<class ParameterT> auto rclcpp::Node::declare_parameter(const string&, const ParameterDescriptor&, bool)\x1b[m\x1b[K\xe2\x80\x99\n'}
[6.637213] (ydlidar_ros2_driver) StderrLine: {'line': b'  434 |   \x1b[01;36m\x1b[Kdeclare_parameter\x1b[m\x1b[K(\n'}
[6.637331] (ydlidar_ros2_driver) StderrLine: {'line': b'      |   \x1b[01;36m\x1b[K^~~~~~~~~~~~~~~~~\x1b[m\x1b[K\n'}
[6.637449] (ydlidar_ros2_driver) StderrLine: {'line': b'\x1b[01m\x1b[K/opt/ros/humble/include/rclcpp/rclcpp/node.hpp:434:3:\x1b[m\x1b[K \x1b[01;36m\x1b[Knote: \x1b[m\x1b[K  template argument deduction/substitution failed:\n'}
[6.637567] (ydlidar_ros2_driver) StderrLine: {'line': b'\x1b[01m\x1b[K/home/geonmo/ydlidar_ws/src/ydlidar_ros2_driver/src/ydlidar_ros2_driver_node.cpp:51:26:\x1b[m\x1b[K \x1b[01;36m\x1b[Knote: \x1b[m\x1b[K  couldn\xe2\x80\x99t deduce template parameter \xe2\x80\x98\x1b[01m\x1b[KParameterT\x1b[m\x1b[K\xe2\x80\x99\n'}
[6.637685] (ydlidar_ros2_driver) StderrLine: {'line': b'   51 |   \x1b[01;36m\x1b[Knode->declare_parameter("ignore_array")\x1b[m\x1b[K;\n'}
[6.637799] (ydlidar_ros2_driver) StderrLine: {'line': b'      |   \x1b[01;36m\x1b[K~~~~~~~~~~~~~~~~~~~~~~~^~~~~~~~~~~~~~~~\x1b[m\x1b[K\n'}
[6.637913] (ydlidar_ros2_driver) StderrLine: {'line': b'In file included from \x1b[01m\x1b[K/opt/ros/humble/include/rclcpp/rclcpp/executors/single_threaded_executor.hpp:28\x1b[m\x1b[K,\n'}
[6.638028] (ydlidar_ros2_driver) StderrLine: {'line': b'                 from \x1b[01m\x1b[K/opt/ros/humble/include/rclcpp/rclcpp/executors.hpp:22\x1b[m\x1b[K,\n'}
[6.638144] (ydlidar_ros2_driver) StderrLine: {'line': b'                 from \x1b[01m\x1b[K/opt/ros/humble/include/rclcpp/rclcpp/rclcpp.hpp:155\x1b[m\x1b[K,\n'}
[6.638258] (ydlidar_ros2_driver) StderrLine: {'line': b'                 from \x1b[01m\x1b[K/home/geonmo/ydlidar_ws/src/ydlidar_ros2_driver/src/ydlidar_ros2_driver_node.cpp:23\x1b[m\x1b[K:\n'}
[6.638372] (ydlidar_ros2_driver) StderrLine: {'line': b'\x1b[01m\x1b[K/opt/ros/humble/include/rclcpp/rclcpp/node.hpp:366:3:\x1b[m\x1b[K \x1b[01;36m\x1b[Knote: \x1b[m\x1b[Kcandidate: \xe2\x80\x98\x1b[01m\x1b[Kconst rclcpp::ParameterValue& rclcpp::Node::declare_parameter(const string&, const rclcpp::ParameterValue&, const ParameterDescriptor&, bool)\x1b[m\x1b[K\xe2\x80\x99\n'}
[6.638492] (ydlidar_ros2_driver) StderrLine: {'line': b'  366 |   \x1b[01;36m\x1b[Kdeclare_parameter\x1b[m\x1b[K(\n'}
[6.638606] (ydlidar_ros2_driver) StderrLine: {'line': b'      |   \x1b[01;36m\x1b[K^~~~~~~~~~~~~~~~~\x1b[m\x1b[K\n'}
[6.638719] (ydlidar_ros2_driver) StderrLine: {'line': b'\x1b[01m\x1b[K/opt/ros/humble/include/rclcpp/rclcpp/node.hpp:366:3:\x1b[m\x1b[K \x1b[01;36m\x1b[Knote: \x1b[m\x1b[K  candidate expects 4 arguments, 1 provided\n'}
[6.638833] (ydlidar_ros2_driver) StderrLine: {'line': b'\x1b[01m\x1b[K/opt/ros/humble/include/rclcpp/rclcpp/node.hpp:391:3:\x1b[m\x1b[K \x1b[01;36m\x1b[Knote: \x1b[m\x1b[Kcandidate: \xe2\x80\x98\x1b[01m\x1b[Kconst rclcpp::ParameterValue& rclcpp::Node::declare_parameter(const string&, rclcpp::ParameterType, const ParameterDescriptor&, bool)\x1b[m\x1b[K\xe2\x80\x99\n'}
[6.638988] (ydlidar_ros2_driver) StderrLine: {'line': b'  391 |   \x1b[01;36m\x1b[Kdeclare_parameter\x1b[m\x1b[K(\n'}
[6.639107] (ydlidar_ros2_driver) StderrLine: {'line': b'      |   \x1b[01;36m\x1b[K^~~~~~~~~~~~~~~~~\x1b[m\x1b[K\n'}
[6.639220] (ydlidar_ros2_driver) StderrLine: {'line': b'\x1b[01m\x1b[K/opt/ros/humble/include/rclcpp/rclcpp/node.hpp:391:3:\x1b[m\x1b[K \x1b[01;36m\x1b[Knote: \x1b[m\x1b[K  candidate expects 4 arguments, 1 provided\n'}
[6.639350] (ydlidar_ros2_driver) StderrLine: {'line': b'\x1b[01m\x1b[K/home/geonmo/ydlidar_ws/src/ydlidar_ros2_driver/src/ydlidar_ros2_driver_node.cpp:56:26:\x1b[m\x1b[K \x1b[01;31m\x1b[Kerror: \x1b[m\x1b[Kno matching function for call to \xe2\x80\x98\x1b[01m\x1b[Krclcpp::Node::declare_parameter(const char [9])\x1b[m\x1b[K\xe2\x80\x99\n'}
[6.639503] (ydlidar_ros2_driver) StderrLine: {'line': b'   56 |   \x1b[01;31m\x1b[Knode->declare_parameter("frame_id")\x1b[m\x1b[K;\n'}
[6.639624] (ydlidar_ros2_driver) StderrLine: {'line': b'      |   \x1b[01;31m\x1b[K~~~~~~~~~~~~~~~~~~~~~~~^~~~~~~~~~~~\x1b[m\x1b[K\n'}
[6.639740] (ydlidar_ros2_driver) StderrLine: {'line': b'In file included from \x1b[01m\x1b[K/opt/ros/humble/include/rclcpp/rclcpp/executors/single_threaded_executor.hpp:28\x1b[m\x1b[K,\n'}
[6.639858] (ydlidar_ros2_driver) StderrLine: {'line': b'                 from \x1b[01m\x1b[K/opt/ros/humble/include/rclcpp/rclcpp/executors.hpp:22\x1b[m\x1b[K,\n'}
[6.639975] (ydlidar_ros2_driver) StderrLine: {'line': b'                 from \x1b[01m\x1b[K/opt/ros/humble/include/rclcpp/rclcpp/rclcpp.hpp:155\x1b[m\x1b[K,\n'}
[6.640091] (ydlidar_ros2_driver) StderrLine: {'line': b'                 from \x1b[01m\x1b[K/home/geonmo/ydlidar_ws/src/ydlidar_ros2_driver/src/ydlidar_ros2_driver_node.cpp:23\x1b[m\x1b[K:\n'}
[6.640207] (ydlidar_ros2_driver) StderrLine: {'line': b'\x1b[01m\x1b[K/opt/ros/humble/include/rclcpp/rclcpp/node.hpp:421:3:\x1b[m\x1b[K \x1b[01;36m\x1b[Knote: \x1b[m\x1b[Kcandidate: \xe2\x80\x98\x1b[01m\x1b[Ktemplate<class ParameterT> auto rclcpp::Node::declare_parameter(const string&, const ParameterT&, const ParameterDescriptor&, bool)\x1b[m\x1b[K\xe2\x80\x99\n'}
[6.640324] (-) TimerEvent: {}
[6.640583] (ydlidar_ros2_driver) StderrLine: {'line': b'  421 |   \x1b[01;36m\x1b[Kdeclare_parameter\x1b[m\x1b[K(\n'}
[6.640737] (ydlidar_ros2_driver) StderrLine: {'line': b'      |   \x1b[01;36m\x1b[K^~~~~~~~~~~~~~~~~\x1b[m\x1b[K\n'}
[6.640865] (ydlidar_ros2_driver) StderrLine: {'line': b'\x1b[01m\x1b[K/opt/ros/humble/include/rclcpp/rclcpp/node.hpp:421:3:\x1b[m\x1b[K \x1b[01;36m\x1b[Knote: \x1b[m\x1b[K  template argument deduction/substitution failed:\n'}
[6.640988] (ydlidar_ros2_driver) StderrLine: {'line': b'\x1b[01m\x1b[K/home/geonmo/ydlidar_ws/src/ydlidar_ros2_driver/src/ydlidar_ros2_driver_node.cpp:56:26:\x1b[m\x1b[K \x1b[01;36m\x1b[Knote: \x1b[m\x1b[K  candidate expects 4 arguments, 1 provided\n'}
[6.641129] (ydlidar_ros2_driver) StderrLine: {'line': b'   56 |   \x1b[01;36m\x1b[Knode->declare_parameter("frame_id")\x1b[m\x1b[K;\n'}
[6.641250] (ydlidar_ros2_driver) StderrLine: {'line': b'      |   \x1b[01;36m\x1b[K~~~~~~~~~~~~~~~~~~~~~~~^~~~~~~~~~~~\x1b[m\x1b[K\n'}
[6.641368] (ydlidar_ros2_driver) StderrLine: {'line': b'In file included from \x1b[01m\x1b[K/opt/ros/humble/include/rclcpp/rclcpp/executors/single_threaded_executor.hpp:28\x1b[m\x1b[K,\n'}
[6.641484] (ydlidar_ros2_driver) StderrLine: {'line': b'                 from \x1b[01m\x1b[K/opt/ros/humble/include/rclcpp/rclcpp/executors.hpp:22\x1b[m\x1b[K,\n'}
[6.641599] (ydlidar_ros2_driver) StderrLine: {'line': b'                 from \x1b[01m\x1b[K/opt/ros/humble/include/rclcpp/rclcpp/rclcpp.hpp:155\x1b[m\x1b[K,\n'}
[6.641715] (ydlidar_ros2_driver) StderrLine: {'line': b'                 from \x1b[01m\x1b[K/home/geonmo/ydlidar_ws/src/ydlidar_ros2_driver/src/ydlidar_ros2_driver_node.cpp:23\x1b[m\x1b[K:\n'}
[6.641834] (ydlidar_ros2_driver) StderrLine: {'line': b'\x1b[01m\x1b[K/opt/ros/humble/include/rclcpp/rclcpp/node.hpp:434:3:\x1b[m\x1b[K \x1b[01;36m\x1b[Knote: \x1b[m\x1b[Kcandidate: \xe2\x80\x98\x1b[01m\x1b[Ktemplate<class ParameterT> auto rclcpp::Node::declare_parameter(const string&, const ParameterDescriptor&, bool)\x1b[m\x1b[K\xe2\x80\x99\n'}
[6.641955] (ydlidar_ros2_driver) StderrLine: {'line': b'  434 |   \x1b[01;36m\x1b[Kdeclare_parameter\x1b[m\x1b[K(\n'}
[6.642070] (ydlidar_ros2_driver) StderrLine: {'line': b'      |   \x1b[01;36m\x1b[K^~~~~~~~~~~~~~~~~\x1b[m\x1b[K\n'}
[6.642205] (ydlidar_ros2_driver) StderrLine: {'line': b'\x1b[01m\x1b[K/opt/ros/humble/include/rclcpp/rclcpp/node.hpp:434:3:\x1b[m\x1b[K \x1b[01;36m\x1b[Knote: \x1b[m\x1b[K  template argument deduction/substitution failed:\n'}
[6.642325] (ydlidar_ros2_driver) StderrLine: {'line': b'\x1b[01m\x1b[K/home/geonmo/ydlidar_ws/src/ydlidar_ros2_driver/src/ydlidar_ros2_driver_node.cpp:56:26:\x1b[m\x1b[K \x1b[01;36m\x1b[Knote: \x1b[m\x1b[K  couldn\xe2\x80\x99t deduce template parameter \xe2\x80\x98\x1b[01m\x1b[KParameterT\x1b[m\x1b[K\xe2\x80\x99\n'}
[6.642445] (ydlidar_ros2_driver) StderrLine: {'line': b'   56 |   \x1b[01;36m\x1b[Knode->declare_parameter("frame_id")\x1b[m\x1b[K;\n'}
[6.642560] (ydlidar_ros2_driver) StderrLine: {'line': b'      |   \x1b[01;36m\x1b[K~~~~~~~~~~~~~~~~~~~~~~~^~~~~~~~~~~~\x1b[m\x1b[K\n'}
[6.642674] (ydlidar_ros2_driver) StderrLine: {'line': b'In file included from \x1b[01m\x1b[K/opt/ros/humble/include/rclcpp/rclcpp/executors/single_threaded_executor.hpp:28\x1b[m\x1b[K,\n'}
[6.642790] (ydlidar_ros2_driver) StderrLine: {'line': b'                 from \x1b[01m\x1b[K/opt/ros/humble/include/rclcpp/rclcpp/executors.hpp:22\x1b[m\x1b[K,\n'}
[6.642908] (ydlidar_ros2_driver) StderrLine: {'line': b'                 from \x1b[01m\x1b[K/opt/ros/humble/include/rclcpp/rclcpp/rclcpp.hpp:155\x1b[m\x1b[K,\n'}
[6.643024] (ydlidar_ros2_driver) StderrLine: {'line': b'                 from \x1b[01m\x1b[K/home/geonmo/ydlidar_ws/src/ydlidar_ros2_driver/src/ydlidar_ros2_driver_node.cpp:23\x1b[m\x1b[K:\n'}
[6.643142] (ydlidar_ros2_driver) StderrLine: {'line': b'\x1b[01m\x1b[K/opt/ros/humble/include/rclcpp/rclcpp/node.hpp:366:3:\x1b[m\x1b[K \x1b[01;36m\x1b[Knote: \x1b[m\x1b[Kcandidate: \xe2\x80\x98\x1b[01m\x1b[Kconst rclcpp::ParameterValue& rclcpp::Node::declare_parameter(const string&, const rclcpp::ParameterValue&, const ParameterDescriptor&, bool)\x1b[m\x1b[K\xe2\x80\x99\n'}
[6.643280] (ydlidar_ros2_driver) StderrLine: {'line': b'  366 |   \x1b[01;36m\x1b[Kdeclare_parameter\x1b[m\x1b[K(\n'}
[6.643419] (ydlidar_ros2_driver) StderrLine: {'line': b'      |   \x1b[01;36m\x1b[K^~~~~~~~~~~~~~~~~\x1b[m\x1b[K\n'}
[6.643545] (ydlidar_ros2_driver) StderrLine: {'line': b'\x1b[01m\x1b[K/opt/ros/humble/include/rclcpp/rclcpp/node.hpp:366:3:\x1b[m\x1b[K \x1b[01;36m\x1b[Knote: \x1b[m\x1b[K  candidate expects 4 arguments, 1 provided\n'}
[6.643664] (ydlidar_ros2_driver) StderrLine: {'line': b'\x1b[01m\x1b[K/opt/ros/humble/include/rclcpp/rclcpp/node.hpp:391:3:\x1b[m\x1b[K \x1b[01;36m\x1b[Knote: \x1b[m\x1b[Kcandidate: \xe2\x80\x98\x1b[01m\x1b[Kconst rclcpp::ParameterValue& rclcpp::Node::declare_parameter(const string&, rclcpp::ParameterType, const ParameterDescriptor&, bool)\x1b[m\x1b[K\xe2\x80\x99\n'}
[6.643804] (ydlidar_ros2_driver) StderrLine: {'line': b'  391 |   \x1b[01;36m\x1b[Kdeclare_parameter\x1b[m\x1b[K(\n'}
[6.643921] (ydlidar_ros2_driver) StderrLine: {'line': b'      |   \x1b[01;36m\x1b[K^~~~~~~~~~~~~~~~~\x1b[m\x1b[K\n'}
[6.644036] (ydlidar_ros2_driver) StderrLine: {'line': b'\x1b[01m\x1b[K/opt/ros/humble/include/rclcpp/rclcpp/node.hpp:391:3:\x1b[m\x1b[K \x1b[01;36m\x1b[Knote: \x1b[m\x1b[K  candidate expects 4 arguments, 1 provided\n'}
[6.644152] (ydlidar_ros2_driver) StderrLine: {'line': b'\x1b[01m\x1b[K/home/geonmo/ydlidar_ws/src/ydlidar_ros2_driver/src/ydlidar_ros2_driver_node.cpp:62:26:\x1b[m\x1b[K \x1b[01;31m\x1b[Kerror: \x1b[m\x1b[Kno matching function for call to \xe2\x80\x98\x1b[01m\x1b[Krclcpp::Node::declare_parameter(const char [9])\x1b[m\x1b[K\xe2\x80\x99\n'}
[6.644269] (ydlidar_ros2_driver) StderrLine: {'line': b'   62 |   \x1b[01;31m\x1b[Knode->declare_parameter("baudrate")\x1b[m\x1b[K;\n'}
[6.644384] (ydlidar_ros2_driver) StderrLine: {'line': b'      |   \x1b[01;31m\x1b[K~~~~~~~~~~~~~~~~~~~~~~~^~~~~~~~~~~~\x1b[m\x1b[K\n'}
[6.644498] (ydlidar_ros2_driver) StderrLine: {'line': b'In file included from \x1b[01m\x1b[K/opt/ros/humble/include/rclcpp/rclcpp/executors/single_threaded_executor.hpp:28\x1b[m\x1b[K,\n'}
[6.644614] (ydlidar_ros2_driver) StderrLine: {'line': b'                 from \x1b[01m\x1b[K/opt/ros/humble/include/rclcpp/rclcpp/executors.hpp:22\x1b[m\x1b[K,\n'}
[6.644745] (ydlidar_ros2_driver) StderrLine: {'line': b'                 from \x1b[01m\x1b[K/opt/ros/humble/include/rclcpp/rclcpp/rclcpp.hpp:155\x1b[m\x1b[K,\n'}
[6.644859] (ydlidar_ros2_driver) StderrLine: {'line': b'                 from \x1b[01m\x1b[K/home/geonmo/ydlidar_ws/src/ydlidar_ros2_driver/src/ydlidar_ros2_driver_node.cpp:23\x1b[m\x1b[K:\n'}
[6.644975] (ydlidar_ros2_driver) StderrLine: {'line': b'\x1b[01m\x1b[K/opt/ros/humble/include/rclcpp/rclcpp/node.hpp:421:3:\x1b[m\x1b[K \x1b[01;36m\x1b[Knote: \x1b[m\x1b[Kcandidate: \xe2\x80\x98\x1b[01m\x1b[Ktemplate<class ParameterT> auto rclcpp::Node::declare_parameter(const string&, const ParameterT&, const ParameterDescriptor&, bool)\x1b[m\x1b[K\xe2\x80\x99\n'}
[6.645091] (ydlidar_ros2_driver) StderrLine: {'line': b'  421 |   \x1b[01;36m\x1b[Kdeclare_parameter\x1b[m\x1b[K(\n'}
[6.645204] (ydlidar_ros2_driver) StderrLine: {'line': b'      |   \x1b[01;36m\x1b[K^~~~~~~~~~~~~~~~~\x1b[m\x1b[K\n'}
[6.645317] (ydlidar_ros2_driver) StderrLine: {'line': b'\x1b[01m\x1b[K/opt/ros/humble/include/rclcpp/rclcpp/node.hpp:421:3:\x1b[m\x1b[K \x1b[01;36m\x1b[Knote: \x1b[m\x1b[K  template argument deduction/substitution failed:\n'}
[6.645447] (ydlidar_ros2_driver) StderrLine: {'line': b'\x1b[01m\x1b[K/home/geonmo/ydlidar_ws/src/ydlidar_ros2_driver/src/ydlidar_ros2_driver_node.cpp:62:26:\x1b[m\x1b[K \x1b[01;36m\x1b[Knote: \x1b[m\x1b[K  candidate expects 4 arguments, 1 provided\n'}
[6.645565] (ydlidar_ros2_driver) StderrLine: {'line': b'   62 |   \x1b[01;36m\x1b[Knode->declare_parameter("baudrate")\x1b[m\x1b[K;\n'}
[6.645680] (ydlidar_ros2_driver) StderrLine: {'line': b'      |   \x1b[01;36m\x1b[K~~~~~~~~~~~~~~~~~~~~~~~^~~~~~~~~~~~\x1b[m\x1b[K\n'}
[6.645793] (ydlidar_ros2_driver) StderrLine: {'line': b'In file included from \x1b[01m\x1b[K/opt/ros/humble/include/rclcpp/rclcpp/executors/single_threaded_executor.hpp:28\x1b[m\x1b[K,\n'}
[6.645908] (ydlidar_ros2_driver) StderrLine: {'line': b'                 from \x1b[01m\x1b[K/opt/ros/humble/include/rclcpp/rclcpp/executors.hpp:22\x1b[m\x1b[K,\n'}
[6.646024] (ydlidar_ros2_driver) StderrLine: {'line': b'                 from \x1b[01m\x1b[K/opt/ros/humble/include/rclcpp/rclcpp/rclcpp.hpp:155\x1b[m\x1b[K,\n'}
[6.646140] (ydlidar_ros2_driver) StderrLine: {'line': b'                 from \x1b[01m\x1b[K/home/geonmo/ydlidar_ws/src/ydlidar_ros2_driver/src/ydlidar_ros2_driver_node.cpp:23\x1b[m\x1b[K:\n'}
[6.646260] (ydlidar_ros2_driver) StderrLine: {'line': b'\x1b[01m\x1b[K/opt/ros/humble/include/rclcpp/rclcpp/node.hpp:434:3:\x1b[m\x1b[K \x1b[01;36m\x1b[Knote: \x1b[m\x1b[Kcandidate: \xe2\x80\x98\x1b[01m\x1b[Ktemplate<class ParameterT> auto rclcpp::Node::declare_parameter(const string&, const ParameterDescriptor&, bool)\x1b[m\x1b[K\xe2\x80\x99\n'}
[6.646378] (ydlidar_ros2_driver) StderrLine: {'line': b'  434 |   \x1b[01;36m\x1b[Kdeclare_parameter\x1b[m\x1b[K(\n'}
[6.646493] (ydlidar_ros2_driver) StderrLine: {'line': b'      |   \x1b[01;36m\x1b[K^~~~~~~~~~~~~~~~~\x1b[m\x1b[K\n'}
[6.646607] (ydlidar_ros2_driver) StderrLine: {'line': b'\x1b[01m\x1b[K/opt/ros/humble/include/rclcpp/rclcpp/node.hpp:434:3:\x1b[m\x1b[K \x1b[01;36m\x1b[Knote: \x1b[m\x1b[K  template argument deduction/substitution failed:\n'}
[6.646721] (ydlidar_ros2_driver) StderrLine: {'line': b'\x1b[01m\x1b[K/home/geonmo/ydlidar_ws/src/ydlidar_ros2_driver/src/ydlidar_ros2_driver_node.cpp:62:26:\x1b[m\x1b[K \x1b[01;36m\x1b[Knote: \x1b[m\x1b[K  couldn\xe2\x80\x99t deduce template parameter \xe2\x80\x98\x1b[01m\x1b[KParameterT\x1b[m\x1b[K\xe2\x80\x99\n'}
[6.646837] (ydlidar_ros2_driver) StderrLine: {'line': b'   62 |   \x1b[01;36m\x1b[Knode->declare_parameter("baudrate")\x1b[m\x1b[K;\n'}
[6.646950] (ydlidar_ros2_driver) StderrLine: {'line': b'      |   \x1b[01;36m\x1b[K~~~~~~~~~~~~~~~~~~~~~~~^~~~~~~~~~~~\x1b[m\x1b[K\n'}
[6.647064] (ydlidar_ros2_driver) StderrLine: {'line': b'In file included from \x1b[01m\x1b[K/opt/ros/humble/include/rclcpp/rclcpp/executors/single_threaded_executor.hpp:28\x1b[m\x1b[K,\n'}
[6.647195] (ydlidar_ros2_driver) StderrLine: {'line': b'                 from \x1b[01m\x1b[K/opt/ros/humble/include/rclcpp/rclcpp/executors.hpp:22\x1b[m\x1b[K,\n'}
[6.647311] (ydlidar_ros2_driver) StderrLine: {'line': b'                 from \x1b[01m\x1b[K/opt/ros/humble/include/rclcpp/rclcpp/rclcpp.hpp:155\x1b[m\x1b[K,\n'}
[6.647465] (ydlidar_ros2_driver) StderrLine: {'line': b'                 from \x1b[01m\x1b[K/home/geonmo/ydlidar_ws/src/ydlidar_ros2_driver/src/ydlidar_ros2_driver_node.cpp:23\x1b[m\x1b[K:\n'}
[6.647593] (ydlidar_ros2_driver) StderrLine: {'line': b'\x1b[01m\x1b[K/opt/ros/humble/include/rclcpp/rclcpp/node.hpp:366:3:\x1b[m\x1b[K \x1b[01;36m\x1b[Knote: \x1b[m\x1b[Kcandidate: \xe2\x80\x98\x1b[01m\x1b[Kconst rclcpp::ParameterValue& rclcpp::Node::declare_parameter(const string&, const rclcpp::ParameterValue&, const ParameterDescriptor&, bool)\x1b[m\x1b[K\xe2\x80\x99\n'}
[6.647720] (ydlidar_ros2_driver) StderrLine: {'line': b'  366 |   \x1b[01;36m\x1b[Kdeclare_parameter\x1b[m\x1b[K(\n'}
[6.647837] (ydlidar_ros2_driver) StderrLine: {'line': b'      |   \x1b[01;36m\x1b[K^~~~~~~~~~~~~~~~~\x1b[m\x1b[K\n'}
[6.647952] (ydlidar_ros2_driver) StderrLine: {'line': b'\x1b[01m\x1b[K/opt/ros/humble/include/rclcpp/rclcpp/node.hpp:366:3:\x1b[m\x1b[K \x1b[01;36m\x1b[Knote: \x1b[m\x1b[K  candidate expects 4 arguments, 1 provided\n'}
[6.648069] (ydlidar_ros2_driver) StderrLine: {'line': b'\x1b[01m\x1b[K/opt/ros/humble/include/rclcpp/rclcpp/node.hpp:391:3:\x1b[m\x1b[K \x1b[01;36m\x1b[Knote: \x1b[m\x1b[Kcandidate: \xe2\x80\x98\x1b[01m\x1b[Kconst rclcpp::ParameterValue& rclcpp::Node::declare_parameter(const string&, rclcpp::ParameterType, const ParameterDescriptor&, bool)\x1b[m\x1b[K\xe2\x80\x99\n'}
[6.648205] (ydlidar_ros2_driver) StderrLine: {'line': b'  391 |   \x1b[01;36m\x1b[Kdeclare_parameter\x1b[m\x1b[K(\n'}
[6.648319] (ydlidar_ros2_driver) StderrLine: {'line': b'      |   \x1b[01;36m\x1b[K^~~~~~~~~~~~~~~~~\x1b[m\x1b[K\n'}
[6.648433] (ydlidar_ros2_driver) StderrLine: {'line': b'\x1b[01m\x1b[K/opt/ros/humble/include/rclcpp/rclcpp/node.hpp:391:3:\x1b[m\x1b[K \x1b[01;36m\x1b[Knote: \x1b[m\x1b[K  candidate expects 4 arguments, 1 provided\n'}
[6.648549] (ydlidar_ros2_driver) StderrLine: {'line': b'\x1b[01m\x1b[K/home/geonmo/ydlidar_ws/src/ydlidar_ros2_driver/src/ydlidar_ros2_driver_node.cpp:67:26:\x1b[m\x1b[K \x1b[01;31m\x1b[Kerror: \x1b[m\x1b[Kno matching function for call to \xe2\x80\x98\x1b[01m\x1b[Krclcpp::Node::declare_parameter(const char [11])\x1b[m\x1b[K\xe2\x80\x99\n'}
[6.648669] (ydlidar_ros2_driver) StderrLine: {'line': b'   67 |   \x1b[01;31m\x1b[Knode->declare_parameter("lidar_type")\x1b[m\x1b[K;\n'}
[6.648784] (ydlidar_ros2_driver) StderrLine: {'line': b'      |   \x1b[01;31m\x1b[K~~~~~~~~~~~~~~~~~~~~~~~^~~~~~~~~~~~~~\x1b[m\x1b[K\n'}
[6.648899] (ydlidar_ros2_driver) StderrLine: {'line': b'In file included from \x1b[01m\x1b[K/opt/ros/humble/include/rclcpp/rclcpp/executors/single_threaded_executor.hpp:28\x1b[m\x1b[K,\n'}
[6.649013] (ydlidar_ros2_driver) StderrLine: {'line': b'                 from \x1b[01m\x1b[K/opt/ros/humble/include/rclcpp/rclcpp/executors.hpp:22\x1b[m\x1b[K,\n'}
[6.649127] (ydlidar_ros2_driver) StderrLine: {'line': b'                 from \x1b[01m\x1b[K/opt/ros/humble/include/rclcpp/rclcpp/rclcpp.hpp:155\x1b[m\x1b[K,\n'}
[6.649241] (ydlidar_ros2_driver) StderrLine: {'line': b'                 from \x1b[01m\x1b[K/home/geonmo/ydlidar_ws/src/ydlidar_ros2_driver/src/ydlidar_ros2_driver_node.cpp:23\x1b[m\x1b[K:\n'}
[6.649356] (ydlidar_ros2_driver) StderrLine: {'line': b'\x1b[01m\x1b[K/opt/ros/humble/include/rclcpp/rclcpp/node.hpp:421:3:\x1b[m\x1b[K \x1b[01;36m\x1b[Knote: \x1b[m\x1b[Kcandidate: \xe2\x80\x98\x1b[01m\x1b[Ktemplate<class ParameterT> auto rclcpp::Node::declare_parameter(const string&, const ParameterT&, const ParameterDescriptor&, bool)\x1b[m\x1b[K\xe2\x80\x99\n'}
[6.649474] (ydlidar_ros2_driver) StderrLine: {'line': b'  421 |   \x1b[01;36m\x1b[Kdeclare_parameter\x1b[m\x1b[K(\n'}
[6.649587] (ydlidar_ros2_driver) StderrLine: {'line': b'      |   \x1b[01;36m\x1b[K^~~~~~~~~~~~~~~~~\x1b[m\x1b[K\n'}
[6.649716] (ydlidar_ros2_driver) StderrLine: {'line': b'\x1b[01m\x1b[K/opt/ros/humble/include/rclcpp/rclcpp/node.hpp:421:3:\x1b[m\x1b[K \x1b[01;36m\x1b[Knote: \x1b[m\x1b[K  template argument deduction/substitution failed:\n'}
[6.649847] (ydlidar_ros2_driver) StderrLine: {'line': b'\x1b[01m\x1b[K/home/geonmo/ydlidar_ws/src/ydlidar_ros2_driver/src/ydlidar_ros2_driver_node.cpp:67:26:\x1b[m\x1b[K \x1b[01;36m\x1b[Knote: \x1b[m\x1b[K  candidate expects 4 arguments, 1 provided\n'}
[6.649966] (ydlidar_ros2_driver) StderrLine: {'line': b'   67 |   \x1b[01;36m\x1b[Knode->declare_parameter("lidar_type")\x1b[m\x1b[K;\n'}
[6.650081] (ydlidar_ros2_driver) StderrLine: {'line': b'      |   \x1b[01;36m\x1b[K~~~~~~~~~~~~~~~~~~~~~~~^~~~~~~~~~~~~~\x1b[m\x1b[K\n'}
[6.650195] (ydlidar_ros2_driver) StderrLine: {'line': b'In file included from \x1b[01m\x1b[K/opt/ros/humble/include/rclcpp/rclcpp/executors/single_threaded_executor.hpp:28\x1b[m\x1b[K,\n'}
[6.650308] (ydlidar_ros2_driver) StderrLine: {'line': b'                 from \x1b[01m\x1b[K/opt/ros/humble/include/rclcpp/rclcpp/executors.hpp:22\x1b[m\x1b[K,\n'}
[6.650422] (ydlidar_ros2_driver) StderrLine: {'line': b'                 from \x1b[01m\x1b[K/opt/ros/humble/include/rclcpp/rclcpp/rclcpp.hpp:155\x1b[m\x1b[K,\n'}
[6.650536] (ydlidar_ros2_driver) StderrLine: {'line': b'                 from \x1b[01m\x1b[K/home/geonmo/ydlidar_ws/src/ydlidar_ros2_driver/src/ydlidar_ros2_driver_node.cpp:23\x1b[m\x1b[K:\n'}
[6.650650] (ydlidar_ros2_driver) StderrLine: {'line': b'\x1b[01m\x1b[K/opt/ros/humble/include/rclcpp/rclcpp/node.hpp:434:3:\x1b[m\x1b[K \x1b[01;36m\x1b[Knote: \x1b[m\x1b[Kcandidate: \xe2\x80\x98\x1b[01m\x1b[Ktemplate<class ParameterT> auto rclcpp::Node::declare_parameter(const string&, const ParameterDescriptor&, bool)\x1b[m\x1b[K\xe2\x80\x99\n'}
[6.650768] (ydlidar_ros2_driver) StderrLine: {'line': b'  434 |   \x1b[01;36m\x1b[Kdeclare_parameter\x1b[m\x1b[K(\n'}
[6.650880] (ydlidar_ros2_driver) StderrLine: {'line': b'      |   \x1b[01;36m\x1b[K^~~~~~~~~~~~~~~~~\x1b[m\x1b[K\n'}
[6.650992] (ydlidar_ros2_driver) StderrLine: {'line': b'\x1b[01m\x1b[K/opt/ros/humble/include/rclcpp/rclcpp/node.hpp:434:3:\x1b[m\x1b[K \x1b[01;36m\x1b[Knote: \x1b[m\x1b[K  template argument deduction/substitution failed:\n'}
[6.651106] (ydlidar_ros2_driver) StderrLine: {'line': b'\x1b[01m\x1b[K/home/geonmo/ydlidar_ws/src/ydlidar_ros2_driver/src/ydlidar_ros2_driver_node.cpp:67:26:\x1b[m\x1b[K \x1b[01;36m\x1b[Knote: \x1b[m\x1b[K  couldn\xe2\x80\x99t deduce template parameter \xe2\x80\x98\x1b[01m\x1b[KParameterT\x1b[m\x1b[K\xe2\x80\x99\n'}
[6.651222] (ydlidar_ros2_driver) StderrLine: {'line': b'   67 |   \x1b[01;36m\x1b[Knode->declare_parameter("lidar_type")\x1b[m\x1b[K;\n'}
[6.651349] (ydlidar_ros2_driver) StderrLine: {'line': b'      |   \x1b[01;36m\x1b[K~~~~~~~~~~~~~~~~~~~~~~~^~~~~~~~~~~~~~\x1b[m\x1b[K\n'}
[6.651496] (ydlidar_ros2_driver) StderrLine: {'line': b'In file included from \x1b[01m\x1b[K/opt/ros/humble/include/rclcpp/rclcpp/executors/single_threaded_executor.hpp:28\x1b[m\x1b[K,\n'}
[6.651616] (ydlidar_ros2_driver) StderrLine: {'line': b'                 from \x1b[01m\x1b[K/opt/ros/humble/include/rclcpp/rclcpp/executors.hpp:22\x1b[m\x1b[K,\n'}
[6.651732] (ydlidar_ros2_driver) StderrLine: {'line': b'                 from \x1b[01m\x1b[K/opt/ros/humble/include/rclcpp/rclcpp/rclcpp.hpp:155\x1b[m\x1b[K,\n'}
[6.651845] (ydlidar_ros2_driver) StderrLine: {'line': b'                 from \x1b[01m\x1b[K/home/geonmo/ydlidar_ws/src/ydlidar_ros2_driver/src/ydlidar_ros2_driver_node.cpp:23\x1b[m\x1b[K:\n'}
[6.651961] (ydlidar_ros2_driver) StderrLine: {'line': b'\x1b[01m\x1b[K/opt/ros/humble/include/rclcpp/rclcpp/node.hpp:366:3:\x1b[m\x1b[K \x1b[01;36m\x1b[Knote: \x1b[m\x1b[Kcandidate: \xe2\x80\x98\x1b[01m\x1b[Kconst rclcpp::ParameterValue& rclcpp::Node::declare_parameter(const string&, const rclcpp::ParameterValue&, const ParameterDescriptor&, bool)\x1b[m\x1b[K\xe2\x80\x99\n'}
[6.652082] (ydlidar_ros2_driver) StderrLine: {'line': b'  366 |   \x1b[01;36m\x1b[Kdeclare_parameter\x1b[m\x1b[K(\n'}
[6.652218] (ydlidar_ros2_driver) StderrLine: {'line': b'      |   \x1b[01;36m\x1b[K^~~~~~~~~~~~~~~~~\x1b[m\x1b[K\n'}
[6.652335] (ydlidar_ros2_driver) StderrLine: {'line': b'\x1b[01m\x1b[K/opt/ros/humble/include/rclcpp/rclcpp/node.hpp:366:3:\x1b[m\x1b[K \x1b[01;36m\x1b[Knote: \x1b[m\x1b[K  candidate expects 4 arguments, 1 provided\n'}
[6.652452] (ydlidar_ros2_driver) StderrLine: {'line': b'\x1b[01m\x1b[K/opt/ros/humble/include/rclcpp/rclcpp/node.hpp:391:3:\x1b[m\x1b[K \x1b[01;36m\x1b[Knote: \x1b[m\x1b[Kcandidate: \xe2\x80\x98\x1b[01m\x1b[Kconst rclcpp::ParameterValue& rclcpp::Node::declare_parameter(const string&, rclcpp::ParameterType, const ParameterDescriptor&, bool)\x1b[m\x1b[K\xe2\x80\x99\n'}
[6.652590] (ydlidar_ros2_driver) StderrLine: {'line': b'  391 |   \x1b[01;36m\x1b[Kdeclare_parameter\x1b[m\x1b[K(\n'}
[6.652704] (ydlidar_ros2_driver) StderrLine: {'line': b'      |   \x1b[01;36m\x1b[K^~~~~~~~~~~~~~~~~\x1b[m\x1b[K\n'}
[6.652817] (ydlidar_ros2_driver) StderrLine: {'line': b'\x1b[01m\x1b[K/opt/ros/humble/include/rclcpp/rclcpp/node.hpp:391:3:\x1b[m\x1b[K \x1b[01;36m\x1b[Knote: \x1b[m\x1b[K  candidate expects 4 arguments, 1 provided\n'}
[6.652934] (ydlidar_ros2_driver) StderrLine: {'line': b'\x1b[01m\x1b[K/home/geonmo/ydlidar_ws/src/ydlidar_ros2_driver/src/ydlidar_ros2_driver_node.cpp:72:26:\x1b[m\x1b[K \x1b[01;31m\x1b[Kerror: \x1b[m\x1b[Kno matching function for call to \xe2\x80\x98\x1b[01m\x1b[Krclcpp::Node::declare_parameter(const char [12])\x1b[m\x1b[K\xe2\x80\x99\n'}
[6.653051] (ydlidar_ros2_driver) StderrLine: {'line': b'   72 |   \x1b[01;31m\x1b[Knode->declare_parameter("device_type")\x1b[m\x1b[K;\n'}
[6.653164] (ydlidar_ros2_driver) StderrLine: {'line': b'      |   \x1b[01;31m\x1b[K~~~~~~~~~~~~~~~~~~~~~~~^~~~~~~~~~~~~~~\x1b[m\x1b[K\n'}
[6.653277] (ydlidar_ros2_driver) StderrLine: {'line': b'In file included from \x1b[01m\x1b[K/opt/ros/humble/include/rclcpp/rclcpp/executors/single_threaded_executor.hpp:28\x1b[m\x1b[K,\n'}
[6.653391] (ydlidar_ros2_driver) StderrLine: {'line': b'                 from \x1b[01m\x1b[K/opt/ros/humble/include/rclcpp/rclcpp/executors.hpp:22\x1b[m\x1b[K,\n'}
[6.653506] (ydlidar_ros2_driver) StderrLine: {'line': b'                 from \x1b[01m\x1b[K/opt/ros/humble/include/rclcpp/rclcpp/rclcpp.hpp:155\x1b[m\x1b[K,\n'}
[6.653620] (ydlidar_ros2_driver) StderrLine: {'line': b'                 from \x1b[01m\x1b[K/home/geonmo/ydlidar_ws/src/ydlidar_ros2_driver/src/ydlidar_ros2_driver_node.cpp:23\x1b[m\x1b[K:\n'}
[6.653734] (ydlidar_ros2_driver) StderrLine: {'line': b'\x1b[01m\x1b[K/opt/ros/humble/include/rclcpp/rclcpp/node.hpp:421:3:\x1b[m\x1b[K \x1b[01;36m\x1b[Knote: \x1b[m\x1b[Kcandidate: \xe2\x80\x98\x1b[01m\x1b[Ktemplate<class ParameterT> auto rclcpp::Node::declare_parameter(const string&, const ParameterT&, const ParameterDescriptor&, bool)\x1b[m\x1b[K\xe2\x80\x99\n'}
[6.653850] (ydlidar_ros2_driver) StderrLine: {'line': b'  421 |   \x1b[01;36m\x1b[Kdeclare_parameter\x1b[m\x1b[K(\n'}
[6.653962] (ydlidar_ros2_driver) StderrLine: {'line': b'      |   \x1b[01;36m\x1b[K^~~~~~~~~~~~~~~~~\x1b[m\x1b[K\n'}
[6.654091] (ydlidar_ros2_driver) StderrLine: {'line': b'\x1b[01m\x1b[K/opt/ros/humble/include/rclcpp/rclcpp/node.hpp:421:3:\x1b[m\x1b[K \x1b[01;36m\x1b[Knote: \x1b[m\x1b[K  template argument deduction/substitution failed:\n'}
[6.654206] (ydlidar_ros2_driver) StderrLine: {'line': b'\x1b[01m\x1b[K/home/geonmo/ydlidar_ws/src/ydlidar_ros2_driver/src/ydlidar_ros2_driver_node.cpp:72:26:\x1b[m\x1b[K \x1b[01;36m\x1b[Knote: \x1b[m\x1b[K  candidate expects 4 arguments, 1 provided\n'}
[6.654321] (ydlidar_ros2_driver) StderrLine: {'line': b'   72 |   \x1b[01;36m\x1b[Knode->declare_parameter("device_type")\x1b[m\x1b[K;\n'}
[6.654437] (ydlidar_ros2_driver) StderrLine: {'line': b'      |   \x1b[01;36m\x1b[K~~~~~~~~~~~~~~~~~~~~~~~^~~~~~~~~~~~~~~\x1b[m\x1b[K\n'}
[6.654551] (ydlidar_ros2_driver) StderrLine: {'line': b'In file included from \x1b[01m\x1b[K/opt/ros/humble/include/rclcpp/rclcpp/executors/single_threaded_executor.hpp:28\x1b[m\x1b[K,\n'}
[6.654669] (ydlidar_ros2_driver) StderrLine: {'line': b'                 from \x1b[01m\x1b[K/opt/ros/humble/include/rclcpp/rclcpp/executors.hpp:22\x1b[m\x1b[K,\n'}
[6.654801] (ydlidar_ros2_driver) StderrLine: {'line': b'                 from \x1b[01m\x1b[K/opt/ros/humble/include/rclcpp/rclcpp/rclcpp.hpp:155\x1b[m\x1b[K,\n'}
[6.654916] (ydlidar_ros2_driver) StderrLine: {'line': b'                 from \x1b[01m\x1b[K/home/geonmo/ydlidar_ws/src/ydlidar_ros2_driver/src/ydlidar_ros2_driver_node.cpp:23\x1b[m\x1b[K:\n'}
[6.655032] (ydlidar_ros2_driver) StderrLine: {'line': b'\x1b[01m\x1b[K/opt/ros/humble/include/rclcpp/rclcpp/node.hpp:434:3:\x1b[m\x1b[K \x1b[01;36m\x1b[Knote: \x1b[m\x1b[Kcandidate: \xe2\x80\x98\x1b[01m\x1b[Ktemplate<class ParameterT> auto rclcpp::Node::declare_parameter(const string&, const ParameterDescriptor&, bool)\x1b[m\x1b[K\xe2\x80\x99\n'}
[6.655151] (ydlidar_ros2_driver) StderrLine: {'line': b'  434 |   \x1b[01;36m\x1b[Kdeclare_parameter\x1b[m\x1b[K(\n'}
[6.655278] (ydlidar_ros2_driver) StderrLine: {'line': b'      |   \x1b[01;36m\x1b[K^~~~~~~~~~~~~~~~~\x1b[m\x1b[K\n'}
[6.655413] (ydlidar_ros2_driver) StderrLine: {'line': b'\x1b[01m\x1b[K/opt/ros/humble/include/rclcpp/rclcpp/node.hpp:434:3:\x1b[m\x1b[K \x1b[01;36m\x1b[Knote: \x1b[m\x1b[K  template argument deduction/substitution failed:\n'}
[6.655548] (ydlidar_ros2_driver) StderrLine: {'line': b'\x1b[01m\x1b[K/home/geonmo/ydlidar_ws/src/ydlidar_ros2_driver/src/ydlidar_ros2_driver_node.cpp:72:26:\x1b[m\x1b[K \x1b[01;36m\x1b[Knote: \x1b[m\x1b[K  couldn\xe2\x80\x99t deduce template parameter \xe2\x80\x98\x1b[01m\x1b[KParameterT\x1b[m\x1b[K\xe2\x80\x99\n'}
[6.655667] (ydlidar_ros2_driver) StderrLine: {'line': b'   72 |   \x1b[01;36m\x1b[Knode->declare_parameter("device_type")\x1b[m\x1b[K;\n'}
[6.655783] (ydlidar_ros2_driver) StderrLine: {'line': b'      |   \x1b[01;36m\x1b[K~~~~~~~~~~~~~~~~~~~~~~~^~~~~~~~~~~~~~~\x1b[m\x1b[K\n'}
[6.655896] (ydlidar_ros2_driver) StderrLine: {'line': b'In file included from \x1b[01m\x1b[K/opt/ros/humble/include/rclcpp/rclcpp/executors/single_threaded_executor.hpp:28\x1b[m\x1b[K,\n'}
[6.656009] (ydlidar_ros2_driver) StderrLine: {'line': b'                 from \x1b[01m\x1b[K/opt/ros/humble/include/rclcpp/rclcpp/executors.hpp:22\x1b[m\x1b[K,\n'}
[6.656123] (ydlidar_ros2_driver) StderrLine: {'line': b'                 from \x1b[01m\x1b[K/opt/ros/humble/include/rclcpp/rclcpp/rclcpp.hpp:155\x1b[m\x1b[K,\n'}
[6.656237] (ydlidar_ros2_driver) StderrLine: {'line': b'                 from \x1b[01m\x1b[K/home/geonmo/ydlidar_ws/src/ydlidar_ros2_driver/src/ydlidar_ros2_driver_node.cpp:23\x1b[m\x1b[K:\n'}
[6.656352] (ydlidar_ros2_driver) StderrLine: {'line': b'\x1b[01m\x1b[K/opt/ros/humble/include/rclcpp/rclcpp/node.hpp:366:3:\x1b[m\x1b[K \x1b[01;36m\x1b[Knote: \x1b[m\x1b[Kcandidate: \xe2\x80\x98\x1b[01m\x1b[Kconst rclcpp::ParameterValue& rclcpp::Node::declare_parameter(const string&, const rclcpp::ParameterValue&, const ParameterDescriptor&, bool)\x1b[m\x1b[K\xe2\x80\x99\n'}
[6.656472] (ydlidar_ros2_driver) StderrLine: {'line': b'  366 |   \x1b[01;36m\x1b[Kdeclare_parameter\x1b[m\x1b[K(\n'}
[6.656586] (ydlidar_ros2_driver) StderrLine: {'line': b'      |   \x1b[01;36m\x1b[K^~~~~~~~~~~~~~~~~\x1b[m\x1b[K\n'}
[6.656698] (ydlidar_ros2_driver) StderrLine: {'line': b'\x1b[01m\x1b[K/opt/ros/humble/include/rclcpp/rclcpp/node.hpp:366:3:\x1b[m\x1b[K \x1b[01;36m\x1b[Knote: \x1b[m\x1b[K  candidate expects 4 arguments, 1 provided\n'}
[6.656830] (ydlidar_ros2_driver) StderrLine: {'line': b'\x1b[01m\x1b[K/opt/ros/humble/include/rclcpp/rclcpp/node.hpp:391:3:\x1b[m\x1b[K \x1b[01;36m\x1b[Knote: \x1b[m\x1b[Kcandidate: \xe2\x80\x98\x1b[01m\x1b[Kconst rclcpp::ParameterValue& rclcpp::Node::declare_parameter(const string&, rclcpp::ParameterType, const ParameterDescriptor&, bool)\x1b[m\x1b[K\xe2\x80\x99\n'}
[6.656949] (ydlidar_ros2_driver) StderrLine: {'line': b'  391 |   \x1b[01;36m\x1b[Kdeclare_parameter\x1b[m\x1b[K(\n'}
[6.657063] (ydlidar_ros2_driver) StderrLine: {'line': b'      |   \x1b[01;36m\x1b[K^~~~~~~~~~~~~~~~~\x1b[m\x1b[K\n'}
[6.657175] (ydlidar_ros2_driver) StderrLine: {'line': b'\x1b[01m\x1b[K/opt/ros/humble/include/rclcpp/rclcpp/node.hpp:391:3:\x1b[m\x1b[K \x1b[01;36m\x1b[Knote: \x1b[m\x1b[K  candidate expects 4 arguments, 1 provided\n'}
[6.657307] (ydlidar_ros2_driver) StderrLine: {'line': b'\x1b[01m\x1b[K/home/geonmo/ydlidar_ws/src/ydlidar_ros2_driver/src/ydlidar_ros2_driver_node.cpp:77:26:\x1b[m\x1b[K \x1b[01;31m\x1b[Kerror: \x1b[m\x1b[Kno matching function for call to \xe2\x80\x98\x1b[01m\x1b[Krclcpp::Node::declare_parameter(const char [12])\x1b[m\x1b[K\xe2\x80\x99\n'}
[6.657426] (ydlidar_ros2_driver) StderrLine: {'line': b'   77 |   \x1b[01;31m\x1b[Knode->declare_parameter("sample_rate")\x1b[m\x1b[K;\n'}
[6.657541] (ydlidar_ros2_driver) StderrLine: {'line': b'      |   \x1b[01;31m\x1b[K~~~~~~~~~~~~~~~~~~~~~~~^~~~~~~~~~~~~~~\x1b[m\x1b[K\n'}
[6.657655] (ydlidar_ros2_driver) StderrLine: {'line': b'In file included from \x1b[01m\x1b[K/opt/ros/humble/include/rclcpp/rclcpp/executors/single_threaded_executor.hpp:28\x1b[m\x1b[K,\n'}
[6.657769] (ydlidar_ros2_driver) StderrLine: {'line': b'                 from \x1b[01m\x1b[K/opt/ros/humble/include/rclcpp/rclcpp/executors.hpp:22\x1b[m\x1b[K,\n'}
[6.657883] (ydlidar_ros2_driver) StderrLine: {'line': b'                 from \x1b[01m\x1b[K/opt/ros/humble/include/rclcpp/rclcpp/rclcpp.hpp:155\x1b[m\x1b[K,\n'}
[6.657996] (ydlidar_ros2_driver) StderrLine: {'line': b'                 from \x1b[01m\x1b[K/home/geonmo/ydlidar_ws/src/ydlidar_ros2_driver/src/ydlidar_ros2_driver_node.cpp:23\x1b[m\x1b[K:\n'}
[6.658112] (ydlidar_ros2_driver) StderrLine: {'line': b'\x1b[01m\x1b[K/opt/ros/humble/include/rclcpp/rclcpp/node.hpp:421:3:\x1b[m\x1b[K \x1b[01;36m\x1b[Knote: \x1b[m\x1b[Kcandidate: \xe2\x80\x98\x1b[01m\x1b[Ktemplate<class ParameterT> auto rclcpp::Node::declare_parameter(const string&, const ParameterT&, const ParameterDescriptor&, bool)\x1b[m\x1b[K\xe2\x80\x99\n'}
[6.658244] (ydlidar_ros2_driver) StderrLine: {'line': b'  421 |   \x1b[01;36m\x1b[Kdeclare_parameter\x1b[m\x1b[K(\n'}
[6.658559] (ydlidar_ros2_driver) StderrLine: {'line': b'      |   \x1b[01;36m\x1b[K^~~~~~~~~~~~~~~~~\x1b[m\x1b[K\n'}
[6.658693] (ydlidar_ros2_driver) StderrLine: {'line': b'\x1b[01m\x1b[K/opt/ros/humble/include/rclcpp/rclcpp/node.hpp:421:3:\x1b[m\x1b[K \x1b[01;36m\x1b[Knote: \x1b[m\x1b[K  template argument deduction/substitution failed:\n'}
[6.658815] (ydlidar_ros2_driver) StderrLine: {'line': b'\x1b[01m\x1b[K/home/geonmo/ydlidar_ws/src/ydlidar_ros2_driver/src/ydlidar_ros2_driver_node.cpp:77:26:\x1b[m\x1b[K \x1b[01;36m\x1b[Knote: \x1b[m\x1b[K  candidate expects 4 arguments, 1 provided\n'}
[6.658935] (ydlidar_ros2_driver) StderrLine: {'line': b'   77 |   \x1b[01;36m\x1b[Knode->declare_parameter("sample_rate")\x1b[m\x1b[K;\n'}
[6.659051] (ydlidar_ros2_driver) StderrLine: {'line': b'      |   \x1b[01;36m\x1b[K~~~~~~~~~~~~~~~~~~~~~~~^~~~~~~~~~~~~~~\x1b[m\x1b[K\n'}
[6.659165] (ydlidar_ros2_driver) StderrLine: {'line': b'In file included from \x1b[01m\x1b[K/opt/ros/humble/include/rclcpp/rclcpp/executors/single_threaded_executor.hpp:28\x1b[m\x1b[K,\n'}
[6.659281] (ydlidar_ros2_driver) StderrLine: {'line': b'                 from \x1b[01m\x1b[K/opt/ros/humble/include/rclcpp/rclcpp/executors.hpp:22\x1b[m\x1b[K,\n'}
[6.659418] (ydlidar_ros2_driver) StderrLine: {'line': b'                 from \x1b[01m\x1b[K/opt/ros/humble/include/rclcpp/rclcpp/rclcpp.hpp:155\x1b[m\x1b[K,\n'}
[6.659546] (ydlidar_ros2_driver) StderrLine: {'line': b'                 from \x1b[01m\x1b[K/home/geonmo/ydlidar_ws/src/ydlidar_ros2_driver/src/ydlidar_ros2_driver_node.cpp:23\x1b[m\x1b[K:\n'}
[6.659681] (ydlidar_ros2_driver) StderrLine: {'line': b'\x1b[01m\x1b[K/opt/ros/humble/include/rclcpp/rclcpp/node.hpp:434:3:\x1b[m\x1b[K \x1b[01;36m\x1b[Knote: \x1b[m\x1b[Kcandidate: \xe2\x80\x98\x1b[01m\x1b[Ktemplate<class ParameterT> auto rclcpp::Node::declare_parameter(const string&, const ParameterDescriptor&, bool)\x1b[m\x1b[K\xe2\x80\x99\n'}
[6.659807] (ydlidar_ros2_driver) StderrLine: {'line': b'  434 |   \x1b[01;36m\x1b[Kdeclare_parameter\x1b[m\x1b[K(\n'}
[6.659923] (ydlidar_ros2_driver) StderrLine: {'line': b'      |   \x1b[01;36m\x1b[K^~~~~~~~~~~~~~~~~\x1b[m\x1b[K\n'}
[6.660051] (ydlidar_ros2_driver) StderrLine: {'line': b'\x1b[01m\x1b[K/opt/ros/humble/include/rclcpp/rclcpp/node.hpp:434:3:\x1b[m\x1b[K \x1b[01;36m\x1b[Knote: \x1b[m\x1b[K  template argument deduction/substitution failed:\n'}
[6.660168] (ydlidar_ros2_driver) StderrLine: {'line': b'\x1b[01m\x1b[K/home/geonmo/ydlidar_ws/src/ydlidar_ros2_driver/src/ydlidar_ros2_driver_node.cpp:77:26:\x1b[m\x1b[K \x1b[01;36m\x1b[Knote: \x1b[m\x1b[K  couldn\xe2\x80\x99t deduce template parameter \xe2\x80\x98\x1b[01m\x1b[KParameterT\x1b[m\x1b[K\xe2\x80\x99\n'}
[6.660285] (ydlidar_ros2_driver) StderrLine: {'line': b'   77 |   \x1b[01;36m\x1b[Knode->declare_parameter("sample_rate")\x1b[m\x1b[K;\n'}
[6.660398] (ydlidar_ros2_driver) StderrLine: {'line': b'      |   \x1b[01;36m\x1b[K~~~~~~~~~~~~~~~~~~~~~~~^~~~~~~~~~~~~~~\x1b[m\x1b[K\n'}
[6.660512] (ydlidar_ros2_driver) StderrLine: {'line': b'In file included from \x1b[01m\x1b[K/opt/ros/humble/include/rclcpp/rclcpp/executors/single_threaded_executor.hpp:28\x1b[m\x1b[K,\n'}
[6.660625] (ydlidar_ros2_driver) StderrLine: {'line': b'                 from \x1b[01m\x1b[K/opt/ros/humble/include/rclcpp/rclcpp/executors.hpp:22\x1b[m\x1b[K,\n'}
[6.660739] (ydlidar_ros2_driver) StderrLine: {'line': b'                 from \x1b[01m\x1b[K/opt/ros/humble/include/rclcpp/rclcpp/rclcpp.hpp:155\x1b[m\x1b[K,\n'}
[6.660852] (ydlidar_ros2_driver) StderrLine: {'line': b'                 from \x1b[01m\x1b[K/home/geonmo/ydlidar_ws/src/ydlidar_ros2_driver/src/ydlidar_ros2_driver_node.cpp:23\x1b[m\x1b[K:\n'}
[6.660968] (ydlidar_ros2_driver) StderrLine: {'line': b'\x1b[01m\x1b[K/opt/ros/humble/include/rclcpp/rclcpp/node.hpp:366:3:\x1b[m\x1b[K \x1b[01;36m\x1b[Knote: \x1b[m\x1b[Kcandidate: \xe2\x80\x98\x1b[01m\x1b[Kconst rclcpp::ParameterValue& rclcpp::Node::declare_parameter(const string&, const rclcpp::ParameterValue&, const ParameterDescriptor&, bool)\x1b[m\x1b[K\xe2\x80\x99\n'}
[6.661089] (ydlidar_ros2_driver) StderrLine: {'line': b'  366 |   \x1b[01;36m\x1b[Kdeclare_parameter\x1b[m\x1b[K(\n'}
[6.661203] (ydlidar_ros2_driver) StderrLine: {'line': b'      |   \x1b[01;36m\x1b[K^~~~~~~~~~~~~~~~~\x1b[m\x1b[K\n'}
[6.661333] (ydlidar_ros2_driver) StderrLine: {'line': b'\x1b[01m\x1b[K/opt/ros/humble/include/rclcpp/rclcpp/node.hpp:366:3:\x1b[m\x1b[K \x1b[01;36m\x1b[Knote: \x1b[m\x1b[K  candidate expects 4 arguments, 1 provided\n'}
[6.661449] (ydlidar_ros2_driver) StderrLine: {'line': b'\x1b[01m\x1b[K/opt/ros/humble/include/rclcpp/rclcpp/node.hpp:391:3:\x1b[m\x1b[K \x1b[01;36m\x1b[Knote: \x1b[m\x1b[Kcandidate: \xe2\x80\x98\x1b[01m\x1b[Kconst rclcpp::ParameterValue& rclcpp::Node::declare_parameter(const string&, rclcpp::ParameterType, const ParameterDescriptor&, bool)\x1b[m\x1b[K\xe2\x80\x99\n'}
[6.661567] (ydlidar_ros2_driver) StderrLine: {'line': b'  391 |   \x1b[01;36m\x1b[Kdeclare_parameter\x1b[m\x1b[K(\n'}
[6.661681] (ydlidar_ros2_driver) StderrLine: {'line': b'      |   \x1b[01;36m\x1b[K^~~~~~~~~~~~~~~~~\x1b[m\x1b[K\n'}
[6.661795] (ydlidar_ros2_driver) StderrLine: {'line': b'\x1b[01m\x1b[K/opt/ros/humble/include/rclcpp/rclcpp/node.hpp:391:3:\x1b[m\x1b[K \x1b[01;36m\x1b[Knote: \x1b[m\x1b[K  candidate expects 4 arguments, 1 provided\n'}
[6.661912] (ydlidar_ros2_driver) StderrLine: {'line': b'\x1b[01m\x1b[K/home/geonmo/ydlidar_ws/src/ydlidar_ros2_driver/src/ydlidar_ros2_driver_node.cpp:82:26:\x1b[m\x1b[K \x1b[01;31m\x1b[Kerror: \x1b[m\x1b[Kno matching function for call to \xe2\x80\x98\x1b[01m\x1b[Krclcpp::Node::declare_parameter(const char [21])\x1b[m\x1b[K\xe2\x80\x99\n'}
[6.662029] (ydlidar_ros2_driver) StderrLine: {'line': b'   82 |   \x1b[01;31m\x1b[Knode->declare_parameter("abnormal_check_count")\x1b[m\x1b[K;\n'}
[6.662144] (ydlidar_ros2_driver) StderrLine: {'line': b'      |   \x1b[01;31m\x1b[K~~~~~~~~~~~~~~~~~~~~~~~^~~~~~~~~~~~~~~~~~~~~~~~\x1b[m\x1b[K\n'}
[6.662258] (ydlidar_ros2_driver) StderrLine: {'line': b'In file included from \x1b[01m\x1b[K/opt/ros/humble/include/rclcpp/rclcpp/executors/single_threaded_executor.hpp:28\x1b[m\x1b[K,\n'}
[6.662372] (ydlidar_ros2_driver) StderrLine: {'line': b'                 from \x1b[01m\x1b[K/opt/ros/humble/include/rclcpp/rclcpp/executors.hpp:22\x1b[m\x1b[K,\n'}
[6.662500] (ydlidar_ros2_driver) StderrLine: {'line': b'                 from \x1b[01m\x1b[K/opt/ros/humble/include/rclcpp/rclcpp/rclcpp.hpp:155\x1b[m\x1b[K,\n'}
[6.662615] (ydlidar_ros2_driver) StderrLine: {'line': b'                 from \x1b[01m\x1b[K/home/geonmo/ydlidar_ws/src/ydlidar_ros2_driver/src/ydlidar_ros2_driver_node.cpp:23\x1b[m\x1b[K:\n'}
[6.662730] (ydlidar_ros2_driver) StderrLine: {'line': b'\x1b[01m\x1b[K/opt/ros/humble/include/rclcpp/rclcpp/node.hpp:421:3:\x1b[m\x1b[K \x1b[01;36m\x1b[Knote: \x1b[m\x1b[Kcandidate: \xe2\x80\x98\x1b[01m\x1b[Ktemplate<class ParameterT> auto rclcpp::Node::declare_parameter(const string&, const ParameterT&, const ParameterDescriptor&, bool)\x1b[m\x1b[K\xe2\x80\x99\n'}
[6.662863] (ydlidar_ros2_driver) StderrLine: {'line': b'  421 |   \x1b[01;36m\x1b[Kdeclare_parameter\x1b[m\x1b[K(\n'}
[6.662983] (ydlidar_ros2_driver) StderrLine: {'line': b'      |   \x1b[01;36m\x1b[K^~~~~~~~~~~~~~~~~\x1b[m\x1b[K\n'}
[6.663099] (ydlidar_ros2_driver) StderrLine: {'line': b'\x1b[01m\x1b[K/opt/ros/humble/include/rclcpp/rclcpp/node.hpp:421:3:\x1b[m\x1b[K \x1b[01;36m\x1b[Knote: \x1b[m\x1b[K  template argument deduction/substitution failed:\n'}
[6.663214] (ydlidar_ros2_driver) StderrLine: {'line': b'\x1b[01m\x1b[K/home/geonmo/ydlidar_ws/src/ydlidar_ros2_driver/src/ydlidar_ros2_driver_node.cpp:82:26:\x1b[m\x1b[K \x1b[01;36m\x1b[Knote: \x1b[m\x1b[K  candidate expects 4 arguments, 1 provided\n'}
[6.663330] (ydlidar_ros2_driver) StderrLine: {'line': b'   82 |   \x1b[01;36m\x1b[Knode->declare_parameter("abnormal_check_count")\x1b[m\x1b[K;\n'}
[6.663486] (ydlidar_ros2_driver) StderrLine: {'line': b'      |   \x1b[01;36m\x1b[K~~~~~~~~~~~~~~~~~~~~~~~^~~~~~~~~~~~~~~~~~~~~~~~\x1b[m\x1b[K\n'}
[6.663612] (ydlidar_ros2_driver) StderrLine: {'line': b'In file included from \x1b[01m\x1b[K/opt/ros/humble/include/rclcpp/rclcpp/executors/single_threaded_executor.hpp:28\x1b[m\x1b[K,\n'}
[6.663730] (ydlidar_ros2_driver) StderrLine: {'line': b'                 from \x1b[01m\x1b[K/opt/ros/humble/include/rclcpp/rclcpp/executors.hpp:22\x1b[m\x1b[K,\n'}
[6.663847] (ydlidar_ros2_driver) StderrLine: {'line': b'                 from \x1b[01m\x1b[K/opt/ros/humble/include/rclcpp/rclcpp/rclcpp.hpp:155\x1b[m\x1b[K,\n'}
[6.663961] (ydlidar_ros2_driver) StderrLine: {'line': b'                 from \x1b[01m\x1b[K/home/geonmo/ydlidar_ws/src/ydlidar_ros2_driver/src/ydlidar_ros2_driver_node.cpp:23\x1b[m\x1b[K:\n'}
[6.664077] (ydlidar_ros2_driver) StderrLine: {'line': b'\x1b[01m\x1b[K/opt/ros/humble/include/rclcpp/rclcpp/node.hpp:434:3:\x1b[m\x1b[K \x1b[01;36m\x1b[Knote: \x1b[m\x1b[Kcandidate: \xe2\x80\x98\x1b[01m\x1b[Ktemplate<class ParameterT> auto rclcpp::Node::declare_parameter(const string&, const ParameterDescriptor&, bool)\x1b[m\x1b[K\xe2\x80\x99\n'}
[6.664201] (ydlidar_ros2_driver) StderrLine: {'line': b'  434 |   \x1b[01;36m\x1b[Kdeclare_parameter\x1b[m\x1b[K(\n'}
[6.664315] (ydlidar_ros2_driver) StderrLine: {'line': b'      |   \x1b[01;36m\x1b[K^~~~~~~~~~~~~~~~~\x1b[m\x1b[K\n'}
[6.664429] (ydlidar_ros2_driver) StderrLine: {'line': b'\x1b[01m\x1b[K/opt/ros/humble/include/rclcpp/rclcpp/node.hpp:434:3:\x1b[m\x1b[K \x1b[01;36m\x1b[Knote: \x1b[m\x1b[K  template argument deduction/substitution failed:\n'}
[6.664545] (ydlidar_ros2_driver) StderrLine: {'line': b'\x1b[01m\x1b[K/home/geonmo/ydlidar_ws/src/ydlidar_ros2_driver/src/ydlidar_ros2_driver_node.cpp:82:26:\x1b[m\x1b[K \x1b[01;36m\x1b[Knote: \x1b[m\x1b[K  couldn\xe2\x80\x99t deduce template parameter \xe2\x80\x98\x1b[01m\x1b[KParameterT\x1b[m\x1b[K\xe2\x80\x99\n'}
[6.664663] (ydlidar_ros2_driver) StderrLine: {'line': b'   82 |   \x1b[01;36m\x1b[Knode->declare_parameter("abnormal_check_count")\x1b[m\x1b[K;\n'}
[6.664776] (ydlidar_ros2_driver) StderrLine: {'line': b'      |   \x1b[01;36m\x1b[K~~~~~~~~~~~~~~~~~~~~~~~^~~~~~~~~~~~~~~~~~~~~~~~\x1b[m\x1b[K\n'}
[6.664889] (ydlidar_ros2_driver) StderrLine: {'line': b'In file included from \x1b[01m\x1b[K/opt/ros/humble/include/rclcpp/rclcpp/executors/single_threaded_executor.hpp:28\x1b[m\x1b[K,\n'}
[6.665018] (ydlidar_ros2_driver) StderrLine: {'line': b'                 from \x1b[01m\x1b[K/opt/ros/humble/include/rclcpp/rclcpp/executors.hpp:22\x1b[m\x1b[K,\n'}
[6.665134] (ydlidar_ros2_driver) StderrLine: {'line': b'                 from \x1b[01m\x1b[K/opt/ros/humble/include/rclcpp/rclcpp/rclcpp.hpp:155\x1b[m\x1b[K,\n'}
[6.665249] (ydlidar_ros2_driver) StderrLine: {'line': b'                 from \x1b[01m\x1b[K/home/geonmo/ydlidar_ws/src/ydlidar_ros2_driver/src/ydlidar_ros2_driver_node.cpp:23\x1b[m\x1b[K:\n'}
[6.665364] (ydlidar_ros2_driver) StderrLine: {'line': b'\x1b[01m\x1b[K/opt/ros/humble/include/rclcpp/rclcpp/node.hpp:366:3:\x1b[m\x1b[K \x1b[01;36m\x1b[Knote: \x1b[m\x1b[Kcandidate: \xe2\x80\x98\x1b[01m\x1b[Kconst rclcpp::ParameterValue& rclcpp::Node::declare_parameter(const string&, const rclcpp::ParameterValue&, const ParameterDescriptor&, bool)\x1b[m\x1b[K\xe2\x80\x99\n'}
[6.665501] (ydlidar_ros2_driver) StderrLine: {'line': b'  366 |   \x1b[01;36m\x1b[Kdeclare_parameter\x1b[m\x1b[K(\n'}
[6.665615] (ydlidar_ros2_driver) StderrLine: {'line': b'      |   \x1b[01;36m\x1b[K^~~~~~~~~~~~~~~~~\x1b[m\x1b[K\n'}
[6.665729] (ydlidar_ros2_driver) StderrLine: {'line': b'\x1b[01m\x1b[K/opt/ros/humble/include/rclcpp/rclcpp/node.hpp:366:3:\x1b[m\x1b[K \x1b[01;36m\x1b[Knote: \x1b[m\x1b[K  candidate expects 4 arguments, 1 provided\n'}
[6.665842] (ydlidar_ros2_driver) StderrLine: {'line': b'\x1b[01m\x1b[K/opt/ros/humble/include/rclcpp/rclcpp/node.hpp:391:3:\x1b[m\x1b[K \x1b[01;36m\x1b[Knote: \x1b[m\x1b[Kcandidate: \xe2\x80\x98\x1b[01m\x1b[Kconst rclcpp::ParameterValue& rclcpp::Node::declare_parameter(const string&, rclcpp::ParameterType, const ParameterDescriptor&, bool)\x1b[m\x1b[K\xe2\x80\x99\n'}
[6.665959] (ydlidar_ros2_driver) StderrLine: {'line': b'  391 |   \x1b[01;36m\x1b[Kdeclare_parameter\x1b[m\x1b[K(\n'}
[6.666071] (ydlidar_ros2_driver) StderrLine: {'line': b'      |   \x1b[01;36m\x1b[K^~~~~~~~~~~~~~~~~\x1b[m\x1b[K\n'}
[6.666183] (ydlidar_ros2_driver) StderrLine: {'line': b'\x1b[01m\x1b[K/opt/ros/humble/include/rclcpp/rclcpp/node.hpp:391:3:\x1b[m\x1b[K \x1b[01;36m\x1b[Knote: \x1b[m\x1b[K  candidate expects 4 arguments, 1 provided\n'}
[6.666297] (ydlidar_ros2_driver) StderrLine: {'line': b'\x1b[01m\x1b[K/home/geonmo/ydlidar_ws/src/ydlidar_ros2_driver/src/ydlidar_ros2_driver_node.cpp:88:26:\x1b[m\x1b[K \x1b[01;31m\x1b[Kerror: \x1b[m\x1b[Kno matching function for call to \xe2\x80\x98\x1b[01m\x1b[Krclcpp::Node::declare_parameter(const char [14])\x1b[m\x1b[K\xe2\x80\x99\n'}
[6.666415] (ydlidar_ros2_driver) StderrLine: {'line': b'   88 |   \x1b[01;31m\x1b[Knode->declare_parameter("intensity_bit")\x1b[m\x1b[K;\n'}
[6.666529] (ydlidar_ros2_driver) StderrLine: {'line': b'      |   \x1b[01;31m\x1b[K~~~~~~~~~~~~~~~~~~~~~~~^~~~~~~~~~~~~~~~~\x1b[m\x1b[K\n'}
[6.666643] (ydlidar_ros2_driver) StderrLine: {'line': b'In file included from \x1b[01m\x1b[K/opt/ros/humble/include/rclcpp/rclcpp/executors/single_threaded_executor.hpp:28\x1b[m\x1b[K,\n'}
[6.666756] (ydlidar_ros2_driver) StderrLine: {'line': b'                 from \x1b[01m\x1b[K/opt/ros/humble/include/rclcpp/rclcpp/executors.hpp:22\x1b[m\x1b[K,\n'}
[6.666870] (ydlidar_ros2_driver) StderrLine: {'line': b'                 from \x1b[01m\x1b[K/opt/ros/humble/include/rclcpp/rclcpp/rclcpp.hpp:155\x1b[m\x1b[K,\n'}
[6.666983] (ydlidar_ros2_driver) StderrLine: {'line': b'                 from \x1b[01m\x1b[K/home/geonmo/ydlidar_ws/src/ydlidar_ros2_driver/src/ydlidar_ros2_driver_node.cpp:23\x1b[m\x1b[K:\n'}
[6.667101] (ydlidar_ros2_driver) StderrLine: {'line': b'\x1b[01m\x1b[K/opt/ros/humble/include/rclcpp/rclcpp/node.hpp:421:3:\x1b[m\x1b[K \x1b[01;36m\x1b[Knote: \x1b[m\x1b[Kcandidate: \xe2\x80\x98\x1b[01m\x1b[Ktemplate<class ParameterT> auto rclcpp::Node::declare_parameter(const string&, const ParameterT&, const ParameterDescriptor&, bool)\x1b[m\x1b[K\xe2\x80\x99\n'}
[6.667241] (ydlidar_ros2_driver) StderrLine: {'line': b'  421 |   \x1b[01;36m\x1b[Kdeclare_parameter\x1b[m\x1b[K(\n'}
[6.667369] (ydlidar_ros2_driver) StderrLine: {'line': b'      |   \x1b[01;36m\x1b[K^~~~~~~~~~~~~~~~~\x1b[m\x1b[K\n'}
[6.667520] (ydlidar_ros2_driver) StderrLine: {'line': b'\x1b[01m\x1b[K/opt/ros/humble/include/rclcpp/rclcpp/node.hpp:421:3:\x1b[m\x1b[K \x1b[01;36m\x1b[Knote: \x1b[m\x1b[K  template argument deduction/substitution failed:\n'}
[6.667638] (ydlidar_ros2_driver) StderrLine: {'line': b'\x1b[01m\x1b[K/home/geonmo/ydlidar_ws/src/ydlidar_ros2_driver/src/ydlidar_ros2_driver_node.cpp:88:26:\x1b[m\x1b[K \x1b[01;36m\x1b[Knote: \x1b[m\x1b[K  candidate expects 4 arguments, 1 provided\n'}
[6.667755] (ydlidar_ros2_driver) StderrLine: {'line': b'   88 |   \x1b[01;36m\x1b[Knode->declare_parameter("intensity_bit")\x1b[m\x1b[K;\n'}
[6.667869] (ydlidar_ros2_driver) StderrLine: {'line': b'      |   \x1b[01;36m\x1b[K~~~~~~~~~~~~~~~~~~~~~~~^~~~~~~~~~~~~~~~~\x1b[m\x1b[K\n'}
[6.667982] (ydlidar_ros2_driver) StderrLine: {'line': b'In file included from \x1b[01m\x1b[K/opt/ros/humble/include/rclcpp/rclcpp/executors/single_threaded_executor.hpp:28\x1b[m\x1b[K,\n'}
[6.668097] (ydlidar_ros2_driver) StderrLine: {'line': b'                 from \x1b[01m\x1b[K/opt/ros/humble/include/rclcpp/rclcpp/executors.hpp:22\x1b[m\x1b[K,\n'}
[6.668212] (ydlidar_ros2_driver) StderrLine: {'line': b'                 from \x1b[01m\x1b[K/opt/ros/humble/include/rclcpp/rclcpp/rclcpp.hpp:155\x1b[m\x1b[K,\n'}
[6.668325] (ydlidar_ros2_driver) StderrLine: {'line': b'                 from \x1b[01m\x1b[K/home/geonmo/ydlidar_ws/src/ydlidar_ros2_driver/src/ydlidar_ros2_driver_node.cpp:23\x1b[m\x1b[K:\n'}
[6.668439] (ydlidar_ros2_driver) StderrLine: {'line': b'\x1b[01m\x1b[K/opt/ros/humble/include/rclcpp/rclcpp/node.hpp:434:3:\x1b[m\x1b[K \x1b[01;36m\x1b[Knote: \x1b[m\x1b[Kcandidate: \xe2\x80\x98\x1b[01m\x1b[Ktemplate<class ParameterT> auto rclcpp::Node::declare_parameter(const string&, const ParameterDescriptor&, bool)\x1b[m\x1b[K\xe2\x80\x99\n'}
[6.668557] (ydlidar_ros2_driver) StderrLine: {'line': b'  434 |   \x1b[01;36m\x1b[Kdeclare_parameter\x1b[m\x1b[K(\n'}
[6.668671] (ydlidar_ros2_driver) StderrLine: {'line': b'      |   \x1b[01;36m\x1b[K^~~~~~~~~~~~~~~~~\x1b[m\x1b[K\n'}
[6.668785] (ydlidar_ros2_driver) StderrLine: {'line': b'\x1b[01m\x1b[K/opt/ros/humble/include/rclcpp/rclcpp/node.hpp:434:3:\x1b[m\x1b[K \x1b[01;36m\x1b[Knote: \x1b[m\x1b[K  template argument deduction/substitution failed:\n'}
[6.668899] (ydlidar_ros2_driver) StderrLine: {'line': b'\x1b[01m\x1b[K/home/geonmo/ydlidar_ws/src/ydlidar_ros2_driver/src/ydlidar_ros2_driver_node.cpp:88:26:\x1b[m\x1b[K \x1b[01;36m\x1b[Knote: \x1b[m\x1b[K  couldn\xe2\x80\x99t deduce template parameter \xe2\x80\x98\x1b[01m\x1b[KParameterT\x1b[m\x1b[K\xe2\x80\x99\n'}
[6.669014] (ydlidar_ros2_driver) StderrLine: {'line': b'   88 |   \x1b[01;36m\x1b[Knode->declare_parameter("intensity_bit")\x1b[m\x1b[K;\n'}
[6.669128] (ydlidar_ros2_driver) StderrLine: {'line': b'      |   \x1b[01;36m\x1b[K~~~~~~~~~~~~~~~~~~~~~~~^~~~~~~~~~~~~~~~~\x1b[m\x1b[K\n'}
[6.669241] (ydlidar_ros2_driver) StderrLine: {'line': b'In file included from \x1b[01m\x1b[K/opt/ros/humble/include/rclcpp/rclcpp/executors/single_threaded_executor.hpp:28\x1b[m\x1b[K,\n'}
[6.669354] (ydlidar_ros2_driver) StderrLine: {'line': b'                 from \x1b[01m\x1b[K/opt/ros/humble/include/rclcpp/rclcpp/executors.hpp:22\x1b[m\x1b[K,\n'}
[6.669467] (ydlidar_ros2_driver) StderrLine: {'line': b'                 from \x1b[01m\x1b[K/opt/ros/humble/include/rclcpp/rclcpp/rclcpp.hpp:155\x1b[m\x1b[K,\n'}
[6.669579] (ydlidar_ros2_driver) StderrLine: {'line': b'                 from \x1b[01m\x1b[K/home/geonmo/ydlidar_ws/src/ydlidar_ros2_driver/src/ydlidar_ros2_driver_node.cpp:23\x1b[m\x1b[K:\n'}
[6.669693] (ydlidar_ros2_driver) StderrLine: {'line': b'\x1b[01m\x1b[K/opt/ros/humble/include/rclcpp/rclcpp/node.hpp:366:3:\x1b[m\x1b[K \x1b[01;36m\x1b[Knote: \x1b[m\x1b[Kcandidate: \xe2\x80\x98\x1b[01m\x1b[Kconst rclcpp::ParameterValue& rclcpp::Node::declare_parameter(const string&, const rclcpp::ParameterValue&, const ParameterDescriptor&, bool)\x1b[m\x1b[K\xe2\x80\x99\n'}
[6.669832] (ydlidar_ros2_driver) StderrLine: {'line': b'  366 |   \x1b[01;36m\x1b[Kdeclare_parameter\x1b[m\x1b[K(\n'}
[6.669960] (ydlidar_ros2_driver) StderrLine: {'line': b'      |   \x1b[01;36m\x1b[K^~~~~~~~~~~~~~~~~\x1b[m\x1b[K\n'}
[6.670073] (ydlidar_ros2_driver) StderrLine: {'line': b'\x1b[01m\x1b[K/opt/ros/humble/include/rclcpp/rclcpp/node.hpp:366:3:\x1b[m\x1b[K \x1b[01;36m\x1b[Knote: \x1b[m\x1b[K  candidate expects 4 arguments, 1 provided\n'}
[6.670189] (ydlidar_ros2_driver) StderrLine: {'line': b'\x1b[01m\x1b[K/opt/ros/humble/include/rclcpp/rclcpp/node.hpp:391:3:\x1b[m\x1b[K \x1b[01;36m\x1b[Knote: \x1b[m\x1b[Kcandidate: \xe2\x80\x98\x1b[01m\x1b[Kconst rclcpp::ParameterValue& rclcpp::Node::declare_parameter(const string&, rclcpp::ParameterType, const ParameterDescriptor&, bool)\x1b[m\x1b[K\xe2\x80\x99\n'}
[6.670305] (ydlidar_ros2_driver) StderrLine: {'line': b'  391 |   \x1b[01;36m\x1b[Kdeclare_parameter\x1b[m\x1b[K(\n'}
[6.670417] (ydlidar_ros2_driver) StderrLine: {'line': b'      |   \x1b[01;36m\x1b[K^~~~~~~~~~~~~~~~~\x1b[m\x1b[K\n'}
[6.670529] (ydlidar_ros2_driver) StderrLine: {'line': b'\x1b[01m\x1b[K/opt/ros/humble/include/rclcpp/rclcpp/node.hpp:391:3:\x1b[m\x1b[K \x1b[01;36m\x1b[Knote: \x1b[m\x1b[K  candidate expects 4 arguments, 1 provided\n'}
[6.670643] (ydlidar_ros2_driver) StderrLine: {'line': b'\x1b[01m\x1b[K/home/geonmo/ydlidar_ws/src/ydlidar_ros2_driver/src/ydlidar_ros2_driver_node.cpp:95:26:\x1b[m\x1b[K \x1b[01;31m\x1b[Kerror: \x1b[m\x1b[Kno matching function for call to \xe2\x80\x98\x1b[01m\x1b[Krclcpp::Node::declare_parameter(const char [17])\x1b[m\x1b[K\xe2\x80\x99\n'}
[6.670759] (ydlidar_ros2_driver) StderrLine: {'line': b'   95 |   \x1b[01;31m\x1b[Knode->declare_parameter("fixed_resolution")\x1b[m\x1b[K;\n'}
[6.670872] (ydlidar_ros2_driver) StderrLine: {'line': b'      |   \x1b[01;31m\x1b[K~~~~~~~~~~~~~~~~~~~~~~~^~~~~~~~~~~~~~~~~~~~\x1b[m\x1b[K\n'}
[6.670986] (ydlidar_ros2_driver) StderrLine: {'line': b'In file included from \x1b[01m\x1b[K/opt/ros/humble/include/rclcpp/rclcpp/executors/single_threaded_executor.hpp:28\x1b[m\x1b[K,\n'}
[6.671099] (ydlidar_ros2_driver) StderrLine: {'line': b'                 from \x1b[01m\x1b[K/opt/ros/humble/include/rclcpp/rclcpp/executors.hpp:22\x1b[m\x1b[K,\n'}
[6.671211] (ydlidar_ros2_driver) StderrLine: {'line': b'                 from \x1b[01m\x1b[K/opt/ros/humble/include/rclcpp/rclcpp/rclcpp.hpp:155\x1b[m\x1b[K,\n'}
[6.671334] (ydlidar_ros2_driver) StderrLine: {'line': b'                 from \x1b[01m\x1b[K/home/geonmo/ydlidar_ws/src/ydlidar_ros2_driver/src/ydlidar_ros2_driver_node.cpp:23\x1b[m\x1b[K:\n'}
[6.671491] (ydlidar_ros2_driver) StderrLine: {'line': b'\x1b[01m\x1b[K/opt/ros/humble/include/rclcpp/rclcpp/node.hpp:421:3:\x1b[m\x1b[K \x1b[01;36m\x1b[Knote: \x1b[m\x1b[Kcandidate: \xe2\x80\x98\x1b[01m\x1b[Ktemplate<class ParameterT> auto rclcpp::Node::declare_parameter(const string&, const ParameterT&, const ParameterDescriptor&, bool)\x1b[m\x1b[K\xe2\x80\x99\n'}
[6.671613] (ydlidar_ros2_driver) StderrLine: {'line': b'  421 |   \x1b[01;36m\x1b[Kdeclare_parameter\x1b[m\x1b[K(\n'}
[6.671729] (ydlidar_ros2_driver) StderrLine: {'line': b'      |   \x1b[01;36m\x1b[K^~~~~~~~~~~~~~~~~\x1b[m\x1b[K\n'}
[6.671843] (ydlidar_ros2_driver) StderrLine: {'line': b'\x1b[01m\x1b[K/opt/ros/humble/include/rclcpp/rclcpp/node.hpp:421:3:\x1b[m\x1b[K \x1b[01;36m\x1b[Knote: \x1b[m\x1b[K  template argument deduction/substitution failed:\n'}
[6.671956] (ydlidar_ros2_driver) StderrLine: {'line': b'\x1b[01m\x1b[K/home/geonmo/ydlidar_ws/src/ydlidar_ros2_driver/src/ydlidar_ros2_driver_node.cpp:95:26:\x1b[m\x1b[K \x1b[01;36m\x1b[Knote: \x1b[m\x1b[K  candidate expects 4 arguments, 1 provided\n'}
[6.672070] (ydlidar_ros2_driver) StderrLine: {'line': b'   95 |   \x1b[01;36m\x1b[Knode->declare_parameter("fixed_resolution")\x1b[m\x1b[K;\n'}
[6.672183] (ydlidar_ros2_driver) StderrLine: {'line': b'      |   \x1b[01;36m\x1b[K~~~~~~~~~~~~~~~~~~~~~~~^~~~~~~~~~~~~~~~~~~~\x1b[m\x1b[K\n'}
[6.672294] (ydlidar_ros2_driver) StderrLine: {'line': b'In file included from \x1b[01m\x1b[K/opt/ros/humble/include/rclcpp/rclcpp/executors/single_threaded_executor.hpp:28\x1b[m\x1b[K,\n'}
[6.672420] (ydlidar_ros2_driver) StderrLine: {'line': b'                 from \x1b[01m\x1b[K/opt/ros/humble/include/rclcpp/rclcpp/executors.hpp:22\x1b[m\x1b[K,\n'}
[6.672535] (ydlidar_ros2_driver) StderrLine: {'line': b'                 from \x1b[01m\x1b[K/opt/ros/humble/include/rclcpp/rclcpp/rclcpp.hpp:155\x1b[m\x1b[K,\n'}
[6.672647] (ydlidar_ros2_driver) StderrLine: {'line': b'                 from \x1b[01m\x1b[K/home/geonmo/ydlidar_ws/src/ydlidar_ros2_driver/src/ydlidar_ros2_driver_node.cpp:23\x1b[m\x1b[K:\n'}
[6.672761] (ydlidar_ros2_driver) StderrLine: {'line': b'\x1b[01m\x1b[K/opt/ros/humble/include/rclcpp/rclcpp/node.hpp:434:3:\x1b[m\x1b[K \x1b[01;36m\x1b[Knote: \x1b[m\x1b[Kcandidate: \xe2\x80\x98\x1b[01m\x1b[Ktemplate<class ParameterT> auto rclcpp::Node::declare_parameter(const string&, const ParameterDescriptor&, bool)\x1b[m\x1b[K\xe2\x80\x99\n'}
[6.672880] (ydlidar_ros2_driver) StderrLine: {'line': b'  434 |   \x1b[01;36m\x1b[Kdeclare_parameter\x1b[m\x1b[K(\n'}
[6.672995] (ydlidar_ros2_driver) StderrLine: {'line': b'      |   \x1b[01;36m\x1b[K^~~~~~~~~~~~~~~~~\x1b[m\x1b[K\n'}
[6.673107] (ydlidar_ros2_driver) StderrLine: {'line': b'\x1b[01m\x1b[K/opt/ros/humble/include/rclcpp/rclcpp/node.hpp:434:3:\x1b[m\x1b[K \x1b[01;36m\x1b[Knote: \x1b[m\x1b[K  template argument deduction/substitution failed:\n'}
[6.673221] (ydlidar_ros2_driver) StderrLine: {'line': b'\x1b[01m\x1b[K/home/geonmo/ydlidar_ws/src/ydlidar_ros2_driver/src/ydlidar_ros2_driver_node.cpp:95:26:\x1b[m\x1b[K \x1b[01;36m\x1b[Knote: \x1b[m\x1b[K  couldn\xe2\x80\x99t deduce template parameter \xe2\x80\x98\x1b[01m\x1b[KParameterT\x1b[m\x1b[K\xe2\x80\x99\n'}
[6.673336] (ydlidar_ros2_driver) StderrLine: {'line': b'   95 |   \x1b[01;36m\x1b[Knode->declare_parameter("fixed_resolution")\x1b[m\x1b[K;\n'}
[6.673449] (ydlidar_ros2_driver) StderrLine: {'line': b'      |   \x1b[01;36m\x1b[K~~~~~~~~~~~~~~~~~~~~~~~^~~~~~~~~~~~~~~~~~~~\x1b[m\x1b[K\n'}
[6.673563] (ydlidar_ros2_driver) StderrLine: {'line': b'In file included from \x1b[01m\x1b[K/opt/ros/humble/include/rclcpp/rclcpp/executors/single_threaded_executor.hpp:28\x1b[m\x1b[K,\n'}
[6.673676] (ydlidar_ros2_driver) StderrLine: {'line': b'                 from \x1b[01m\x1b[K/opt/ros/humble/include/rclcpp/rclcpp/executors.hpp:22\x1b[m\x1b[K,\n'}
[6.673789] (ydlidar_ros2_driver) StderrLine: {'line': b'                 from \x1b[01m\x1b[K/opt/ros/humble/include/rclcpp/rclcpp/rclcpp.hpp:155\x1b[m\x1b[K,\n'}
[6.673902] (ydlidar_ros2_driver) StderrLine: {'line': b'                 from \x1b[01m\x1b[K/home/geonmo/ydlidar_ws/src/ydlidar_ros2_driver/src/ydlidar_ros2_driver_node.cpp:23\x1b[m\x1b[K:\n'}
[6.674033] (ydlidar_ros2_driver) StderrLine: {'line': b'\x1b[01m\x1b[K/opt/ros/humble/include/rclcpp/rclcpp/node.hpp:366:3:\x1b[m\x1b[K \x1b[01;36m\x1b[Knote: \x1b[m\x1b[Kcandidate: \xe2\x80\x98\x1b[01m\x1b[Kconst rclcpp::ParameterValue& rclcpp::Node::declare_parameter(const string&, const rclcpp::ParameterValue&, const ParameterDescriptor&, bool)\x1b[m\x1b[K\xe2\x80\x99\n'}
[6.674154] (ydlidar_ros2_driver) StderrLine: {'line': b'  366 |   \x1b[01;36m\x1b[Kdeclare_parameter\x1b[m\x1b[K(\n'}
[6.674270] (ydlidar_ros2_driver) StderrLine: {'line': b'      |   \x1b[01;36m\x1b[K^~~~~~~~~~~~~~~~~\x1b[m\x1b[K\n'}
[6.674382] (ydlidar_ros2_driver) StderrLine: {'line': b'\x1b[01m\x1b[K/opt/ros/humble/include/rclcpp/rclcpp/node.hpp:366:3:\x1b[m\x1b[K \x1b[01;36m\x1b[Knote: \x1b[m\x1b[K  candidate expects 4 arguments, 1 provided\n'}
[6.674496] (ydlidar_ros2_driver) StderrLine: {'line': b'\x1b[01m\x1b[K/opt/ros/humble/include/rclcpp/rclcpp/node.hpp:391:3:\x1b[m\x1b[K \x1b[01;36m\x1b[Knote: \x1b[m\x1b[Kcandidate: \xe2\x80\x98\x1b[01m\x1b[Kconst rclcpp::ParameterValue& rclcpp::Node::declare_parameter(const string&, rclcpp::ParameterType, const ParameterDescriptor&, bool)\x1b[m\x1b[K\xe2\x80\x99\n'}
[6.674613] (ydlidar_ros2_driver) StderrLine: {'line': b'  391 |   \x1b[01;36m\x1b[Kdeclare_parameter\x1b[m\x1b[K(\n'}
[6.674724] (ydlidar_ros2_driver) StderrLine: {'line': b'      |   \x1b[01;36m\x1b[K^~~~~~~~~~~~~~~~~\x1b[m\x1b[K\n'}
[6.674850] (ydlidar_ros2_driver) StderrLine: {'line': b'\x1b[01m\x1b[K/opt/ros/humble/include/rclcpp/rclcpp/node.hpp:391:3:\x1b[m\x1b[K \x1b[01;36m\x1b[Knote: \x1b[m\x1b[K  candidate expects 4 arguments, 1 provided\n'}
[6.674966] (ydlidar_ros2_driver) StderrLine: {'line': b'\x1b[01m\x1b[K/home/geonmo/ydlidar_ws/src/ydlidar_ros2_driver/src/ydlidar_ros2_driver_node.cpp:100:26:\x1b[m\x1b[K \x1b[01;31m\x1b[Kerror: \x1b[m\x1b[Kno matching function for call to \xe2\x80\x98\x1b[01m\x1b[Krclcpp::Node::declare_parameter(const char [10])\x1b[m\x1b[K\xe2\x80\x99\n'}
[6.675081] (ydlidar_ros2_driver) StderrLine: {'line': b'  100 |   \x1b[01;31m\x1b[Knode->declare_parameter("reversion")\x1b[m\x1b[K;\n'}
[6.675207] (ydlidar_ros2_driver) StderrLine: {'line': b'      |   \x1b[01;31m\x1b[K~~~~~~~~~~~~~~~~~~~~~~~^~~~~~~~~~~~~\x1b[m\x1b[K\n'}
[6.675324] (ydlidar_ros2_driver) StderrLine: {'line': b'In file included from \x1b[01m\x1b[K/opt/ros/humble/include/rclcpp/rclcpp/executors/single_threaded_executor.hpp:28\x1b[m\x1b[K,\n'}
[6.675462] (ydlidar_ros2_driver) StderrLine: {'line': b'                 from \x1b[01m\x1b[K/opt/ros/humble/include/rclcpp/rclcpp/executors.hpp:22\x1b[m\x1b[K,\n'}
[6.675583] (ydlidar_ros2_driver) StderrLine: {'line': b'                 from \x1b[01m\x1b[K/opt/ros/humble/include/rclcpp/rclcpp/rclcpp.hpp:155\x1b[m\x1b[K,\n'}
[6.675710] (ydlidar_ros2_driver) StderrLine: {'line': b'                 from \x1b[01m\x1b[K/home/geonmo/ydlidar_ws/src/ydlidar_ros2_driver/src/ydlidar_ros2_driver_node.cpp:23\x1b[m\x1b[K:\n'}
[6.675826] (ydlidar_ros2_driver) StderrLine: {'line': b'\x1b[01m\x1b[K/opt/ros/humble/include/rclcpp/rclcpp/node.hpp:421:3:\x1b[m\x1b[K \x1b[01;36m\x1b[Knote: \x1b[m\x1b[Kcandidate: \xe2\x80\x98\x1b[01m\x1b[Ktemplate<class ParameterT> auto rclcpp::Node::declare_parameter(const string&, const ParameterT&, const ParameterDescriptor&, bool)\x1b[m\x1b[K\xe2\x80\x99\n'}
[6.675943] (ydlidar_ros2_driver) StderrLine: {'line': b'  421 |   \x1b[01;36m\x1b[Kdeclare_parameter\x1b[m\x1b[K(\n'}
[6.676057] (ydlidar_ros2_driver) StderrLine: {'line': b'      |   \x1b[01;36m\x1b[K^~~~~~~~~~~~~~~~~\x1b[m\x1b[K\n'}
[6.676168] (ydlidar_ros2_driver) StderrLine: {'line': b'\x1b[01m\x1b[K/opt/ros/humble/include/rclcpp/rclcpp/node.hpp:421:3:\x1b[m\x1b[K \x1b[01;36m\x1b[Knote: \x1b[m\x1b[K  template argument deduction/substitution failed:\n'}
[6.676282] (ydlidar_ros2_driver) StderrLine: {'line': b'\x1b[01m\x1b[K/home/geonmo/ydlidar_ws/src/ydlidar_ros2_driver/src/ydlidar_ros2_driver_node.cpp:100:26:\x1b[m\x1b[K \x1b[01;36m\x1b[Knote: \x1b[m\x1b[K  candidate expects 4 arguments, 1 provided\n'}
[6.676396] (ydlidar_ros2_driver) StderrLine: {'line': b'  100 |   \x1b[01;36m\x1b[Knode->declare_parameter("reversion")\x1b[m\x1b[K;\n'}
[6.676509] (ydlidar_ros2_driver) StderrLine: {'line': b'      |   \x1b[01;36m\x1b[K~~~~~~~~~~~~~~~~~~~~~~~^~~~~~~~~~~~~\x1b[m\x1b[K\n'}
[6.676622] (ydlidar_ros2_driver) StderrLine: {'line': b'In file included from \x1b[01m\x1b[K/opt/ros/humble/include/rclcpp/rclcpp/executors/single_threaded_executor.hpp:28\x1b[m\x1b[K,\n'}
[6.676736] (ydlidar_ros2_driver) StderrLine: {'line': b'                 from \x1b[01m\x1b[K/opt/ros/humble/include/rclcpp/rclcpp/executors.hpp:22\x1b[m\x1b[K,\n'}
[6.676849] (ydlidar_ros2_driver) StderrLine: {'line': b'                 from \x1b[01m\x1b[K/opt/ros/humble/include/rclcpp/rclcpp/rclcpp.hpp:155\x1b[m\x1b[K,\n'}
[6.676962] (ydlidar_ros2_driver) StderrLine: {'line': b'                 from \x1b[01m\x1b[K/home/geonmo/ydlidar_ws/src/ydlidar_ros2_driver/src/ydlidar_ros2_driver_node.cpp:23\x1b[m\x1b[K:\n'}
[6.677074] (ydlidar_ros2_driver) StderrLine: {'line': b'\x1b[01m\x1b[K/opt/ros/humble/include/rclcpp/rclcpp/node.hpp:434:3:\x1b[m\x1b[K \x1b[01;36m\x1b[Knote: \x1b[m\x1b[Kcandidate: \xe2\x80\x98\x1b[01m\x1b[Ktemplate<class ParameterT> auto rclcpp::Node::declare_parameter(const string&, const ParameterDescriptor&, bool)\x1b[m\x1b[K\xe2\x80\x99\n'}
[6.677191] (ydlidar_ros2_driver) StderrLine: {'line': b'  434 |   \x1b[01;36m\x1b[Kdeclare_parameter\x1b[m\x1b[K(\n'}
[6.677303] (ydlidar_ros2_driver) StderrLine: {'line': b'      |   \x1b[01;36m\x1b[K^~~~~~~~~~~~~~~~~\x1b[m\x1b[K\n'}
[6.677430] (ydlidar_ros2_driver) StderrLine: {'line': b'\x1b[01m\x1b[K/opt/ros/humble/include/rclcpp/rclcpp/node.hpp:434:3:\x1b[m\x1b[K \x1b[01;36m\x1b[Knote: \x1b[m\x1b[K  template argument deduction/substitution failed:\n'}
[6.677544] (ydlidar_ros2_driver) StderrLine: {'line': b'\x1b[01m\x1b[K/home/geonmo/ydlidar_ws/src/ydlidar_ros2_driver/src/ydlidar_ros2_driver_node.cpp:100:26:\x1b[m\x1b[K \x1b[01;36m\x1b[Knote: \x1b[m\x1b[K  couldn\xe2\x80\x99t deduce template parameter \xe2\x80\x98\x1b[01m\x1b[KParameterT\x1b[m\x1b[K\xe2\x80\x99\n'}
[6.677660] (ydlidar_ros2_driver) StderrLine: {'line': b'  100 |   \x1b[01;36m\x1b[Knode->declare_parameter("reversion")\x1b[m\x1b[K;\n'}
[6.677773] (ydlidar_ros2_driver) StderrLine: {'line': b'      |   \x1b[01;36m\x1b[K~~~~~~~~~~~~~~~~~~~~~~~^~~~~~~~~~~~~\x1b[m\x1b[K\n'}
[6.677885] (ydlidar_ros2_driver) StderrLine: {'line': b'In file included from \x1b[01m\x1b[K/opt/ros/humble/include/rclcpp/rclcpp/executors/single_threaded_executor.hpp:28\x1b[m\x1b[K,\n'}
[6.677998] (ydlidar_ros2_driver) StderrLine: {'line': b'                 from \x1b[01m\x1b[K/opt/ros/humble/include/rclcpp/rclcpp/executors.hpp:22\x1b[m\x1b[K,\n'}
[6.678111] (ydlidar_ros2_driver) StderrLine: {'line': b'                 from \x1b[01m\x1b[K/opt/ros/humble/include/rclcpp/rclcpp/rclcpp.hpp:155\x1b[m\x1b[K,\n'}
[6.678223] (ydlidar_ros2_driver) StderrLine: {'line': b'                 from \x1b[01m\x1b[K/home/geonmo/ydlidar_ws/src/ydlidar_ros2_driver/src/ydlidar_ros2_driver_node.cpp:23\x1b[m\x1b[K:\n'}
[6.678356] (ydlidar_ros2_driver) StderrLine: {'line': b'\x1b[01m\x1b[K/opt/ros/humble/include/rclcpp/rclcpp/node.hpp:366:3:\x1b[m\x1b[K \x1b[01;36m\x1b[Knote: \x1b[m\x1b[Kcandidate: \xe2\x80\x98\x1b[01m\x1b[Kconst rclcpp::ParameterValue& rclcpp::Node::declare_parameter(const string&, const rclcpp::ParameterValue&, const ParameterDescriptor&, bool)\x1b[m\x1b[K\xe2\x80\x99\n'}
[6.678479] (ydlidar_ros2_driver) StderrLine: {'line': b'  366 |   \x1b[01;36m\x1b[Kdeclare_parameter\x1b[m\x1b[K(\n'}
[6.678593] (ydlidar_ros2_driver) StderrLine: {'line': b'      |   \x1b[01;36m\x1b[K^~~~~~~~~~~~~~~~~\x1b[m\x1b[K\n'}
[6.678705] (ydlidar_ros2_driver) StderrLine: {'line': b'\x1b[01m\x1b[K/opt/ros/humble/include/rclcpp/rclcpp/node.hpp:366:3:\x1b[m\x1b[K \x1b[01;36m\x1b[Knote: \x1b[m\x1b[K  candidate expects 4 arguments, 1 provided\n'}
[6.678819] (ydlidar_ros2_driver) StderrLine: {'line': b'\x1b[01m\x1b[K/opt/ros/humble/include/rclcpp/rclcpp/node.hpp:391:3:\x1b[m\x1b[K \x1b[01;36m\x1b[Knote: \x1b[m\x1b[Kcandidate: \xe2\x80\x98\x1b[01m\x1b[Kconst rclcpp::ParameterValue& rclcpp::Node::declare_parameter(const string&, rclcpp::ParameterType, const ParameterDescriptor&, bool)\x1b[m\x1b[K\xe2\x80\x99\n'}
[6.678935] (ydlidar_ros2_driver) StderrLine: {'line': b'  391 |   \x1b[01;36m\x1b[Kdeclare_parameter\x1b[m\x1b[K(\n'}
[6.679049] (ydlidar_ros2_driver) StderrLine: {'line': b'      |   \x1b[01;36m\x1b[K^~~~~~~~~~~~~~~~~\x1b[m\x1b[K\n'}
[6.679160] (ydlidar_ros2_driver) StderrLine: {'line': b'\x1b[01m\x1b[K/opt/ros/humble/include/rclcpp/rclcpp/node.hpp:391:3:\x1b[m\x1b[K \x1b[01;36m\x1b[Knote: \x1b[m\x1b[K  candidate expects 4 arguments, 1 provided\n'}
[6.679285] (ydlidar_ros2_driver) StderrLine: {'line': b'\x1b[01m\x1b[K/home/geonmo/ydlidar_ws/src/ydlidar_ros2_driver/src/ydlidar_ros2_driver_node.cpp:105:26:\x1b[m\x1b[K \x1b[01;31m\x1b[Kerror: \x1b[m\x1b[Kno matching function for call to \xe2\x80\x98\x1b[01m\x1b[Krclcpp::Node::declare_parameter(const char [9])\x1b[m\x1b[K\xe2\x80\x99\n'}
[6.679421] (ydlidar_ros2_driver) StderrLine: {'line': b'  105 |   \x1b[01;31m\x1b[Knode->declare_parameter("inverted")\x1b[m\x1b[K;\n'}
[6.679547] (ydlidar_ros2_driver) StderrLine: {'line': b'      |   \x1b[01;31m\x1b[K~~~~~~~~~~~~~~~~~~~~~~~^~~~~~~~~~~~\x1b[m\x1b[K\n'}
[6.679662] (ydlidar_ros2_driver) StderrLine: {'line': b'In file included from \x1b[01m\x1b[K/opt/ros/humble/include/rclcpp/rclcpp/executors/single_threaded_executor.hpp:28\x1b[m\x1b[K,\n'}
[6.679794] (ydlidar_ros2_driver) StderrLine: {'line': b'                 from \x1b[01m\x1b[K/opt/ros/humble/include/rclcpp/rclcpp/executors.hpp:22\x1b[m\x1b[K,\n'}
[6.679923] (ydlidar_ros2_driver) StderrLine: {'line': b'                 from \x1b[01m\x1b[K/opt/ros/humble/include/rclcpp/rclcpp/rclcpp.hpp:155\x1b[m\x1b[K,\n'}
[6.680040] (ydlidar_ros2_driver) StderrLine: {'line': b'                 from \x1b[01m\x1b[K/home/geonmo/ydlidar_ws/src/ydlidar_ros2_driver/src/ydlidar_ros2_driver_node.cpp:23\x1b[m\x1b[K:\n'}
[6.680154] (ydlidar_ros2_driver) StderrLine: {'line': b'\x1b[01m\x1b[K/opt/ros/humble/include/rclcpp/rclcpp/node.hpp:421:3:\x1b[m\x1b[K \x1b[01;36m\x1b[Knote: \x1b[m\x1b[Kcandidate: \xe2\x80\x98\x1b[01m\x1b[Ktemplate<class ParameterT> auto rclcpp::Node::declare_parameter(const string&, const ParameterT&, const ParameterDescriptor&, bool)\x1b[m\x1b[K\xe2\x80\x99\n'}
[6.680271] (ydlidar_ros2_driver) StderrLine: {'line': b'  421 |   \x1b[01;36m\x1b[Kdeclare_parameter\x1b[m\x1b[K(\n'}
[6.680384] (ydlidar_ros2_driver) StderrLine: {'line': b'      |   \x1b[01;36m\x1b[K^~~~~~~~~~~~~~~~~\x1b[m\x1b[K\n'}
[6.680499] (ydlidar_ros2_driver) StderrLine: {'line': b'\x1b[01m\x1b[K/opt/ros/humble/include/rclcpp/rclcpp/node.hpp:421:3:\x1b[m\x1b[K \x1b[01;36m\x1b[Knote: \x1b[m\x1b[K  template argument deduction/substitution failed:\n'}
[6.680614] (ydlidar_ros2_driver) StderrLine: {'line': b'\x1b[01m\x1b[K/home/geonmo/ydlidar_ws/src/ydlidar_ros2_driver/src/ydlidar_ros2_driver_node.cpp:105:26:\x1b[m\x1b[K \x1b[01;36m\x1b[Knote: \x1b[m\x1b[K  candidate expects 4 arguments, 1 provided\n'}
[6.680730] (ydlidar_ros2_driver) StderrLine: {'line': b'  105 |   \x1b[01;36m\x1b[Knode->declare_parameter("inverted")\x1b[m\x1b[K;\n'}
[6.680845] (ydlidar_ros2_driver) StderrLine: {'line': b'      |   \x1b[01;36m\x1b[K~~~~~~~~~~~~~~~~~~~~~~~^~~~~~~~~~~~\x1b[m\x1b[K\n'}
[6.680956] (ydlidar_ros2_driver) StderrLine: {'line': b'In file included from \x1b[01m\x1b[K/opt/ros/humble/include/rclcpp/rclcpp/executors/single_threaded_executor.hpp:28\x1b[m\x1b[K,\n'}
[6.681070] (ydlidar_ros2_driver) StderrLine: {'line': b'                 from \x1b[01m\x1b[K/opt/ros/humble/include/rclcpp/rclcpp/executors.hpp:22\x1b[m\x1b[K,\n'}
[6.681183] (ydlidar_ros2_driver) StderrLine: {'line': b'                 from \x1b[01m\x1b[K/opt/ros/humble/include/rclcpp/rclcpp/rclcpp.hpp:155\x1b[m\x1b[K,\n'}
[6.681296] (ydlidar_ros2_driver) StderrLine: {'line': b'                 from \x1b[01m\x1b[K/home/geonmo/ydlidar_ws/src/ydlidar_ros2_driver/src/ydlidar_ros2_driver_node.cpp:23\x1b[m\x1b[K:\n'}
[6.681410] (ydlidar_ros2_driver) StderrLine: {'line': b'\x1b[01m\x1b[K/opt/ros/humble/include/rclcpp/rclcpp/node.hpp:434:3:\x1b[m\x1b[K \x1b[01;36m\x1b[Knote: \x1b[m\x1b[Kcandidate: \xe2\x80\x98\x1b[01m\x1b[Ktemplate<class ParameterT> auto rclcpp::Node::declare_parameter(const string&, const ParameterDescriptor&, bool)\x1b[m\x1b[K\xe2\x80\x99\n'}
[6.681526] (ydlidar_ros2_driver) StderrLine: {'line': b'  434 |   \x1b[01;36m\x1b[Kdeclare_parameter\x1b[m\x1b[K(\n'}
[6.681638] (ydlidar_ros2_driver) StderrLine: {'line': b'      |   \x1b[01;36m\x1b[K^~~~~~~~~~~~~~~~~\x1b[m\x1b[K\n'}
[6.681751] (ydlidar_ros2_driver) StderrLine: {'line': b'\x1b[01m\x1b[K/opt/ros/humble/include/rclcpp/rclcpp/node.hpp:434:3:\x1b[m\x1b[K \x1b[01;36m\x1b[Knote: \x1b[m\x1b[K  template argument deduction/substitution failed:\n'}
[6.681865] (ydlidar_ros2_driver) StderrLine: {'line': b'\x1b[01m\x1b[K/home/geonmo/ydlidar_ws/src/ydlidar_ros2_driver/src/ydlidar_ros2_driver_node.cpp:105:26:\x1b[m\x1b[K \x1b[01;36m\x1b[Knote: \x1b[m\x1b[K  couldn\xe2\x80\x99t deduce template parameter \xe2\x80\x98\x1b[01m\x1b[KParameterT\x1b[m\x1b[K\xe2\x80\x99\n'}
[6.681981] (ydlidar_ros2_driver) StderrLine: {'line': b'  105 |   \x1b[01;36m\x1b[Knode->declare_parameter("inverted")\x1b[m\x1b[K;\n'}
[6.682093] (ydlidar_ros2_driver) StderrLine: {'line': b'      |   \x1b[01;36m\x1b[K~~~~~~~~~~~~~~~~~~~~~~~^~~~~~~~~~~~\x1b[m\x1b[K\n'}
[6.682206] (ydlidar_ros2_driver) StderrLine: {'line': b'In file included from \x1b[01m\x1b[K/opt/ros/humble/include/rclcpp/rclcpp/executors/single_threaded_executor.hpp:28\x1b[m\x1b[K,\n'}
[6.682335] (ydlidar_ros2_driver) StderrLine: {'line': b'                 from \x1b[01m\x1b[K/opt/ros/humble/include/rclcpp/rclcpp/executors.hpp:22\x1b[m\x1b[K,\n'}
[6.682450] (ydlidar_ros2_driver) StderrLine: {'line': b'                 from \x1b[01m\x1b[K/opt/ros/humble/include/rclcpp/rclcpp/rclcpp.hpp:155\x1b[m\x1b[K,\n'}
[6.682581] (ydlidar_ros2_driver) StderrLine: {'line': b'                 from \x1b[01m\x1b[K/home/geonmo/ydlidar_ws/src/ydlidar_ros2_driver/src/ydlidar_ros2_driver_node.cpp:23\x1b[m\x1b[K:\n'}
[6.682701] (ydlidar_ros2_driver) StderrLine: {'line': b'\x1b[01m\x1b[K/opt/ros/humble/include/rclcpp/rclcpp/node.hpp:366:3:\x1b[m\x1b[K \x1b[01;36m\x1b[Knote: \x1b[m\x1b[Kcandidate: \xe2\x80\x98\x1b[01m\x1b[Kconst rclcpp::ParameterValue& rclcpp::Node::declare_parameter(const string&, const rclcpp::ParameterValue&, const ParameterDescriptor&, bool)\x1b[m\x1b[K\xe2\x80\x99\n'}
[6.682822] (ydlidar_ros2_driver) StderrLine: {'line': b'  366 |   \x1b[01;36m\x1b[Kdeclare_parameter\x1b[m\x1b[K(\n'}
[6.682934] (ydlidar_ros2_driver) StderrLine: {'line': b'      |   \x1b[01;36m\x1b[K^~~~~~~~~~~~~~~~~\x1b[m\x1b[K\n'}
[6.683046] (ydlidar_ros2_driver) StderrLine: {'line': b'\x1b[01m\x1b[K/opt/ros/humble/include/rclcpp/rclcpp/node.hpp:366:3:\x1b[m\x1b[K \x1b[01;36m\x1b[Knote: \x1b[m\x1b[K  candidate expects 4 arguments, 1 provided\n'}
[6.683170] (ydlidar_ros2_driver) StderrLine: {'line': b'\x1b[01m\x1b[K/opt/ros/humble/include/rclcpp/rclcpp/node.hpp:391:3:\x1b[m\x1b[K \x1b[01;36m\x1b[Knote: \x1b[m\x1b[Kcandidate: \xe2\x80\x98\x1b[01m\x1b[Kconst rclcpp::ParameterValue& rclcpp::Node::declare_parameter(const string&, rclcpp::ParameterType, const ParameterDescriptor&, bool)\x1b[m\x1b[K\xe2\x80\x99\n'}
[6.683288] (ydlidar_ros2_driver) StderrLine: {'line': b'  391 |   \x1b[01;36m\x1b[Kdeclare_parameter\x1b[m\x1b[K(\n'}
[6.683416] (ydlidar_ros2_driver) StderrLine: {'line': b'      |   \x1b[01;36m\x1b[K^~~~~~~~~~~~~~~~~\x1b[m\x1b[K\n'}
[6.683538] (ydlidar_ros2_driver) StderrLine: {'line': b'\x1b[01m\x1b[K/opt/ros/humble/include/rclcpp/rclcpp/node.hpp:391:3:\x1b[m\x1b[K \x1b[01;36m\x1b[Knote: \x1b[m\x1b[K  candidate expects 4 arguments, 1 provided\n'}
[6.683652] (ydlidar_ros2_driver) StderrLine: {'line': b'\x1b[01m\x1b[K/home/geonmo/ydlidar_ws/src/ydlidar_ros2_driver/src/ydlidar_ros2_driver_node.cpp:109:26:\x1b[m\x1b[K \x1b[01;31m\x1b[Kerror: \x1b[m\x1b[Kno matching function for call to \xe2\x80\x98\x1b[01m\x1b[Krclcpp::Node::declare_parameter(const char [15])\x1b[m\x1b[K\xe2\x80\x99\n'}
[6.683771] (ydlidar_ros2_driver) StderrLine: {'line': b'  109 |   \x1b[01;31m\x1b[Knode->declare_parameter("auto_reconnect")\x1b[m\x1b[K;\n'}
[6.683886] (ydlidar_ros2_driver) StderrLine: {'line': b'      |   \x1b[01;31m\x1b[K~~~~~~~~~~~~~~~~~~~~~~~^~~~~~~~~~~~~~~~~~\x1b[m\x1b[K\n'}
[6.683998] (ydlidar_ros2_driver) StderrLine: {'line': b'In file included from \x1b[01m\x1b[K/opt/ros/humble/include/rclcpp/rclcpp/executors/single_threaded_executor.hpp:28\x1b[m\x1b[K,\n'}
[6.684127] (ydlidar_ros2_driver) StderrLine: {'line': b'                 from \x1b[01m\x1b[K/opt/ros/humble/include/rclcpp/rclcpp/executors.hpp:22\x1b[m\x1b[K,\n'}
[6.684244] (ydlidar_ros2_driver) StderrLine: {'line': b'                 from \x1b[01m\x1b[K/opt/ros/humble/include/rclcpp/rclcpp/rclcpp.hpp:155\x1b[m\x1b[K,\n'}
[6.684358] (ydlidar_ros2_driver) StderrLine: {'line': b'                 from \x1b[01m\x1b[K/home/geonmo/ydlidar_ws/src/ydlidar_ros2_driver/src/ydlidar_ros2_driver_node.cpp:23\x1b[m\x1b[K:\n'}
[6.684470] (ydlidar_ros2_driver) StderrLine: {'line': b'\x1b[01m\x1b[K/opt/ros/humble/include/rclcpp/rclcpp/node.hpp:421:3:\x1b[m\x1b[K \x1b[01;36m\x1b[Knote: \x1b[m\x1b[Kcandidate: \xe2\x80\x98\x1b[01m\x1b[Ktemplate<class ParameterT> auto rclcpp::Node::declare_parameter(const string&, const ParameterT&, const ParameterDescriptor&, bool)\x1b[m\x1b[K\xe2\x80\x99\n'}
[6.684587] (ydlidar_ros2_driver) StderrLine: {'line': b'  421 |   \x1b[01;36m\x1b[Kdeclare_parameter\x1b[m\x1b[K(\n'}
[6.684699] (ydlidar_ros2_driver) StderrLine: {'line': b'      |   \x1b[01;36m\x1b[K^~~~~~~~~~~~~~~~~\x1b[m\x1b[K\n'}
[6.684825] (ydlidar_ros2_driver) StderrLine: {'line': b'\x1b[01m\x1b[K/opt/ros/humble/include/rclcpp/rclcpp/node.hpp:421:3:\x1b[m\x1b[K \x1b[01;36m\x1b[Knote: \x1b[m\x1b[K  template argument deduction/substitution failed:\n'}
[6.684939] (ydlidar_ros2_driver) StderrLine: {'line': b'\x1b[01m\x1b[K/home/geonmo/ydlidar_ws/src/ydlidar_ros2_driver/src/ydlidar_ros2_driver_node.cpp:109:26:\x1b[m\x1b[K \x1b[01;36m\x1b[Knote: \x1b[m\x1b[K  candidate expects 4 arguments, 1 provided\n'}
[6.685067] (ydlidar_ros2_driver) StderrLine: {'line': b'  109 |   \x1b[01;36m\x1b[Knode->declare_parameter("auto_reconnect")\x1b[m\x1b[K;\n'}
[6.685188] (ydlidar_ros2_driver) StderrLine: {'line': b'      |   \x1b[01;36m\x1b[K~~~~~~~~~~~~~~~~~~~~~~~^~~~~~~~~~~~~~~~~~\x1b[m\x1b[K\n'}
[6.685302] (ydlidar_ros2_driver) StderrLine: {'line': b'In file included from \x1b[01m\x1b[K/opt/ros/humble/include/rclcpp/rclcpp/executors/single_threaded_executor.hpp:28\x1b[m\x1b[K,\n'}
[6.685415] (ydlidar_ros2_driver) StderrLine: {'line': b'                 from \x1b[01m\x1b[K/opt/ros/humble/include/rclcpp/rclcpp/executors.hpp:22\x1b[m\x1b[K,\n'}
[6.685530] (ydlidar_ros2_driver) StderrLine: {'line': b'                 from \x1b[01m\x1b[K/opt/ros/humble/include/rclcpp/rclcpp/rclcpp.hpp:155\x1b[m\x1b[K,\n'}
[6.685645] (ydlidar_ros2_driver) StderrLine: {'line': b'                 from \x1b[01m\x1b[K/home/geonmo/ydlidar_ws/src/ydlidar_ros2_driver/src/ydlidar_ros2_driver_node.cpp:23\x1b[m\x1b[K:\n'}
[6.685759] (ydlidar_ros2_driver) StderrLine: {'line': b'\x1b[01m\x1b[K/opt/ros/humble/include/rclcpp/rclcpp/node.hpp:434:3:\x1b[m\x1b[K \x1b[01;36m\x1b[Knote: \x1b[m\x1b[Kcandidate: \xe2\x80\x98\x1b[01m\x1b[Ktemplate<class ParameterT> auto rclcpp::Node::declare_parameter(const string&, const ParameterDescriptor&, bool)\x1b[m\x1b[K\xe2\x80\x99\n'}
[6.685875] (ydlidar_ros2_driver) StderrLine: {'line': b'  434 |   \x1b[01;36m\x1b[Kdeclare_parameter\x1b[m\x1b[K(\n'}
[6.685988] (ydlidar_ros2_driver) StderrLine: {'line': b'      |   \x1b[01;36m\x1b[K^~~~~~~~~~~~~~~~~\x1b[m\x1b[K\n'}
[6.686099] (ydlidar_ros2_driver) StderrLine: {'line': b'\x1b[01m\x1b[K/opt/ros/humble/include/rclcpp/rclcpp/node.hpp:434:3:\x1b[m\x1b[K \x1b[01;36m\x1b[Knote: \x1b[m\x1b[K  template argument deduction/substitution failed:\n'}
[6.686212] (ydlidar_ros2_driver) StderrLine: {'line': b'\x1b[01m\x1b[K/home/geonmo/ydlidar_ws/src/ydlidar_ros2_driver/src/ydlidar_ros2_driver_node.cpp:109:26:\x1b[m\x1b[K \x1b[01;36m\x1b[Knote: \x1b[m\x1b[K  couldn\xe2\x80\x99t deduce template parameter \xe2\x80\x98\x1b[01m\x1b[KParameterT\x1b[m\x1b[K\xe2\x80\x99\n'}
[6.686327] (ydlidar_ros2_driver) StderrLine: {'line': b'  109 |   \x1b[01;36m\x1b[Knode->declare_parameter("auto_reconnect")\x1b[m\x1b[K;\n'}
[6.686440] (ydlidar_ros2_driver) StderrLine: {'line': b'      |   \x1b[01;36m\x1b[K~~~~~~~~~~~~~~~~~~~~~~~^~~~~~~~~~~~~~~~~~\x1b[m\x1b[K\n'}
[6.686552] (ydlidar_ros2_driver) StderrLine: {'line': b'In file included from \x1b[01m\x1b[K/opt/ros/humble/include/rclcpp/rclcpp/executors/single_threaded_executor.hpp:28\x1b[m\x1b[K,\n'}
[6.686664] (ydlidar_ros2_driver) StderrLine: {'line': b'                 from \x1b[01m\x1b[K/opt/ros/humble/include/rclcpp/rclcpp/executors.hpp:22\x1b[m\x1b[K,\n'}
[6.686796] (ydlidar_ros2_driver) StderrLine: {'line': b'                 from \x1b[01m\x1b[K/opt/ros/humble/include/rclcpp/rclcpp/rclcpp.hpp:155\x1b[m\x1b[K,\n'}
[6.686910] (ydlidar_ros2_driver) StderrLine: {'line': b'                 from \x1b[01m\x1b[K/home/geonmo/ydlidar_ws/src/ydlidar_ros2_driver/src/ydlidar_ros2_driver_node.cpp:23\x1b[m\x1b[K:\n'}
[6.687024] (ydlidar_ros2_driver) StderrLine: {'line': b'\x1b[01m\x1b[K/opt/ros/humble/include/rclcpp/rclcpp/node.hpp:366:3:\x1b[m\x1b[K \x1b[01;36m\x1b[Knote: \x1b[m\x1b[Kcandidate: \xe2\x80\x98\x1b[01m\x1b[Kconst rclcpp::ParameterValue& rclcpp::Node::declare_parameter(const string&, const rclcpp::ParameterValue&, const ParameterDescriptor&, bool)\x1b[m\x1b[K\xe2\x80\x99\n'}
[6.687156] (ydlidar_ros2_driver) StderrLine: {'line': b'  366 |   \x1b[01;36m\x1b[Kdeclare_parameter\x1b[m\x1b[K(\n'}
[6.687284] (ydlidar_ros2_driver) StderrLine: {'line': b'      |   \x1b[01;36m\x1b[K^~~~~~~~~~~~~~~~~\x1b[m\x1b[K\n'}
[6.687417] (ydlidar_ros2_driver) StderrLine: {'line': b'\x1b[01m\x1b[K/opt/ros/humble/include/rclcpp/rclcpp/node.hpp:366:3:\x1b[m\x1b[K \x1b[01;36m\x1b[Knote: \x1b[m\x1b[K  candidate expects 4 arguments, 1 provided\n'}
[6.687541] (ydlidar_ros2_driver) StderrLine: {'line': b'\x1b[01m\x1b[K/opt/ros/humble/include/rclcpp/rclcpp/node.hpp:391:3:\x1b[m\x1b[K \x1b[01;36m\x1b[Knote: \x1b[m\x1b[Kcandidate: \xe2\x80\x98\x1b[01m\x1b[Kconst rclcpp::ParameterValue& rclcpp::Node::declare_parameter(const string&, rclcpp::ParameterType, const ParameterDescriptor&, bool)\x1b[m\x1b[K\xe2\x80\x99\n'}
[6.687658] (ydlidar_ros2_driver) StderrLine: {'line': b'  391 |   \x1b[01;36m\x1b[Kdeclare_parameter\x1b[m\x1b[K(\n'}
[6.687772] (ydlidar_ros2_driver) StderrLine: {'line': b'      |   \x1b[01;36m\x1b[K^~~~~~~~~~~~~~~~~\x1b[m\x1b[K\n'}
[6.687885] (ydlidar_ros2_driver) StderrLine: {'line': b'\x1b[01m\x1b[K/opt/ros/humble/include/rclcpp/rclcpp/node.hpp:391:3:\x1b[m\x1b[K \x1b[01;36m\x1b[Knote: \x1b[m\x1b[K  candidate expects 4 arguments, 1 provided\n'}
[6.687998] (ydlidar_ros2_driver) StderrLine: {'line': b'\x1b[01m\x1b[K/home/geonmo/ydlidar_ws/src/ydlidar_ros2_driver/src/ydlidar_ros2_driver_node.cpp:114:26:\x1b[m\x1b[K \x1b[01;31m\x1b[Kerror: \x1b[m\x1b[Kno matching function for call to \xe2\x80\x98\x1b[01m\x1b[Krclcpp::Node::declare_parameter(const char [16])\x1b[m\x1b[K\xe2\x80\x99\n'}
[6.688114] (ydlidar_ros2_driver) StderrLine: {'line': b'  114 |   \x1b[01;31m\x1b[Knode->declare_parameter("isSingleChannel")\x1b[m\x1b[K;\n'}
[6.688228] (ydlidar_ros2_driver) StderrLine: {'line': b'      |   \x1b[01;31m\x1b[K~~~~~~~~~~~~~~~~~~~~~~~^~~~~~~~~~~~~~~~~~~\x1b[m\x1b[K\n'}
[6.688358] (ydlidar_ros2_driver) StderrLine: {'line': b'In file included from \x1b[01m\x1b[K/opt/ros/humble/include/rclcpp/rclcpp/executors/single_threaded_executor.hpp:28\x1b[m\x1b[K,\n'}
[6.688472] (ydlidar_ros2_driver) StderrLine: {'line': b'                 from \x1b[01m\x1b[K/opt/ros/humble/include/rclcpp/rclcpp/executors.hpp:22\x1b[m\x1b[K,\n'}
[6.688585] (ydlidar_ros2_driver) StderrLine: {'line': b'                 from \x1b[01m\x1b[K/opt/ros/humble/include/rclcpp/rclcpp/rclcpp.hpp:155\x1b[m\x1b[K,\n'}
[6.688697] (ydlidar_ros2_driver) StderrLine: {'line': b'                 from \x1b[01m\x1b[K/home/geonmo/ydlidar_ws/src/ydlidar_ros2_driver/src/ydlidar_ros2_driver_node.cpp:23\x1b[m\x1b[K:\n'}
[6.688810] (ydlidar_ros2_driver) StderrLine: {'line': b'\x1b[01m\x1b[K/opt/ros/humble/include/rclcpp/rclcpp/node.hpp:421:3:\x1b[m\x1b[K \x1b[01;36m\x1b[Knote: \x1b[m\x1b[Kcandidate: \xe2\x80\x98\x1b[01m\x1b[Ktemplate<class ParameterT> auto rclcpp::Node::declare_parameter(const string&, const ParameterT&, const ParameterDescriptor&, bool)\x1b[m\x1b[K\xe2\x80\x99\n'}
[6.688925] (ydlidar_ros2_driver) StderrLine: {'line': b'  421 |   \x1b[01;36m\x1b[Kdeclare_parameter\x1b[m\x1b[K(\n'}
[6.689037] (ydlidar_ros2_driver) StderrLine: {'line': b'      |   \x1b[01;36m\x1b[K^~~~~~~~~~~~~~~~~\x1b[m\x1b[K\n'}
[6.689147] (ydlidar_ros2_driver) StderrLine: {'line': b'\x1b[01m\x1b[K/opt/ros/humble/include/rclcpp/rclcpp/node.hpp:421:3:\x1b[m\x1b[K \x1b[01;36m\x1b[Knote: \x1b[m\x1b[K  template argument deduction/substitution failed:\n'}
[6.689258] (ydlidar_ros2_driver) StderrLine: {'line': b'\x1b[01m\x1b[K/home/geonmo/ydlidar_ws/src/ydlidar_ros2_driver/src/ydlidar_ros2_driver_node.cpp:114:26:\x1b[m\x1b[K \x1b[01;36m\x1b[Knote: \x1b[m\x1b[K  candidate expects 4 arguments, 1 provided\n'}
[6.689372] (ydlidar_ros2_driver) StderrLine: {'line': b'  114 |   \x1b[01;36m\x1b[Knode->declare_parameter("isSingleChannel")\x1b[m\x1b[K;\n'}
[6.689483] (ydlidar_ros2_driver) StderrLine: {'line': b'      |   \x1b[01;36m\x1b[K~~~~~~~~~~~~~~~~~~~~~~~^~~~~~~~~~~~~~~~~~~\x1b[m\x1b[K\n'}
[6.689594] (ydlidar_ros2_driver) StderrLine: {'line': b'In file included from \x1b[01m\x1b[K/opt/ros/humble/include/rclcpp/rclcpp/executors/single_threaded_executor.hpp:28\x1b[m\x1b[K,\n'}
[6.689721] (ydlidar_ros2_driver) StderrLine: {'line': b'                 from \x1b[01m\x1b[K/opt/ros/humble/include/rclcpp/rclcpp/executors.hpp:22\x1b[m\x1b[K,\n'}
[6.689835] (ydlidar_ros2_driver) StderrLine: {'line': b'                 from \x1b[01m\x1b[K/opt/ros/humble/include/rclcpp/rclcpp/rclcpp.hpp:155\x1b[m\x1b[K,\n'}
[6.689946] (ydlidar_ros2_driver) StderrLine: {'line': b'                 from \x1b[01m\x1b[K/home/geonmo/ydlidar_ws/src/ydlidar_ros2_driver/src/ydlidar_ros2_driver_node.cpp:23\x1b[m\x1b[K:\n'}
[6.690058] (ydlidar_ros2_driver) StderrLine: {'line': b'\x1b[01m\x1b[K/opt/ros/humble/include/rclcpp/rclcpp/node.hpp:434:3:\x1b[m\x1b[K \x1b[01;36m\x1b[Knote: \x1b[m\x1b[Kcandidate: \xe2\x80\x98\x1b[01m\x1b[Ktemplate<class ParameterT> auto rclcpp::Node::declare_parameter(const string&, const ParameterDescriptor&, bool)\x1b[m\x1b[K\xe2\x80\x99\n'}
[6.690173] (ydlidar_ros2_driver) StderrLine: {'line': b'  434 |   \x1b[01;36m\x1b[Kdeclare_parameter\x1b[m\x1b[K(\n'}
[6.690284] (ydlidar_ros2_driver) StderrLine: {'line': b'      |   \x1b[01;36m\x1b[K^~~~~~~~~~~~~~~~~\x1b[m\x1b[K\n'}
[6.690395] (ydlidar_ros2_driver) StderrLine: {'line': b'\x1b[01m\x1b[K/opt/ros/humble/include/rclcpp/rclcpp/node.hpp:434:3:\x1b[m\x1b[K \x1b[01;36m\x1b[Knote: \x1b[m\x1b[K  template argument deduction/substitution failed:\n'}
[6.690510] (ydlidar_ros2_driver) StderrLine: {'line': b'\x1b[01m\x1b[K/home/geonmo/ydlidar_ws/src/ydlidar_ros2_driver/src/ydlidar_ros2_driver_node.cpp:114:26:\x1b[m\x1b[K \x1b[01;36m\x1b[Knote: \x1b[m\x1b[K  couldn\xe2\x80\x99t deduce template parameter \xe2\x80\x98\x1b[01m\x1b[KParameterT\x1b[m\x1b[K\xe2\x80\x99\n'}
[6.690624] (ydlidar_ros2_driver) StderrLine: {'line': b'  114 |   \x1b[01;36m\x1b[Knode->declare_parameter("isSingleChannel")\x1b[m\x1b[K;\n'}
[6.690737] (ydlidar_ros2_driver) StderrLine: {'line': b'      |   \x1b[01;36m\x1b[K~~~~~~~~~~~~~~~~~~~~~~~^~~~~~~~~~~~~~~~~~~\x1b[m\x1b[K\n'}
[6.690849] (ydlidar_ros2_driver) StderrLine: {'line': b'In file included from \x1b[01m\x1b[K/opt/ros/humble/include/rclcpp/rclcpp/executors/single_threaded_executor.hpp:28\x1b[m\x1b[K,\n'}
[6.690988] (ydlidar_ros2_driver) StderrLine: {'line': b'                 from \x1b[01m\x1b[K/opt/ros/humble/include/rclcpp/rclcpp/executors.hpp:22\x1b[m\x1b[K,\n'}
[6.691105] (ydlidar_ros2_driver) StderrLine: {'line': b'                 from \x1b[01m\x1b[K/opt/ros/humble/include/rclcpp/rclcpp/rclcpp.hpp:155\x1b[m\x1b[K,\n'}
[6.691220] (ydlidar_ros2_driver) StderrLine: {'line': b'                 from \x1b[01m\x1b[K/home/geonmo/ydlidar_ws/src/ydlidar_ros2_driver/src/ydlidar_ros2_driver_node.cpp:23\x1b[m\x1b[K:\n'}
[6.691333] (ydlidar_ros2_driver) StderrLine: {'line': b'\x1b[01m\x1b[K/opt/ros/humble/include/rclcpp/rclcpp/node.hpp:366:3:\x1b[m\x1b[K \x1b[01;36m\x1b[Knote: \x1b[m\x1b[Kcandidate: \xe2\x80\x98\x1b[01m\x1b[Kconst rclcpp::ParameterValue& rclcpp::Node::declare_parameter(const string&, const rclcpp::ParameterValue&, const ParameterDescriptor&, bool)\x1b[m\x1b[K\xe2\x80\x99\n'}
[6.691478] (ydlidar_ros2_driver) StderrLine: {'line': b'  366 |   \x1b[01;36m\x1b[Kdeclare_parameter\x1b[m\x1b[K(\n'}
[6.691595] (ydlidar_ros2_driver) StderrLine: {'line': b'      |   \x1b[01;36m\x1b[K^~~~~~~~~~~~~~~~~\x1b[m\x1b[K\n'}
[6.691709] (ydlidar_ros2_driver) StderrLine: {'line': b'\x1b[01m\x1b[K/opt/ros/humble/include/rclcpp/rclcpp/node.hpp:366:3:\x1b[m\x1b[K \x1b[01;36m\x1b[Knote: \x1b[m\x1b[K  candidate expects 4 arguments, 1 provided\n'}
[6.691825] (ydlidar_ros2_driver) StderrLine: {'line': b'\x1b[01m\x1b[K/opt/ros/humble/include/rclcpp/rclcpp/node.hpp:391:3:\x1b[m\x1b[K \x1b[01;36m\x1b[Knote: \x1b[m\x1b[Kcandidate: \xe2\x80\x98\x1b[01m\x1b[Kconst rclcpp::ParameterValue& rclcpp::Node::declare_parameter(const string&, rclcpp::ParameterType, const ParameterDescriptor&, bool)\x1b[m\x1b[K\xe2\x80\x99\n'}
[6.691942] (ydlidar_ros2_driver) StderrLine: {'line': b'  391 |   \x1b[01;36m\x1b[Kdeclare_parameter\x1b[m\x1b[K(\n'}
[6.692055] (ydlidar_ros2_driver) StderrLine: {'line': b'      |   \x1b[01;36m\x1b[K^~~~~~~~~~~~~~~~~\x1b[m\x1b[K\n'}
[6.692187] (ydlidar_ros2_driver) StderrLine: {'line': b'\x1b[01m\x1b[K/opt/ros/humble/include/rclcpp/rclcpp/node.hpp:391:3:\x1b[m\x1b[K \x1b[01;36m\x1b[Knote: \x1b[m\x1b[K  candidate expects 4 arguments, 1 provided\n'}
[6.692302] (ydlidar_ros2_driver) StderrLine: {'line': b'\x1b[01m\x1b[K/home/geonmo/ydlidar_ws/src/ydlidar_ros2_driver/src/ydlidar_ros2_driver_node.cpp:119:26:\x1b[m\x1b[K \x1b[01;31m\x1b[Kerror: \x1b[m\x1b[Kno matching function for call to \xe2\x80\x98\x1b[01m\x1b[Krclcpp::Node::declare_parameter(const char [10])\x1b[m\x1b[K\xe2\x80\x99\n'}
[6.692419] (ydlidar_ros2_driver) StderrLine: {'line': b'  119 |   \x1b[01;31m\x1b[Knode->declare_parameter("intensity")\x1b[m\x1b[K;\n'}
[6.692547] (ydlidar_ros2_driver) StderrLine: {'line': b'      |   \x1b[01;31m\x1b[K~~~~~~~~~~~~~~~~~~~~~~~^~~~~~~~~~~~~\x1b[m\x1b[K\n'}
[6.692663] (ydlidar_ros2_driver) StderrLine: {'line': b'In file included from \x1b[01m\x1b[K/opt/ros/humble/include/rclcpp/rclcpp/executors/single_threaded_executor.hpp:28\x1b[m\x1b[K,\n'}
[6.692776] (ydlidar_ros2_driver) StderrLine: {'line': b'                 from \x1b[01m\x1b[K/opt/ros/humble/include/rclcpp/rclcpp/executors.hpp:22\x1b[m\x1b[K,\n'}
[6.692889] (ydlidar_ros2_driver) StderrLine: {'line': b'                 from \x1b[01m\x1b[K/opt/ros/humble/include/rclcpp/rclcpp/rclcpp.hpp:155\x1b[m\x1b[K,\n'}
[6.693002] (ydlidar_ros2_driver) StderrLine: {'line': b'                 from \x1b[01m\x1b[K/home/geonmo/ydlidar_ws/src/ydlidar_ros2_driver/src/ydlidar_ros2_driver_node.cpp:23\x1b[m\x1b[K:\n'}
[6.693113] (ydlidar_ros2_driver) StderrLine: {'line': b'\x1b[01m\x1b[K/opt/ros/humble/include/rclcpp/rclcpp/node.hpp:421:3:\x1b[m\x1b[K \x1b[01;36m\x1b[Knote: \x1b[m\x1b[Kcandidate: \xe2\x80\x98\x1b[01m\x1b[Ktemplate<class ParameterT> auto rclcpp::Node::declare_parameter(const string&, const ParameterT&, const ParameterDescriptor&, bool)\x1b[m\x1b[K\xe2\x80\x99\n'}
[6.693230] (ydlidar_ros2_driver) StderrLine: {'line': b'  421 |   \x1b[01;36m\x1b[Kdeclare_parameter\x1b[m\x1b[K(\n'}
[6.693342] (ydlidar_ros2_driver) StderrLine: {'line': b'      |   \x1b[01;36m\x1b[K^~~~~~~~~~~~~~~~~\x1b[m\x1b[K\n'}
[6.693455] (ydlidar_ros2_driver) StderrLine: {'line': b'\x1b[01m\x1b[K/opt/ros/humble/include/rclcpp/rclcpp/node.hpp:421:3:\x1b[m\x1b[K \x1b[01;36m\x1b[Knote: \x1b[m\x1b[K  template argument deduction/substitution failed:\n'}
[6.693569] (ydlidar_ros2_driver) StderrLine: {'line': b'\x1b[01m\x1b[K/home/geonmo/ydlidar_ws/src/ydlidar_ros2_driver/src/ydlidar_ros2_driver_node.cpp:119:26:\x1b[m\x1b[K \x1b[01;36m\x1b[Knote: \x1b[m\x1b[K  candidate expects 4 arguments, 1 provided\n'}
[6.693687] (ydlidar_ros2_driver) StderrLine: {'line': b'  119 |   \x1b[01;36m\x1b[Knode->declare_parameter("intensity")\x1b[m\x1b[K;\n'}
[6.693803] (ydlidar_ros2_driver) StderrLine: {'line': b'      |   \x1b[01;36m\x1b[K~~~~~~~~~~~~~~~~~~~~~~~^~~~~~~~~~~~~\x1b[m\x1b[K\n'}
[6.693914] (ydlidar_ros2_driver) StderrLine: {'line': b'In file included from \x1b[01m\x1b[K/opt/ros/humble/include/rclcpp/rclcpp/executors/single_threaded_executor.hpp:28\x1b[m\x1b[K,\n'}
[6.694028] (ydlidar_ros2_driver) StderrLine: {'line': b'                 from \x1b[01m\x1b[K/opt/ros/humble/include/rclcpp/rclcpp/executors.hpp:22\x1b[m\x1b[K,\n'}
[6.694140] (ydlidar_ros2_driver) StderrLine: {'line': b'                 from \x1b[01m\x1b[K/opt/ros/humble/include/rclcpp/rclcpp/rclcpp.hpp:155\x1b[m\x1b[K,\n'}
[6.694253] (ydlidar_ros2_driver) StderrLine: {'line': b'                 from \x1b[01m\x1b[K/home/geonmo/ydlidar_ws/src/ydlidar_ros2_driver/src/ydlidar_ros2_driver_node.cpp:23\x1b[m\x1b[K:\n'}
[6.694365] (ydlidar_ros2_driver) StderrLine: {'line': b'\x1b[01m\x1b[K/opt/ros/humble/include/rclcpp/rclcpp/node.hpp:434:3:\x1b[m\x1b[K \x1b[01;36m\x1b[Knote: \x1b[m\x1b[Kcandidate: \xe2\x80\x98\x1b[01m\x1b[Ktemplate<class ParameterT> auto rclcpp::Node::declare_parameter(const string&, const ParameterDescriptor&, bool)\x1b[m\x1b[K\xe2\x80\x99\n'}
[6.694480] (ydlidar_ros2_driver) StderrLine: {'line': b'  434 |   \x1b[01;36m\x1b[Kdeclare_parameter\x1b[m\x1b[K(\n'}
[6.694592] (ydlidar_ros2_driver) StderrLine: {'line': b'      |   \x1b[01;36m\x1b[K^~~~~~~~~~~~~~~~~\x1b[m\x1b[K\n'}
[6.694718] (ydlidar_ros2_driver) StderrLine: {'line': b'\x1b[01m\x1b[K/opt/ros/humble/include/rclcpp/rclcpp/node.hpp:434:3:\x1b[m\x1b[K \x1b[01;36m\x1b[Knote: \x1b[m\x1b[K  template argument deduction/substitution failed:\n'}
[6.694834] (ydlidar_ros2_driver) StderrLine: {'line': b'\x1b[01m\x1b[K/home/geonmo/ydlidar_ws/src/ydlidar_ros2_driver/src/ydlidar_ros2_driver_node.cpp:119:26:\x1b[m\x1b[K \x1b[01;36m\x1b[Knote: \x1b[m\x1b[K  couldn\xe2\x80\x99t deduce template parameter \xe2\x80\x98\x1b[01m\x1b[KParameterT\x1b[m\x1b[K\xe2\x80\x99\n'}
[6.694963] (ydlidar_ros2_driver) StderrLine: {'line': b'  119 |   \x1b[01;36m\x1b[Knode->declare_parameter("intensity")\x1b[m\x1b[K;\n'}
[6.695079] (ydlidar_ros2_driver) StderrLine: {'line': b'      |   \x1b[01;36m\x1b[K~~~~~~~~~~~~~~~~~~~~~~~^~~~~~~~~~~~~\x1b[m\x1b[K\n'}
[6.695207] (ydlidar_ros2_driver) StderrLine: {'line': b'In file included from \x1b[01m\x1b[K/opt/ros/humble/include/rclcpp/rclcpp/executors/single_threaded_executor.hpp:28\x1b[m\x1b[K,\n'}
[6.695321] (ydlidar_ros2_driver) StderrLine: {'line': b'                 from \x1b[01m\x1b[K/opt/ros/humble/include/rclcpp/rclcpp/executors.hpp:22\x1b[m\x1b[K,\n'}
[6.695461] (ydlidar_ros2_driver) StderrLine: {'line': b'                 from \x1b[01m\x1b[K/opt/ros/humble/include/rclcpp/rclcpp/rclcpp.hpp:155\x1b[m\x1b[K,\n'}
[6.695579] (ydlidar_ros2_driver) StderrLine: {'line': b'                 from \x1b[01m\x1b[K/home/geonmo/ydlidar_ws/src/ydlidar_ros2_driver/src/ydlidar_ros2_driver_node.cpp:23\x1b[m\x1b[K:\n'}
[6.695693] (ydlidar_ros2_driver) StderrLine: {'line': b'\x1b[01m\x1b[K/opt/ros/humble/include/rclcpp/rclcpp/node.hpp:366:3:\x1b[m\x1b[K \x1b[01;36m\x1b[Knote: \x1b[m\x1b[Kcandidate: \xe2\x80\x98\x1b[01m\x1b[Kconst rclcpp::ParameterValue& rclcpp::Node::declare_parameter(const string&, const rclcpp::ParameterValue&, const ParameterDescriptor&, bool)\x1b[m\x1b[K\xe2\x80\x99\n'}
[6.695813] (ydlidar_ros2_driver) StderrLine: {'line': b'  366 |   \x1b[01;36m\x1b[Kdeclare_parameter\x1b[m\x1b[K(\n'}
[6.696086] (ydlidar_ros2_driver) StderrLine: {'line': b'      |   \x1b[01;36m\x1b[K^~~~~~~~~~~~~~~~~\x1b[m\x1b[K\n'}
[6.696216] (ydlidar_ros2_driver) StderrLine: {'line': b'\x1b[01m\x1b[K/opt/ros/humble/include/rclcpp/rclcpp/node.hpp:366:3:\x1b[m\x1b[K \x1b[01;36m\x1b[Knote: \x1b[m\x1b[K  candidate expects 4 arguments, 1 provided\n'}
[6.696336] (ydlidar_ros2_driver) StderrLine: {'line': b'\x1b[01m\x1b[K/opt/ros/humble/include/rclcpp/rclcpp/node.hpp:391:3:\x1b[m\x1b[K \x1b[01;36m\x1b[Knote: \x1b[m\x1b[Kcandidate: \xe2\x80\x98\x1b[01m\x1b[Kconst rclcpp::ParameterValue& rclcpp::Node::declare_parameter(const string&, rclcpp::ParameterType, const ParameterDescriptor&, bool)\x1b[m\x1b[K\xe2\x80\x99\n'}
[6.696454] (ydlidar_ros2_driver) StderrLine: {'line': b'  391 |   \x1b[01;36m\x1b[Kdeclare_parameter\x1b[m\x1b[K(\n'}
[6.696568] (ydlidar_ros2_driver) StderrLine: {'line': b'      |   \x1b[01;36m\x1b[K^~~~~~~~~~~~~~~~~\x1b[m\x1b[K\n'}
[6.696680] (ydlidar_ros2_driver) StderrLine: {'line': b'\x1b[01m\x1b[K/opt/ros/humble/include/rclcpp/rclcpp/node.hpp:391:3:\x1b[m\x1b[K \x1b[01;36m\x1b[Knote: \x1b[m\x1b[K  candidate expects 4 arguments, 1 provided\n'}
[6.696795] (ydlidar_ros2_driver) StderrLine: {'line': b'\x1b[01m\x1b[K/home/geonmo/ydlidar_ws/src/ydlidar_ros2_driver/src/ydlidar_ros2_driver_node.cpp:124:26:\x1b[m\x1b[K \x1b[01;31m\x1b[Kerror: \x1b[m\x1b[Kno matching function for call to \xe2\x80\x98\x1b[01m\x1b[Krclcpp::Node::declare_parameter(const char [18])\x1b[m\x1b[K\xe2\x80\x99\n'}
[6.696932] (ydlidar_ros2_driver) StderrLine: {'line': b'  124 |   \x1b[01;31m\x1b[Knode->declare_parameter("support_motor_dtr")\x1b[m\x1b[K;\n'}
[6.697049] (ydlidar_ros2_driver) StderrLine: {'line': b'      |   \x1b[01;31m\x1b[K~~~~~~~~~~~~~~~~~~~~~~~^~~~~~~~~~~~~~~~~~~~~\x1b[m\x1b[K\n'}
[6.697163] (ydlidar_ros2_driver) StderrLine: {'line': b'In file included from \x1b[01m\x1b[K/opt/ros/humble/include/rclcpp/rclcpp/executors/single_threaded_executor.hpp:28\x1b[m\x1b[K,\n'}
[6.697292] (ydlidar_ros2_driver) StderrLine: {'line': b'                 from \x1b[01m\x1b[K/opt/ros/humble/include/rclcpp/rclcpp/executors.hpp:22\x1b[m\x1b[K,\n'}
[6.697407] (ydlidar_ros2_driver) StderrLine: {'line': b'                 from \x1b[01m\x1b[K/opt/ros/humble/include/rclcpp/rclcpp/rclcpp.hpp:155\x1b[m\x1b[K,\n'}
[6.697520] (ydlidar_ros2_driver) StderrLine: {'line': b'                 from \x1b[01m\x1b[K/home/geonmo/ydlidar_ws/src/ydlidar_ros2_driver/src/ydlidar_ros2_driver_node.cpp:23\x1b[m\x1b[K:\n'}
[6.697634] (ydlidar_ros2_driver) StderrLine: {'line': b'\x1b[01m\x1b[K/opt/ros/humble/include/rclcpp/rclcpp/node.hpp:421:3:\x1b[m\x1b[K \x1b[01;36m\x1b[Knote: \x1b[m\x1b[Kcandidate: \xe2\x80\x98\x1b[01m\x1b[Ktemplate<class ParameterT> auto rclcpp::Node::declare_parameter(const string&, const ParameterT&, const ParameterDescriptor&, bool)\x1b[m\x1b[K\xe2\x80\x99\n'}
[6.697751] (ydlidar_ros2_driver) StderrLine: {'line': b'  421 |   \x1b[01;36m\x1b[Kdeclare_parameter\x1b[m\x1b[K(\n'}
[6.697862] (ydlidar_ros2_driver) StderrLine: {'line': b'      |   \x1b[01;36m\x1b[K^~~~~~~~~~~~~~~~~\x1b[m\x1b[K\n'}
[6.697975] (ydlidar_ros2_driver) StderrLine: {'line': b'\x1b[01m\x1b[K/opt/ros/humble/include/rclcpp/rclcpp/node.hpp:421:3:\x1b[m\x1b[K \x1b[01;36m\x1b[Knote: \x1b[m\x1b[K  template argument deduction/substitution failed:\n'}
[6.698089] (ydlidar_ros2_driver) StderrLine: {'line': b'\x1b[01m\x1b[K/home/geonmo/ydlidar_ws/src/ydlidar_ros2_driver/src/ydlidar_ros2_driver_node.cpp:124:26:\x1b[m\x1b[K \x1b[01;36m\x1b[Knote: \x1b[m\x1b[K  candidate expects 4 arguments, 1 provided\n'}
[6.698202] (ydlidar_ros2_driver) StderrLine: {'line': b'  124 |   \x1b[01;36m\x1b[Knode->declare_parameter("support_motor_dtr")\x1b[m\x1b[K;\n'}
[6.698316] (ydlidar_ros2_driver) StderrLine: {'line': b'      |   \x1b[01;36m\x1b[K~~~~~~~~~~~~~~~~~~~~~~~^~~~~~~~~~~~~~~~~~~~~\x1b[m\x1b[K\n'}
[6.698429] (ydlidar_ros2_driver) StderrLine: {'line': b'In file included from \x1b[01m\x1b[K/opt/ros/humble/include/rclcpp/rclcpp/executors/single_threaded_executor.hpp:28\x1b[m\x1b[K,\n'}
[6.698543] (ydlidar_ros2_driver) StderrLine: {'line': b'                 from \x1b[01m\x1b[K/opt/ros/humble/include/rclcpp/rclcpp/executors.hpp:22\x1b[m\x1b[K,\n'}
[6.698655] (ydlidar_ros2_driver) StderrLine: {'line': b'                 from \x1b[01m\x1b[K/opt/ros/humble/include/rclcpp/rclcpp/rclcpp.hpp:155\x1b[m\x1b[K,\n'}
[6.698767] (ydlidar_ros2_driver) StderrLine: {'line': b'                 from \x1b[01m\x1b[K/home/geonmo/ydlidar_ws/src/ydlidar_ros2_driver/src/ydlidar_ros2_driver_node.cpp:23\x1b[m\x1b[K:\n'}
[6.698881] (ydlidar_ros2_driver) StderrLine: {'line': b'\x1b[01m\x1b[K/opt/ros/humble/include/rclcpp/rclcpp/node.hpp:434:3:\x1b[m\x1b[K \x1b[01;36m\x1b[Knote: \x1b[m\x1b[Kcandidate: \xe2\x80\x98\x1b[01m\x1b[Ktemplate<class ParameterT> auto rclcpp::Node::declare_parameter(const string&, const ParameterDescriptor&, bool)\x1b[m\x1b[K\xe2\x80\x99\n'}
[6.699012] (ydlidar_ros2_driver) StderrLine: {'line': b'  434 |   \x1b[01;36m\x1b[Kdeclare_parameter\x1b[m\x1b[K(\n'}
[6.699131] (ydlidar_ros2_driver) StderrLine: {'line': b'      |   \x1b[01;36m\x1b[K^~~~~~~~~~~~~~~~~\x1b[m\x1b[K\n'}
[6.699244] (ydlidar_ros2_driver) StderrLine: {'line': b'\x1b[01m\x1b[K/opt/ros/humble/include/rclcpp/rclcpp/node.hpp:434:3:\x1b[m\x1b[K \x1b[01;36m\x1b[Knote: \x1b[m\x1b[K  template argument deduction/substitution failed:\n'}
[6.699359] (ydlidar_ros2_driver) StderrLine: {'line': b'\x1b[01m\x1b[K/home/geonmo/ydlidar_ws/src/ydlidar_ros2_driver/src/ydlidar_ros2_driver_node.cpp:124:26:\x1b[m\x1b[K \x1b[01;36m\x1b[Knote: \x1b[m\x1b[K  couldn\xe2\x80\x99t deduce template parameter \xe2\x80\x98\x1b[01m\x1b[KParameterT\x1b[m\x1b[K\xe2\x80\x99\n'}
[6.699506] (ydlidar_ros2_driver) StderrLine: {'line': b'  124 |   \x1b[01;36m\x1b[Knode->declare_parameter("support_motor_dtr")\x1b[m\x1b[K;\n'}
[6.699641] (ydlidar_ros2_driver) StderrLine: {'line': b'      |   \x1b[01;36m\x1b[K~~~~~~~~~~~~~~~~~~~~~~~^~~~~~~~~~~~~~~~~~~~~\x1b[m\x1b[K\n'}
[6.699759] (ydlidar_ros2_driver) StderrLine: {'line': b'In file included from \x1b[01m\x1b[K/opt/ros/humble/include/rclcpp/rclcpp/executors/single_threaded_executor.hpp:28\x1b[m\x1b[K,\n'}
[6.699888] (ydlidar_ros2_driver) StderrLine: {'line': b'                 from \x1b[01m\x1b[K/opt/ros/humble/include/rclcpp/rclcpp/executors.hpp:22\x1b[m\x1b[K,\n'}
[6.700002] (ydlidar_ros2_driver) StderrLine: {'line': b'                 from \x1b[01m\x1b[K/opt/ros/humble/include/rclcpp/rclcpp/rclcpp.hpp:155\x1b[m\x1b[K,\n'}
[6.700115] (ydlidar_ros2_driver) StderrLine: {'line': b'                 from \x1b[01m\x1b[K/home/geonmo/ydlidar_ws/src/ydlidar_ros2_driver/src/ydlidar_ros2_driver_node.cpp:23\x1b[m\x1b[K:\n'}
[6.700229] (ydlidar_ros2_driver) StderrLine: {'line': b'\x1b[01m\x1b[K/opt/ros/humble/include/rclcpp/rclcpp/node.hpp:366:3:\x1b[m\x1b[K \x1b[01;36m\x1b[Knote: \x1b[m\x1b[Kcandidate: \xe2\x80\x98\x1b[01m\x1b[Kconst rclcpp::ParameterValue& rclcpp::Node::declare_parameter(const string&, const rclcpp::ParameterValue&, const ParameterDescriptor&, bool)\x1b[m\x1b[K\xe2\x80\x99\n'}
[6.700350] (ydlidar_ros2_driver) StderrLine: {'line': b'  366 |   \x1b[01;36m\x1b[Kdeclare_parameter\x1b[m\x1b[K(\n'}
[6.700464] (ydlidar_ros2_driver) StderrLine: {'line': b'      |   \x1b[01;36m\x1b[K^~~~~~~~~~~~~~~~~\x1b[m\x1b[K\n'}
[6.700576] (ydlidar_ros2_driver) StderrLine: {'line': b'\x1b[01m\x1b[K/opt/ros/humble/include/rclcpp/rclcpp/node.hpp:366:3:\x1b[m\x1b[K \x1b[01;36m\x1b[Knote: \x1b[m\x1b[K  candidate expects 4 arguments, 1 provided\n'}
[6.700690] (ydlidar_ros2_driver) StderrLine: {'line': b'\x1b[01m\x1b[K/opt/ros/humble/include/rclcpp/rclcpp/node.hpp:391:3:\x1b[m\x1b[K \x1b[01;36m\x1b[Knote: \x1b[m\x1b[Kcandidate: \xe2\x80\x98\x1b[01m\x1b[Kconst rclcpp::ParameterValue& rclcpp::Node::declare_parameter(const string&, rclcpp::ParameterType, const ParameterDescriptor&, bool)\x1b[m\x1b[K\xe2\x80\x99\n'}
[6.700806] (ydlidar_ros2_driver) StderrLine: {'line': b'  391 |   \x1b[01;36m\x1b[Kdeclare_parameter\x1b[m\x1b[K(\n'}
[6.700919] (ydlidar_ros2_driver) StderrLine: {'line': b'      |   \x1b[01;36m\x1b[K^~~~~~~~~~~~~~~~~\x1b[m\x1b[K\n'}
[6.701032] (ydlidar_ros2_driver) StderrLine: {'line': b'\x1b[01m\x1b[K/opt/ros/humble/include/rclcpp/rclcpp/node.hpp:391:3:\x1b[m\x1b[K \x1b[01;36m\x1b[Knote: \x1b[m\x1b[K  candidate expects 4 arguments, 1 provided\n'}
[6.701157] (ydlidar_ros2_driver) StderrLine: {'line': b'\x1b[01m\x1b[K/home/geonmo/ydlidar_ws/src/ydlidar_ros2_driver/src/ydlidar_ros2_driver_node.cpp:129:26:\x1b[m\x1b[K \x1b[01;31m\x1b[Kerror: \x1b[m\x1b[Kno matching function for call to \xe2\x80\x98\x1b[01m\x1b[Krclcpp::Node::declare_parameter(const char [6])\x1b[m\x1b[K\xe2\x80\x99\n'}
[6.701294] (ydlidar_ros2_driver) StderrLine: {'line': b'  129 |   \x1b[01;31m\x1b[Knode->declare_parameter("debug")\x1b[m\x1b[K;\n'}
[6.701413] (ydlidar_ros2_driver) StderrLine: {'line': b'      |   \x1b[01;31m\x1b[K~~~~~~~~~~~~~~~~~~~~~~~^~~~~~~~~\x1b[m\x1b[K\n'}
[6.701526] (ydlidar_ros2_driver) StderrLine: {'line': b'In file included from \x1b[01m\x1b[K/opt/ros/humble/include/rclcpp/rclcpp/executors/single_threaded_executor.hpp:28\x1b[m\x1b[K,\n'}
[6.701641] (ydlidar_ros2_driver) StderrLine: {'line': b'                 from \x1b[01m\x1b[K/opt/ros/humble/include/rclcpp/rclcpp/executors.hpp:22\x1b[m\x1b[K,\n'}
[6.701756] (ydlidar_ros2_driver) StderrLine: {'line': b'                 from \x1b[01m\x1b[K/opt/ros/humble/include/rclcpp/rclcpp/rclcpp.hpp:155\x1b[m\x1b[K,\n'}
[6.701869] (ydlidar_ros2_driver) StderrLine: {'line': b'                 from \x1b[01m\x1b[K/home/geonmo/ydlidar_ws/src/ydlidar_ros2_driver/src/ydlidar_ros2_driver_node.cpp:23\x1b[m\x1b[K:\n'}
[6.701982] (ydlidar_ros2_driver) StderrLine: {'line': b'\x1b[01m\x1b[K/opt/ros/humble/include/rclcpp/rclcpp/node.hpp:421:3:\x1b[m\x1b[K \x1b[01;36m\x1b[Knote: \x1b[m\x1b[Kcandidate: \xe2\x80\x98\x1b[01m\x1b[Ktemplate<class ParameterT> auto rclcpp::Node::declare_parameter(const string&, const ParameterT&, const ParameterDescriptor&, bool)\x1b[m\x1b[K\xe2\x80\x99\n'}
[6.702097] (ydlidar_ros2_driver) StderrLine: {'line': b'  421 |   \x1b[01;36m\x1b[Kdeclare_parameter\x1b[m\x1b[K(\n'}
[6.702226] (ydlidar_ros2_driver) StderrLine: {'line': b'      |   \x1b[01;36m\x1b[K^~~~~~~~~~~~~~~~~\x1b[m\x1b[K\n'}
[6.702339] (ydlidar_ros2_driver) StderrLine: {'line': b'\x1b[01m\x1b[K/opt/ros/humble/include/rclcpp/rclcpp/node.hpp:421:3:\x1b[m\x1b[K \x1b[01;36m\x1b[Knote: \x1b[m\x1b[K  template argument deduction/substitution failed:\n'}
[6.702453] (ydlidar_ros2_driver) StderrLine: {'line': b'\x1b[01m\x1b[K/home/geonmo/ydlidar_ws/src/ydlidar_ros2_driver/src/ydlidar_ros2_driver_node.cpp:129:26:\x1b[m\x1b[K \x1b[01;36m\x1b[Knote: \x1b[m\x1b[K  candidate expects 4 arguments, 1 provided\n'}
[6.702567] (ydlidar_ros2_driver) StderrLine: {'line': b'  129 |   \x1b[01;36m\x1b[Knode->declare_parameter("debug")\x1b[m\x1b[K;\n'}
[6.702680] (ydlidar_ros2_driver) StderrLine: {'line': b'      |   \x1b[01;36m\x1b[K~~~~~~~~~~~~~~~~~~~~~~~^~~~~~~~~\x1b[m\x1b[K\n'}
[6.702792] (ydlidar_ros2_driver) StderrLine: {'line': b'In file included from \x1b[01m\x1b[K/opt/ros/humble/include/rclcpp/rclcpp/executors/single_threaded_executor.hpp:28\x1b[m\x1b[K,\n'}
[6.702905] (ydlidar_ros2_driver) StderrLine: {'line': b'                 from \x1b[01m\x1b[K/opt/ros/humble/include/rclcpp/rclcpp/executors.hpp:22\x1b[m\x1b[K,\n'}
[6.703032] (ydlidar_ros2_driver) StderrLine: {'line': b'                 from \x1b[01m\x1b[K/opt/ros/humble/include/rclcpp/rclcpp/rclcpp.hpp:155\x1b[m\x1b[K,\n'}
[6.703149] (ydlidar_ros2_driver) StderrLine: {'line': b'                 from \x1b[01m\x1b[K/home/geonmo/ydlidar_ws/src/ydlidar_ros2_driver/src/ydlidar_ros2_driver_node.cpp:23\x1b[m\x1b[K:\n'}
[6.703263] (ydlidar_ros2_driver) StderrLine: {'line': b'\x1b[01m\x1b[K/opt/ros/humble/include/rclcpp/rclcpp/node.hpp:434:3:\x1b[m\x1b[K \x1b[01;36m\x1b[Knote: \x1b[m\x1b[Kcandidate: \xe2\x80\x98\x1b[01m\x1b[Ktemplate<class ParameterT> auto rclcpp::Node::declare_parameter(const string&, const ParameterDescriptor&, bool)\x1b[m\x1b[K\xe2\x80\x99\n'}
[6.703380] (ydlidar_ros2_driver) StderrLine: {'line': b'  434 |   \x1b[01;36m\x1b[Kdeclare_parameter\x1b[m\x1b[K(\n'}
[6.703551] (ydlidar_ros2_driver) StderrLine: {'line': b'      |   \x1b[01;36m\x1b[K^~~~~~~~~~~~~~~~~\x1b[m\x1b[K\n'}
[6.703671] (ydlidar_ros2_driver) StderrLine: {'line': b'\x1b[01m\x1b[K/opt/ros/humble/include/rclcpp/rclcpp/node.hpp:434:3:\x1b[m\x1b[K \x1b[01;36m\x1b[Knote: \x1b[m\x1b[K  template argument deduction/substitution failed:\n'}
[6.703788] (ydlidar_ros2_driver) StderrLine: {'line': b'\x1b[01m\x1b[K/home/geonmo/ydlidar_ws/src/ydlidar_ros2_driver/src/ydlidar_ros2_driver_node.cpp:129:26:\x1b[m\x1b[K \x1b[01;36m\x1b[Knote: \x1b[m\x1b[K  couldn\xe2\x80\x99t deduce template parameter \xe2\x80\x98\x1b[01m\x1b[KParameterT\x1b[m\x1b[K\xe2\x80\x99\n'}
[6.703923] (ydlidar_ros2_driver) StderrLine: {'line': b'  129 |   \x1b[01;36m\x1b[Knode->declare_parameter("debug")\x1b[m\x1b[K;\n'}
[6.704038] (ydlidar_ros2_driver) StderrLine: {'line': b'      |   \x1b[01;36m\x1b[K~~~~~~~~~~~~~~~~~~~~~~~^~~~~~~~~\x1b[m\x1b[K\n'}
[6.704151] (ydlidar_ros2_driver) StderrLine: {'line': b'In file included from \x1b[01m\x1b[K/opt/ros/humble/include/rclcpp/rclcpp/executors/single_threaded_executor.hpp:28\x1b[m\x1b[K,\n'}
[6.704265] (ydlidar_ros2_driver) StderrLine: {'line': b'                 from \x1b[01m\x1b[K/opt/ros/humble/include/rclcpp/rclcpp/executors.hpp:22\x1b[m\x1b[K,\n'}
[6.704378] (ydlidar_ros2_driver) StderrLine: {'line': b'                 from \x1b[01m\x1b[K/opt/ros/humble/include/rclcpp/rclcpp/rclcpp.hpp:155\x1b[m\x1b[K,\n'}
[6.704490] (ydlidar_ros2_driver) StderrLine: {'line': b'                 from \x1b[01m\x1b[K/home/geonmo/ydlidar_ws/src/ydlidar_ros2_driver/src/ydlidar_ros2_driver_node.cpp:23\x1b[m\x1b[K:\n'}
[6.704604] (ydlidar_ros2_driver) StderrLine: {'line': b'\x1b[01m\x1b[K/opt/ros/humble/include/rclcpp/rclcpp/node.hpp:366:3:\x1b[m\x1b[K \x1b[01;36m\x1b[Knote: \x1b[m\x1b[Kcandidate: \xe2\x80\x98\x1b[01m\x1b[Kconst rclcpp::ParameterValue& rclcpp::Node::declare_parameter(const string&, const rclcpp::ParameterValue&, const ParameterDescriptor&, bool)\x1b[m\x1b[K\xe2\x80\x99\n'}
[6.704726] (ydlidar_ros2_driver) StderrLine: {'line': b'  366 |   \x1b[01;36m\x1b[Kdeclare_parameter\x1b[m\x1b[K(\n'}
[6.704875] (ydlidar_ros2_driver) StderrLine: {'line': b'      |   \x1b[01;36m\x1b[K^~~~~~~~~~~~~~~~~\x1b[m\x1b[K\n'}
[6.705100] (ydlidar_ros2_driver) StderrLine: {'line': b'\x1b[01m\x1b[K/opt/ros/humble/include/rclcpp/rclcpp/node.hpp:366:3:\x1b[m\x1b[K \x1b[01;36m\x1b[Knote: \x1b[m\x1b[K  candidate expects 4 arguments, 1 provided\n'}
[6.705224] (ydlidar_ros2_driver) StderrLine: {'line': b'\x1b[01m\x1b[K/opt/ros/humble/include/rclcpp/rclcpp/node.hpp:391:3:\x1b[m\x1b[K \x1b[01;36m\x1b[Knote: \x1b[m\x1b[Kcandidate: \xe2\x80\x98\x1b[01m\x1b[Kconst rclcpp::ParameterValue& rclcpp::Node::declare_parameter(const string&, rclcpp::ParameterType, const ParameterDescriptor&, bool)\x1b[m\x1b[K\xe2\x80\x99\n'}
[6.705346] (ydlidar_ros2_driver) StderrLine: {'line': b'  391 |   \x1b[01;36m\x1b[Kdeclare_parameter\x1b[m\x1b[K(\n'}
[6.705460] (ydlidar_ros2_driver) StderrLine: {'line': b'      |   \x1b[01;36m\x1b[K^~~~~~~~~~~~~~~~~\x1b[m\x1b[K\n'}
[6.705574] (ydlidar_ros2_driver) StderrLine: {'line': b'\x1b[01m\x1b[K/opt/ros/humble/include/rclcpp/rclcpp/node.hpp:391:3:\x1b[m\x1b[K \x1b[01;36m\x1b[Knote: \x1b[m\x1b[K  candidate expects 4 arguments, 1 provided\n'}
[6.705692] (ydlidar_ros2_driver) StderrLine: {'line': b'\x1b[01m\x1b[K/home/geonmo/ydlidar_ws/src/ydlidar_ros2_driver/src/ydlidar_ros2_driver_node.cpp:136:26:\x1b[m\x1b[K \x1b[01;31m\x1b[Kerror: \x1b[m\x1b[Kno matching function for call to \xe2\x80\x98\x1b[01m\x1b[Krclcpp::Node::declare_parameter(const char [10])\x1b[m\x1b[K\xe2\x80\x99\n'}
[6.705826] (ydlidar_ros2_driver) StderrLine: {'line': b'  136 |   \x1b[01;31m\x1b[Knode->declare_parameter("angle_max")\x1b[m\x1b[K;\n'}
[6.705943] (ydlidar_ros2_driver) StderrLine: {'line': b'      |   \x1b[01;31m\x1b[K~~~~~~~~~~~~~~~~~~~~~~~^~~~~~~~~~~~~\x1b[m\x1b[K\n'}
[6.706058] (ydlidar_ros2_driver) StderrLine: {'line': b'In file included from \x1b[01m\x1b[K/opt/ros/humble/include/rclcpp/rclcpp/executors/single_threaded_executor.hpp:28\x1b[m\x1b[K,\n'}
[6.706172] (ydlidar_ros2_driver) StderrLine: {'line': b'                 from \x1b[01m\x1b[K/opt/ros/humble/include/rclcpp/rclcpp/executors.hpp:22\x1b[m\x1b[K,\n'}
[6.706285] (ydlidar_ros2_driver) StderrLine: {'line': b'                 from \x1b[01m\x1b[K/opt/ros/humble/include/rclcpp/rclcpp/rclcpp.hpp:155\x1b[m\x1b[K,\n'}
[6.706398] (ydlidar_ros2_driver) StderrLine: {'line': b'                 from \x1b[01m\x1b[K/home/geonmo/ydlidar_ws/src/ydlidar_ros2_driver/src/ydlidar_ros2_driver_node.cpp:23\x1b[m\x1b[K:\n'}
[6.706512] (ydlidar_ros2_driver) StderrLine: {'line': b'\x1b[01m\x1b[K/opt/ros/humble/include/rclcpp/rclcpp/node.hpp:421:3:\x1b[m\x1b[K \x1b[01;36m\x1b[Knote: \x1b[m\x1b[Kcandidate: \xe2\x80\x98\x1b[01m\x1b[Ktemplate<class ParameterT> auto rclcpp::Node::declare_parameter(const string&, const ParameterT&, const ParameterDescriptor&, bool)\x1b[m\x1b[K\xe2\x80\x99\n'}
[6.706628] (ydlidar_ros2_driver) StderrLine: {'line': b'  421 |   \x1b[01;36m\x1b[Kdeclare_parameter\x1b[m\x1b[K(\n'}
[6.706741] (ydlidar_ros2_driver) StderrLine: {'line': b'      |   \x1b[01;36m\x1b[K^~~~~~~~~~~~~~~~~\x1b[m\x1b[K\n'}
[6.706854] (ydlidar_ros2_driver) StderrLine: {'line': b'\x1b[01m\x1b[K/opt/ros/humble/include/rclcpp/rclcpp/node.hpp:421:3:\x1b[m\x1b[K \x1b[01;36m\x1b[Knote: \x1b[m\x1b[K  template argument deduction/substitution failed:\n'}
[6.706969] (ydlidar_ros2_driver) StderrLine: {'line': b'\x1b[01m\x1b[K/home/geonmo/ydlidar_ws/src/ydlidar_ros2_driver/src/ydlidar_ros2_driver_node.cpp:136:26:\x1b[m\x1b[K \x1b[01;36m\x1b[Knote: \x1b[m\x1b[K  candidate expects 4 arguments, 1 provided\n'}
[6.707110] (ydlidar_ros2_driver) StderrLine: {'line': b'  136 |   \x1b[01;36m\x1b[Knode->declare_parameter("angle_max")\x1b[m\x1b[K;\n'}
[6.707230] (ydlidar_ros2_driver) StderrLine: {'line': b'      |   \x1b[01;36m\x1b[K~~~~~~~~~~~~~~~~~~~~~~~^~~~~~~~~~~~~\x1b[m\x1b[K\n'}
[6.707344] (ydlidar_ros2_driver) StderrLine: {'line': b'In file included from \x1b[01m\x1b[K/opt/ros/humble/include/rclcpp/rclcpp/executors/single_threaded_executor.hpp:28\x1b[m\x1b[K,\n'}
[6.707507] (ydlidar_ros2_driver) StderrLine: {'line': b'                 from \x1b[01m\x1b[K/opt/ros/humble/include/rclcpp/rclcpp/executors.hpp:22\x1b[m\x1b[K,\n'}
[6.707627] (ydlidar_ros2_driver) StderrLine: {'line': b'                 from \x1b[01m\x1b[K/opt/ros/humble/include/rclcpp/rclcpp/rclcpp.hpp:155\x1b[m\x1b[K,\n'}
[6.707743] (ydlidar_ros2_driver) StderrLine: {'line': b'                 from \x1b[01m\x1b[K/home/geonmo/ydlidar_ws/src/ydlidar_ros2_driver/src/ydlidar_ros2_driver_node.cpp:23\x1b[m\x1b[K:\n'}
[6.707857] (ydlidar_ros2_driver) StderrLine: {'line': b'\x1b[01m\x1b[K/opt/ros/humble/include/rclcpp/rclcpp/node.hpp:434:3:\x1b[m\x1b[K \x1b[01;36m\x1b[Knote: \x1b[m\x1b[Kcandidate: \xe2\x80\x98\x1b[01m\x1b[Ktemplate<class ParameterT> auto rclcpp::Node::declare_parameter(const string&, const ParameterDescriptor&, bool)\x1b[m\x1b[K\xe2\x80\x99\n'}
[6.707976] (ydlidar_ros2_driver) StderrLine: {'line': b'  434 |   \x1b[01;36m\x1b[Kdeclare_parameter\x1b[m\x1b[K(\n'}
[6.708090] (ydlidar_ros2_driver) StderrLine: {'line': b'      |   \x1b[01;36m\x1b[K^~~~~~~~~~~~~~~~~\x1b[m\x1b[K\n'}
[6.708203] (ydlidar_ros2_driver) StderrLine: {'line': b'\x1b[01m\x1b[K/opt/ros/humble/include/rclcpp/rclcpp/node.hpp:434:3:\x1b[m\x1b[K \x1b[01;36m\x1b[Knote: \x1b[m\x1b[K  template argument deduction/substitution failed:\n'}
[6.708317] (ydlidar_ros2_driver) StderrLine: {'line': b'\x1b[01m\x1b[K/home/geonmo/ydlidar_ws/src/ydlidar_ros2_driver/src/ydlidar_ros2_driver_node.cpp:136:26:\x1b[m\x1b[K \x1b[01;36m\x1b[Knote: \x1b[m\x1b[K  couldn\xe2\x80\x99t deduce template parameter \xe2\x80\x98\x1b[01m\x1b[KParameterT\x1b[m\x1b[K\xe2\x80\x99\n'}
[6.708449] (ydlidar_ros2_driver) StderrLine: {'line': b'  136 |   \x1b[01;36m\x1b[Knode->declare_parameter("angle_max")\x1b[m\x1b[K;\n'}
[6.708565] (ydlidar_ros2_driver) StderrLine: {'line': b'      |   \x1b[01;36m\x1b[K~~~~~~~~~~~~~~~~~~~~~~~^~~~~~~~~~~~~\x1b[m\x1b[K\n'}
[6.708679] (ydlidar_ros2_driver) StderrLine: {'line': b'In file included from \x1b[01m\x1b[K/opt/ros/humble/include/rclcpp/rclcpp/executors/single_threaded_executor.hpp:28\x1b[m\x1b[K,\n'}
[6.708793] (ydlidar_ros2_driver) StderrLine: {'line': b'                 from \x1b[01m\x1b[K/opt/ros/humble/include/rclcpp/rclcpp/executors.hpp:22\x1b[m\x1b[K,\n'}
[6.708908] (ydlidar_ros2_driver) StderrLine: {'line': b'                 from \x1b[01m\x1b[K/opt/ros/humble/include/rclcpp/rclcpp/rclcpp.hpp:155\x1b[m\x1b[K,\n'}
[6.709022] (ydlidar_ros2_driver) StderrLine: {'line': b'                 from \x1b[01m\x1b[K/home/geonmo/ydlidar_ws/src/ydlidar_ros2_driver/src/ydlidar_ros2_driver_node.cpp:23\x1b[m\x1b[K:\n'}
[6.709136] (ydlidar_ros2_driver) StderrLine: {'line': b'\x1b[01m\x1b[K/opt/ros/humble/include/rclcpp/rclcpp/node.hpp:366:3:\x1b[m\x1b[K \x1b[01;36m\x1b[Knote: \x1b[m\x1b[Kcandidate: \xe2\x80\x98\x1b[01m\x1b[Kconst rclcpp::ParameterValue& rclcpp::Node::declare_parameter(const string&, const rclcpp::ParameterValue&, const ParameterDescriptor&, bool)\x1b[m\x1b[K\xe2\x80\x99\n'}
[6.709258] (ydlidar_ros2_driver) StderrLine: {'line': b'  366 |   \x1b[01;36m\x1b[Kdeclare_parameter\x1b[m\x1b[K(\n'}
[6.709371] (ydlidar_ros2_driver) StderrLine: {'line': b'      |   \x1b[01;36m\x1b[K^~~~~~~~~~~~~~~~~\x1b[m\x1b[K\n'}
[6.709486] (ydlidar_ros2_driver) StderrLine: {'line': b'\x1b[01m\x1b[K/opt/ros/humble/include/rclcpp/rclcpp/node.hpp:366:3:\x1b[m\x1b[K \x1b[01;36m\x1b[Knote: \x1b[m\x1b[K  candidate expects 4 arguments, 1 provided\n'}
[6.709600] (ydlidar_ros2_driver) StderrLine: {'line': b'\x1b[01m\x1b[K/opt/ros/humble/include/rclcpp/rclcpp/node.hpp:391:3:\x1b[m\x1b[K \x1b[01;36m\x1b[Knote: \x1b[m\x1b[Kcandidate: \xe2\x80\x98\x1b[01m\x1b[Kconst rclcpp::ParameterValue& rclcpp::Node::declare_parameter(const string&, rclcpp::ParameterType, const ParameterDescriptor&, bool)\x1b[m\x1b[K\xe2\x80\x99\n'}
[6.709717] (ydlidar_ros2_driver) StderrLine: {'line': b'  391 |   \x1b[01;36m\x1b[Kdeclare_parameter\x1b[m\x1b[K(\n'}
[6.709832] (ydlidar_ros2_driver) StderrLine: {'line': b'      |   \x1b[01;36m\x1b[K^~~~~~~~~~~~~~~~~\x1b[m\x1b[K\n'}
[6.709945] (ydlidar_ros2_driver) StderrLine: {'line': b'\x1b[01m\x1b[K/opt/ros/humble/include/rclcpp/rclcpp/node.hpp:391:3:\x1b[m\x1b[K \x1b[01;36m\x1b[Knote: \x1b[m\x1b[K  candidate expects 4 arguments, 1 provided\n'}
[6.710085] (ydlidar_ros2_driver) StderrLine: {'line': b'\x1b[01m\x1b[K/home/geonmo/ydlidar_ws/src/ydlidar_ros2_driver/src/ydlidar_ros2_driver_node.cpp:140:26:\x1b[m\x1b[K \x1b[01;31m\x1b[Kerror: \x1b[m\x1b[Kno matching function for call to \xe2\x80\x98\x1b[01m\x1b[Krclcpp::Node::declare_parameter(const char [10])\x1b[m\x1b[K\xe2\x80\x99\n'}
[6.710205] (ydlidar_ros2_driver) StderrLine: {'line': b'  140 |   \x1b[01;31m\x1b[Knode->declare_parameter("angle_min")\x1b[m\x1b[K;\n'}
[6.710320] (ydlidar_ros2_driver) StderrLine: {'line': b'      |   \x1b[01;31m\x1b[K~~~~~~~~~~~~~~~~~~~~~~~^~~~~~~~~~~~~\x1b[m\x1b[K\n'}
[6.710434] (ydlidar_ros2_driver) StderrLine: {'line': b'In file included from \x1b[01m\x1b[K/opt/ros/humble/include/rclcpp/rclcpp/executors/single_threaded_executor.hpp:28\x1b[m\x1b[K,\n'}
[6.710548] (ydlidar_ros2_driver) StderrLine: {'line': b'                 from \x1b[01m\x1b[K/opt/ros/humble/include/rclcpp/rclcpp/executors.hpp:22\x1b[m\x1b[K,\n'}
[6.710661] (ydlidar_ros2_driver) StderrLine: {'line': b'                 from \x1b[01m\x1b[K/opt/ros/humble/include/rclcpp/rclcpp/rclcpp.hpp:155\x1b[m\x1b[K,\n'}
[6.710775] (ydlidar_ros2_driver) StderrLine: {'line': b'                 from \x1b[01m\x1b[K/home/geonmo/ydlidar_ws/src/ydlidar_ros2_driver/src/ydlidar_ros2_driver_node.cpp:23\x1b[m\x1b[K:\n'}
[6.710889] (ydlidar_ros2_driver) StderrLine: {'line': b'\x1b[01m\x1b[K/opt/ros/humble/include/rclcpp/rclcpp/node.hpp:421:3:\x1b[m\x1b[K \x1b[01;36m\x1b[Knote: \x1b[m\x1b[Kcandidate: \xe2\x80\x98\x1b[01m\x1b[Ktemplate<class ParameterT> auto rclcpp::Node::declare_parameter(const string&, const ParameterT&, const ParameterDescriptor&, bool)\x1b[m\x1b[K\xe2\x80\x99\n'}
[6.711018] (ydlidar_ros2_driver) StderrLine: {'line': b'  421 |   \x1b[01;36m\x1b[Kdeclare_parameter\x1b[m\x1b[K(\n'}
[6.711133] (ydlidar_ros2_driver) StderrLine: {'line': b'      |   \x1b[01;36m\x1b[K^~~~~~~~~~~~~~~~~\x1b[m\x1b[K\n'}
[6.711246] (ydlidar_ros2_driver) StderrLine: {'line': b'\x1b[01m\x1b[K/opt/ros/humble/include/rclcpp/rclcpp/node.hpp:421:3:\x1b[m\x1b[K \x1b[01;36m\x1b[Knote: \x1b[m\x1b[K  template argument deduction/substitution failed:\n'}
[6.711360] (ydlidar_ros2_driver) StderrLine: {'line': b'\x1b[01m\x1b[K/home/geonmo/ydlidar_ws/src/ydlidar_ros2_driver/src/ydlidar_ros2_driver_node.cpp:140:26:\x1b[m\x1b[K \x1b[01;36m\x1b[Knote: \x1b[m\x1b[K  candidate expects 4 arguments, 1 provided\n'}
[6.711498] (ydlidar_ros2_driver) StderrLine: {'line': b'  140 |   \x1b[01;36m\x1b[Knode->declare_parameter("angle_min")\x1b[m\x1b[K;\n'}
[6.711616] (ydlidar_ros2_driver) StderrLine: {'line': b'      |   \x1b[01;36m\x1b[K~~~~~~~~~~~~~~~~~~~~~~~^~~~~~~~~~~~~\x1b[m\x1b[K\n'}
[6.711729] (ydlidar_ros2_driver) StderrLine: {'line': b'In file included from \x1b[01m\x1b[K/opt/ros/humble/include/rclcpp/rclcpp/executors/single_threaded_executor.hpp:28\x1b[m\x1b[K,\n'}
[6.711843] (ydlidar_ros2_driver) StderrLine: {'line': b'                 from \x1b[01m\x1b[K/opt/ros/humble/include/rclcpp/rclcpp/executors.hpp:22\x1b[m\x1b[K,\n'}
[6.711956] (ydlidar_ros2_driver) StderrLine: {'line': b'                 from \x1b[01m\x1b[K/opt/ros/humble/include/rclcpp/rclcpp/rclcpp.hpp:155\x1b[m\x1b[K,\n'}
[6.712069] (ydlidar_ros2_driver) StderrLine: {'line': b'                 from \x1b[01m\x1b[K/home/geonmo/ydlidar_ws/src/ydlidar_ros2_driver/src/ydlidar_ros2_driver_node.cpp:23\x1b[m\x1b[K:\n'}
[6.712183] (ydlidar_ros2_driver) StderrLine: {'line': b'\x1b[01m\x1b[K/opt/ros/humble/include/rclcpp/rclcpp/node.hpp:434:3:\x1b[m\x1b[K \x1b[01;36m\x1b[Knote: \x1b[m\x1b[Kcandidate: \xe2\x80\x98\x1b[01m\x1b[Ktemplate<class ParameterT> auto rclcpp::Node::declare_parameter(const string&, const ParameterDescriptor&, bool)\x1b[m\x1b[K\xe2\x80\x99\n'}
[6.712298] (ydlidar_ros2_driver) StderrLine: {'line': b'  434 |   \x1b[01;36m\x1b[Kdeclare_parameter\x1b[m\x1b[K(\n'}
[6.712410] (ydlidar_ros2_driver) StderrLine: {'line': b'      |   \x1b[01;36m\x1b[K^~~~~~~~~~~~~~~~~\x1b[m\x1b[K\n'}
[6.712539] (ydlidar_ros2_driver) StderrLine: {'line': b'\x1b[01m\x1b[K/opt/ros/humble/include/rclcpp/rclcpp/node.hpp:434:3:\x1b[m\x1b[K \x1b[01;36m\x1b[Knote: \x1b[m\x1b[K  template argument deduction/substitution failed:\n'}
[6.712668] (ydlidar_ros2_driver) StderrLine: {'line': b'\x1b[01m\x1b[K/home/geonmo/ydlidar_ws/src/ydlidar_ros2_driver/src/ydlidar_ros2_driver_node.cpp:140:26:\x1b[m\x1b[K \x1b[01;36m\x1b[Knote: \x1b[m\x1b[K  couldn\xe2\x80\x99t deduce template parameter \xe2\x80\x98\x1b[01m\x1b[KParameterT\x1b[m\x1b[K\xe2\x80\x99\n'}
[6.712785] (ydlidar_ros2_driver) StderrLine: {'line': b'  140 |   \x1b[01;36m\x1b[Knode->declare_parameter("angle_min")\x1b[m\x1b[K;\n'}
[6.712899] (ydlidar_ros2_driver) StderrLine: {'line': b'      |   \x1b[01;36m\x1b[K~~~~~~~~~~~~~~~~~~~~~~~^~~~~~~~~~~~~\x1b[m\x1b[K\n'}
[6.713012] (ydlidar_ros2_driver) StderrLine: {'line': b'In file included from \x1b[01m\x1b[K/opt/ros/humble/include/rclcpp/rclcpp/executors/single_threaded_executor.hpp:28\x1b[m\x1b[K,\n'}
[6.713125] (ydlidar_ros2_driver) StderrLine: {'line': b'                 from \x1b[01m\x1b[K/opt/ros/humble/include/rclcpp/rclcpp/executors.hpp:22\x1b[m\x1b[K,\n'}
[6.713238] (ydlidar_ros2_driver) StderrLine: {'line': b'                 from \x1b[01m\x1b[K/opt/ros/humble/include/rclcpp/rclcpp/rclcpp.hpp:155\x1b[m\x1b[K,\n'}
[6.713351] (ydlidar_ros2_driver) StderrLine: {'line': b'                 from \x1b[01m\x1b[K/home/geonmo/ydlidar_ws/src/ydlidar_ros2_driver/src/ydlidar_ros2_driver_node.cpp:23\x1b[m\x1b[K:\n'}
[6.713464] (ydlidar_ros2_driver) StderrLine: {'line': b'\x1b[01m\x1b[K/opt/ros/humble/include/rclcpp/rclcpp/node.hpp:366:3:\x1b[m\x1b[K \x1b[01;36m\x1b[Knote: \x1b[m\x1b[Kcandidate: \xe2\x80\x98\x1b[01m\x1b[Kconst rclcpp::ParameterValue& rclcpp::Node::declare_parameter(const string&, const rclcpp::ParameterValue&, const ParameterDescriptor&, bool)\x1b[m\x1b[K\xe2\x80\x99\n'}
[6.713584] (ydlidar_ros2_driver) StderrLine: {'line': b'  366 |   \x1b[01;36m\x1b[Kdeclare_parameter\x1b[m\x1b[K(\n'}
[6.713696] (ydlidar_ros2_driver) StderrLine: {'line': b'      |   \x1b[01;36m\x1b[K^~~~~~~~~~~~~~~~~\x1b[m\x1b[K\n'}
[6.713808] (ydlidar_ros2_driver) StderrLine: {'line': b'\x1b[01m\x1b[K/opt/ros/humble/include/rclcpp/rclcpp/node.hpp:366:3:\x1b[m\x1b[K \x1b[01;36m\x1b[Knote: \x1b[m\x1b[K  candidate expects 4 arguments, 1 provided\n'}
[6.713921] (ydlidar_ros2_driver) StderrLine: {'line': b'\x1b[01m\x1b[K/opt/ros/humble/include/rclcpp/rclcpp/node.hpp:391:3:\x1b[m\x1b[K \x1b[01;36m\x1b[Knote: \x1b[m\x1b[Kcandidate: \xe2\x80\x98\x1b[01m\x1b[Kconst rclcpp::ParameterValue& rclcpp::Node::declare_parameter(const string&, rclcpp::ParameterType, const ParameterDescriptor&, bool)\x1b[m\x1b[K\xe2\x80\x99\n'}
[6.714038] (ydlidar_ros2_driver) StderrLine: {'line': b'  391 |   \x1b[01;36m\x1b[Kdeclare_parameter\x1b[m\x1b[K(\n'}
[6.714151] (ydlidar_ros2_driver) StderrLine: {'line': b'      |   \x1b[01;36m\x1b[K^~~~~~~~~~~~~~~~~\x1b[m\x1b[K\n'}
[6.714262] (ydlidar_ros2_driver) StderrLine: {'line': b'\x1b[01m\x1b[K/opt/ros/humble/include/rclcpp/rclcpp/node.hpp:391:3:\x1b[m\x1b[K \x1b[01;36m\x1b[Knote: \x1b[m\x1b[K  candidate expects 4 arguments, 1 provided\n'}
[6.714390] (ydlidar_ros2_driver) StderrLine: {'line': b'\x1b[01m\x1b[K/home/geonmo/ydlidar_ws/src/ydlidar_ros2_driver/src/ydlidar_ros2_driver_node.cpp:145:26:\x1b[m\x1b[K \x1b[01;31m\x1b[Kerror: \x1b[m\x1b[Kno matching function for call to \xe2\x80\x98\x1b[01m\x1b[Krclcpp::Node::declare_parameter(const char [10])\x1b[m\x1b[K\xe2\x80\x99\n'}
[6.714506] (ydlidar_ros2_driver) StderrLine: {'line': b'  145 |   \x1b[01;31m\x1b[Knode->declare_parameter("range_max")\x1b[m\x1b[K;\n'}
[6.714619] (ydlidar_ros2_driver) StderrLine: {'line': b'      |   \x1b[01;31m\x1b[K~~~~~~~~~~~~~~~~~~~~~~~^~~~~~~~~~~~~\x1b[m\x1b[K\n'}
[6.714730] (ydlidar_ros2_driver) StderrLine: {'line': b'In file included from \x1b[01m\x1b[K/opt/ros/humble/include/rclcpp/rclcpp/executors/single_threaded_executor.hpp:28\x1b[m\x1b[K,\n'}
[6.714844] (ydlidar_ros2_driver) StderrLine: {'line': b'                 from \x1b[01m\x1b[K/opt/ros/humble/include/rclcpp/rclcpp/executors.hpp:22\x1b[m\x1b[K,\n'}
[6.714971] (ydlidar_ros2_driver) StderrLine: {'line': b'                 from \x1b[01m\x1b[K/opt/ros/humble/include/rclcpp/rclcpp/rclcpp.hpp:155\x1b[m\x1b[K,\n'}
[6.715095] (ydlidar_ros2_driver) StderrLine: {'line': b'                 from \x1b[01m\x1b[K/home/geonmo/ydlidar_ws/src/ydlidar_ros2_driver/src/ydlidar_ros2_driver_node.cpp:23\x1b[m\x1b[K:\n'}
[6.715210] (ydlidar_ros2_driver) StderrLine: {'line': b'\x1b[01m\x1b[K/opt/ros/humble/include/rclcpp/rclcpp/node.hpp:421:3:\x1b[m\x1b[K \x1b[01;36m\x1b[Knote: \x1b[m\x1b[Kcandidate: \xe2\x80\x98\x1b[01m\x1b[Ktemplate<class ParameterT> auto rclcpp::Node::declare_parameter(const string&, const ParameterT&, const ParameterDescriptor&, bool)\x1b[m\x1b[K\xe2\x80\x99\n'}
[6.715326] (ydlidar_ros2_driver) StderrLine: {'line': b'  421 |   \x1b[01;36m\x1b[Kdeclare_parameter\x1b[m\x1b[K(\n'}
[6.715461] (ydlidar_ros2_driver) StderrLine: {'line': b'      |   \x1b[01;36m\x1b[K^~~~~~~~~~~~~~~~~\x1b[m\x1b[K\n'}
[6.715577] (ydlidar_ros2_driver) StderrLine: {'line': b'\x1b[01m\x1b[K/opt/ros/humble/include/rclcpp/rclcpp/node.hpp:421:3:\x1b[m\x1b[K \x1b[01;36m\x1b[Knote: \x1b[m\x1b[K  template argument deduction/substitution failed:\n'}
[6.715691] (ydlidar_ros2_driver) StderrLine: {'line': b'\x1b[01m\x1b[K/home/geonmo/ydlidar_ws/src/ydlidar_ros2_driver/src/ydlidar_ros2_driver_node.cpp:145:26:\x1b[m\x1b[K \x1b[01;36m\x1b[Knote: \x1b[m\x1b[K  candidate expects 4 arguments, 1 provided\n'}
[6.715806] (ydlidar_ros2_driver) StderrLine: {'line': b'  145 |   \x1b[01;36m\x1b[Knode->declare_parameter("range_max")\x1b[m\x1b[K;\n'}
[6.715918] (ydlidar_ros2_driver) StderrLine: {'line': b'      |   \x1b[01;36m\x1b[K~~~~~~~~~~~~~~~~~~~~~~~^~~~~~~~~~~~~\x1b[m\x1b[K\n'}
[6.716031] (ydlidar_ros2_driver) StderrLine: {'line': b'In file included from \x1b[01m\x1b[K/opt/ros/humble/include/rclcpp/rclcpp/executors/single_threaded_executor.hpp:28\x1b[m\x1b[K,\n'}
[6.716144] (ydlidar_ros2_driver) StderrLine: {'line': b'                 from \x1b[01m\x1b[K/opt/ros/humble/include/rclcpp/rclcpp/executors.hpp:22\x1b[m\x1b[K,\n'}
[6.716259] (ydlidar_ros2_driver) StderrLine: {'line': b'                 from \x1b[01m\x1b[K/opt/ros/humble/include/rclcpp/rclcpp/rclcpp.hpp:155\x1b[m\x1b[K,\n'}
[6.716372] (ydlidar_ros2_driver) StderrLine: {'line': b'                 from \x1b[01m\x1b[K/home/geonmo/ydlidar_ws/src/ydlidar_ros2_driver/src/ydlidar_ros2_driver_node.cpp:23\x1b[m\x1b[K:\n'}
[6.716486] (ydlidar_ros2_driver) StderrLine: {'line': b'\x1b[01m\x1b[K/opt/ros/humble/include/rclcpp/rclcpp/node.hpp:434:3:\x1b[m\x1b[K \x1b[01;36m\x1b[Knote: \x1b[m\x1b[Kcandidate: \xe2\x80\x98\x1b[01m\x1b[Ktemplate<class ParameterT> auto rclcpp::Node::declare_parameter(const string&, const ParameterDescriptor&, bool)\x1b[m\x1b[K\xe2\x80\x99\n'}
[6.716603] (ydlidar_ros2_driver) StderrLine: {'line': b'  434 |   \x1b[01;36m\x1b[Kdeclare_parameter\x1b[m\x1b[K(\n'}
[6.716716] (ydlidar_ros2_driver) StderrLine: {'line': b'      |   \x1b[01;36m\x1b[K^~~~~~~~~~~~~~~~~\x1b[m\x1b[K\n'}
[6.716827] (ydlidar_ros2_driver) StderrLine: {'line': b'\x1b[01m\x1b[K/opt/ros/humble/include/rclcpp/rclcpp/node.hpp:434:3:\x1b[m\x1b[K \x1b[01;36m\x1b[Knote: \x1b[m\x1b[K  template argument deduction/substitution failed:\n'}
[6.716958] (ydlidar_ros2_driver) StderrLine: {'line': b'\x1b[01m\x1b[K/home/geonmo/ydlidar_ws/src/ydlidar_ros2_driver/src/ydlidar_ros2_driver_node.cpp:145:26:\x1b[m\x1b[K \x1b[01;36m\x1b[Knote: \x1b[m\x1b[K  couldn\xe2\x80\x99t deduce template parameter \xe2\x80\x98\x1b[01m\x1b[KParameterT\x1b[m\x1b[K\xe2\x80\x99\n'}
[6.717077] (ydlidar_ros2_driver) StderrLine: {'line': b'  145 |   \x1b[01;36m\x1b[Knode->declare_parameter("range_max")\x1b[m\x1b[K;\n'}
[6.717191] (ydlidar_ros2_driver) StderrLine: {'line': b'      |   \x1b[01;36m\x1b[K~~~~~~~~~~~~~~~~~~~~~~~^~~~~~~~~~~~~\x1b[m\x1b[K\n'}
[6.717304] (ydlidar_ros2_driver) StderrLine: {'line': b'In file included from \x1b[01m\x1b[K/opt/ros/humble/include/rclcpp/rclcpp/executors/single_threaded_executor.hpp:28\x1b[m\x1b[K,\n'}
[6.717431] (ydlidar_ros2_driver) StderrLine: {'line': b'                 from \x1b[01m\x1b[K/opt/ros/humble/include/rclcpp/rclcpp/executors.hpp:22\x1b[m\x1b[K,\n'}
[6.717544] (ydlidar_ros2_driver) StderrLine: {'line': b'                 from \x1b[01m\x1b[K/opt/ros/humble/include/rclcpp/rclcpp/rclcpp.hpp:155\x1b[m\x1b[K,\n'}
[6.717657] (ydlidar_ros2_driver) StderrLine: {'line': b'                 from \x1b[01m\x1b[K/home/geonmo/ydlidar_ws/src/ydlidar_ros2_driver/src/ydlidar_ros2_driver_node.cpp:23\x1b[m\x1b[K:\n'}
[6.717771] (ydlidar_ros2_driver) StderrLine: {'line': b'\x1b[01m\x1b[K/opt/ros/humble/include/rclcpp/rclcpp/node.hpp:366:3:\x1b[m\x1b[K \x1b[01;36m\x1b[Knote: \x1b[m\x1b[Kcandidate: \xe2\x80\x98\x1b[01m\x1b[Kconst rclcpp::ParameterValue& rclcpp::Node::declare_parameter(const string&, const rclcpp::ParameterValue&, const ParameterDescriptor&, bool)\x1b[m\x1b[K\xe2\x80\x99\n'}
[6.717893] (ydlidar_ros2_driver) StderrLine: {'line': b'  366 |   \x1b[01;36m\x1b[Kdeclare_parameter\x1b[m\x1b[K(\n'}
[6.718005] (ydlidar_ros2_driver) StderrLine: {'line': b'      |   \x1b[01;36m\x1b[K^~~~~~~~~~~~~~~~~\x1b[m\x1b[K\n'}
[6.718116] (ydlidar_ros2_driver) StderrLine: {'line': b'\x1b[01m\x1b[K/opt/ros/humble/include/rclcpp/rclcpp/node.hpp:366:3:\x1b[m\x1b[K \x1b[01;36m\x1b[Knote: \x1b[m\x1b[K  candidate expects 4 arguments, 1 provided\n'}
[6.718229] (ydlidar_ros2_driver) StderrLine: {'line': b'\x1b[01m\x1b[K/opt/ros/humble/include/rclcpp/rclcpp/node.hpp:391:3:\x1b[m\x1b[K \x1b[01;36m\x1b[Knote: \x1b[m\x1b[Kcandidate: \xe2\x80\x98\x1b[01m\x1b[Kconst rclcpp::ParameterValue& rclcpp::Node::declare_parameter(const string&, rclcpp::ParameterType, const ParameterDescriptor&, bool)\x1b[m\x1b[K\xe2\x80\x99\n'}
[6.718343] (ydlidar_ros2_driver) StderrLine: {'line': b'  391 |   \x1b[01;36m\x1b[Kdeclare_parameter\x1b[m\x1b[K(\n'}
[6.718474] (ydlidar_ros2_driver) StderrLine: {'line': b'      |   \x1b[01;36m\x1b[K^~~~~~~~~~~~~~~~~\x1b[m\x1b[K\n'}
[6.718588] (ydlidar_ros2_driver) StderrLine: {'line': b'\x1b[01m\x1b[K/opt/ros/humble/include/rclcpp/rclcpp/node.hpp:391:3:\x1b[m\x1b[K \x1b[01;36m\x1b[Knote: \x1b[m\x1b[K  candidate expects 4 arguments, 1 provided\n'}
[6.718702] (ydlidar_ros2_driver) StderrLine: {'line': b'\x1b[01m\x1b[K/home/geonmo/ydlidar_ws/src/ydlidar_ros2_driver/src/ydlidar_ros2_driver_node.cpp:149:26:\x1b[m\x1b[K \x1b[01;31m\x1b[Kerror: \x1b[m\x1b[Kno matching function for call to \xe2\x80\x98\x1b[01m\x1b[Krclcpp::Node::declare_parameter(const char [10])\x1b[m\x1b[K\xe2\x80\x99\n'}
[6.718828] (ydlidar_ros2_driver) StderrLine: {'line': b'  149 |   \x1b[01;31m\x1b[Knode->declare_parameter("range_min")\x1b[m\x1b[K;\n'}
[6.718943] (ydlidar_ros2_driver) StderrLine: {'line': b'      |   \x1b[01;31m\x1b[K~~~~~~~~~~~~~~~~~~~~~~~^~~~~~~~~~~~~\x1b[m\x1b[K\n'}
[6.719055] (ydlidar_ros2_driver) StderrLine: {'line': b'In file included from \x1b[01m\x1b[K/opt/ros/humble/include/rclcpp/rclcpp/executors/single_threaded_executor.hpp:28\x1b[m\x1b[K,\n'}
[6.719167] (ydlidar_ros2_driver) StderrLine: {'line': b'                 from \x1b[01m\x1b[K/opt/ros/humble/include/rclcpp/rclcpp/executors.hpp:22\x1b[m\x1b[K,\n'}
[6.719279] (ydlidar_ros2_driver) StderrLine: {'line': b'                 from \x1b[01m\x1b[K/opt/ros/humble/include/rclcpp/rclcpp/rclcpp.hpp:155\x1b[m\x1b[K,\n'}
[6.719402] (ydlidar_ros2_driver) StderrLine: {'line': b'                 from \x1b[01m\x1b[K/home/geonmo/ydlidar_ws/src/ydlidar_ros2_driver/src/ydlidar_ros2_driver_node.cpp:23\x1b[m\x1b[K:\n'}
[6.719526] (ydlidar_ros2_driver) StderrLine: {'line': b'\x1b[01m\x1b[K/opt/ros/humble/include/rclcpp/rclcpp/node.hpp:421:3:\x1b[m\x1b[K \x1b[01;36m\x1b[Knote: \x1b[m\x1b[Kcandidate: \xe2\x80\x98\x1b[01m\x1b[Ktemplate<class ParameterT> auto rclcpp::Node::declare_parameter(const string&, const ParameterT&, const ParameterDescriptor&, bool)\x1b[m\x1b[K\xe2\x80\x99\n'}
[6.719645] (ydlidar_ros2_driver) StderrLine: {'line': b'  421 |   \x1b[01;36m\x1b[Kdeclare_parameter\x1b[m\x1b[K(\n'}
[6.719757] (ydlidar_ros2_driver) StderrLine: {'line': b'      |   \x1b[01;36m\x1b[K^~~~~~~~~~~~~~~~~\x1b[m\x1b[K\n'}
[6.719883] (ydlidar_ros2_driver) StderrLine: {'line': b'\x1b[01m\x1b[K/opt/ros/humble/include/rclcpp/rclcpp/node.hpp:421:3:\x1b[m\x1b[K \x1b[01;36m\x1b[Knote: \x1b[m\x1b[K  template argument deduction/substitution failed:\n'}
[6.719998] (ydlidar_ros2_driver) StderrLine: {'line': b'\x1b[01m\x1b[K/home/geonmo/ydlidar_ws/src/ydlidar_ros2_driver/src/ydlidar_ros2_driver_node.cpp:149:26:\x1b[m\x1b[K \x1b[01;36m\x1b[Knote: \x1b[m\x1b[K  candidate expects 4 arguments, 1 provided\n'}
[6.720113] (ydlidar_ros2_driver) StderrLine: {'line': b'  149 |   \x1b[01;36m\x1b[Knode->declare_parameter("range_min")\x1b[m\x1b[K;\n'}
[6.720226] (ydlidar_ros2_driver) StderrLine: {'line': b'      |   \x1b[01;36m\x1b[K~~~~~~~~~~~~~~~~~~~~~~~^~~~~~~~~~~~~\x1b[m\x1b[K\n'}
[6.720337] (ydlidar_ros2_driver) StderrLine: {'line': b'In file included from \x1b[01m\x1b[K/opt/ros/humble/include/rclcpp/rclcpp/executors/single_threaded_executor.hpp:28\x1b[m\x1b[K,\n'}
[6.720450] (ydlidar_ros2_driver) StderrLine: {'line': b'                 from \x1b[01m\x1b[K/opt/ros/humble/include/rclcpp/rclcpp/executors.hpp:22\x1b[m\x1b[K,\n'}
[6.720564] (ydlidar_ros2_driver) StderrLine: {'line': b'                 from \x1b[01m\x1b[K/opt/ros/humble/include/rclcpp/rclcpp/rclcpp.hpp:155\x1b[m\x1b[K,\n'}
[6.720676] (ydlidar_ros2_driver) StderrLine: {'line': b'                 from \x1b[01m\x1b[K/home/geonmo/ydlidar_ws/src/ydlidar_ros2_driver/src/ydlidar_ros2_driver_node.cpp:23\x1b[m\x1b[K:\n'}
[6.720789] (ydlidar_ros2_driver) StderrLine: {'line': b'\x1b[01m\x1b[K/opt/ros/humble/include/rclcpp/rclcpp/node.hpp:434:3:\x1b[m\x1b[K \x1b[01;36m\x1b[Knote: \x1b[m\x1b[Kcandidate: \xe2\x80\x98\x1b[01m\x1b[Ktemplate<class ParameterT> auto rclcpp::Node::declare_parameter(const string&, const ParameterDescriptor&, bool)\x1b[m\x1b[K\xe2\x80\x99\n'}
[6.720905] (ydlidar_ros2_driver) StderrLine: {'line': b'  434 |   \x1b[01;36m\x1b[Kdeclare_parameter\x1b[m\x1b[K(\n'}
[6.721018] (ydlidar_ros2_driver) StderrLine: {'line': b'      |   \x1b[01;36m\x1b[K^~~~~~~~~~~~~~~~~\x1b[m\x1b[K\n'}
[6.721146] (ydlidar_ros2_driver) StderrLine: {'line': b'\x1b[01m\x1b[K/opt/ros/humble/include/rclcpp/rclcpp/node.hpp:434:3:\x1b[m\x1b[K \x1b[01;36m\x1b[Knote: \x1b[m\x1b[K  template argument deduction/substitution failed:\n'}
[6.721261] (ydlidar_ros2_driver) StderrLine: {'line': b'\x1b[01m\x1b[K/home/geonmo/ydlidar_ws/src/ydlidar_ros2_driver/src/ydlidar_ros2_driver_node.cpp:149:26:\x1b[m\x1b[K \x1b[01;36m\x1b[Knote: \x1b[m\x1b[K  couldn\xe2\x80\x99t deduce template parameter \xe2\x80\x98\x1b[01m\x1b[KParameterT\x1b[m\x1b[K\xe2\x80\x99\n'}
[6.721377] (ydlidar_ros2_driver) StderrLine: {'line': b'  149 |   \x1b[01;36m\x1b[Knode->declare_parameter("range_min")\x1b[m\x1b[K;\n'}
[6.721491] (ydlidar_ros2_driver) StderrLine: {'line': b'      |   \x1b[01;36m\x1b[K~~~~~~~~~~~~~~~~~~~~~~~^~~~~~~~~~~~~\x1b[m\x1b[K\n'}
[6.721602] (ydlidar_ros2_driver) StderrLine: {'line': b'In file included from \x1b[01m\x1b[K/opt/ros/humble/include/rclcpp/rclcpp/executors/single_threaded_executor.hpp:28\x1b[m\x1b[K,\n'}
[6.721714] (ydlidar_ros2_driver) StderrLine: {'line': b'                 from \x1b[01m\x1b[K/opt/ros/humble/include/rclcpp/rclcpp/executors.hpp:22\x1b[m\x1b[K,\n'}
[6.721828] (ydlidar_ros2_driver) StderrLine: {'line': b'                 from \x1b[01m\x1b[K/opt/ros/humble/include/rclcpp/rclcpp/rclcpp.hpp:155\x1b[m\x1b[K,\n'}
[6.721939] (ydlidar_ros2_driver) StderrLine: {'line': b'                 from \x1b[01m\x1b[K/home/geonmo/ydlidar_ws/src/ydlidar_ros2_driver/src/ydlidar_ros2_driver_node.cpp:23\x1b[m\x1b[K:\n'}
[6.722053] (ydlidar_ros2_driver) StderrLine: {'line': b'\x1b[01m\x1b[K/opt/ros/humble/include/rclcpp/rclcpp/node.hpp:366:3:\x1b[m\x1b[K \x1b[01;36m\x1b[Knote: \x1b[m\x1b[Kcandidate: \xe2\x80\x98\x1b[01m\x1b[Kconst rclcpp::ParameterValue& rclcpp::Node::declare_parameter(const string&, const rclcpp::ParameterValue&, const ParameterDescriptor&, bool)\x1b[m\x1b[K\xe2\x80\x99\n'}
[6.722172] (ydlidar_ros2_driver) StderrLine: {'line': b'  366 |   \x1b[01;36m\x1b[Kdeclare_parameter\x1b[m\x1b[K(\n'}
[6.722299] (ydlidar_ros2_driver) StderrLine: {'line': b'      |   \x1b[01;36m\x1b[K^~~~~~~~~~~~~~~~~\x1b[m\x1b[K\n'}
[6.722411] (ydlidar_ros2_driver) StderrLine: {'line': b'\x1b[01m\x1b[K/opt/ros/humble/include/rclcpp/rclcpp/node.hpp:366:3:\x1b[m\x1b[K \x1b[01;36m\x1b[Knote: \x1b[m\x1b[K  candidate expects 4 arguments, 1 provided\n'}
[6.722526] (ydlidar_ros2_driver) StderrLine: {'line': b'\x1b[01m\x1b[K/opt/ros/humble/include/rclcpp/rclcpp/node.hpp:391:3:\x1b[m\x1b[K \x1b[01;36m\x1b[Knote: \x1b[m\x1b[Kcandidate: \xe2\x80\x98\x1b[01m\x1b[Kconst rclcpp::ParameterValue& rclcpp::Node::declare_parameter(const string&, rclcpp::ParameterType, const ParameterDescriptor&, bool)\x1b[m\x1b[K\xe2\x80\x99\n'}
[6.722655] (ydlidar_ros2_driver) StderrLine: {'line': b'  391 |   \x1b[01;36m\x1b[Kdeclare_parameter\x1b[m\x1b[K(\n'}
[6.722769] (ydlidar_ros2_driver) StderrLine: {'line': b'      |   \x1b[01;36m\x1b[K^~~~~~~~~~~~~~~~~\x1b[m\x1b[K\n'}
[6.722892] (ydlidar_ros2_driver) StderrLine: {'line': b'\x1b[01m\x1b[K/opt/ros/humble/include/rclcpp/rclcpp/node.hpp:391:3:\x1b[m\x1b[K \x1b[01;36m\x1b[Knote: \x1b[m\x1b[K  candidate expects 4 arguments, 1 provided\n'}
[6.723009] (ydlidar_ros2_driver) StderrLine: {'line': b'\x1b[01m\x1b[K/home/geonmo/ydlidar_ws/src/ydlidar_ros2_driver/src/ydlidar_ros2_driver_node.cpp:154:26:\x1b[m\x1b[K \x1b[01;31m\x1b[Kerror: \x1b[m\x1b[Kno matching function for call to \xe2\x80\x98\x1b[01m\x1b[Krclcpp::Node::declare_parameter(const char [10])\x1b[m\x1b[K\xe2\x80\x99\n'}
[6.723125] (ydlidar_ros2_driver) StderrLine: {'line': b'  154 |   \x1b[01;31m\x1b[Knode->declare_parameter("frequency")\x1b[m\x1b[K;\n'}
[6.723235] (ydlidar_ros2_driver) StderrLine: {'line': b'      |   \x1b[01;31m\x1b[K~~~~~~~~~~~~~~~~~~~~~~~^~~~~~~~~~~~~\x1b[m\x1b[K\n'}
[6.723347] (ydlidar_ros2_driver) StderrLine: {'line': b'In file included from \x1b[01m\x1b[K/opt/ros/humble/include/rclcpp/rclcpp/executors/single_threaded_executor.hpp:28\x1b[m\x1b[K,\n'}
[6.723485] (ydlidar_ros2_driver) StderrLine: {'line': b'                 from \x1b[01m\x1b[K/opt/ros/humble/include/rclcpp/rclcpp/executors.hpp:22\x1b[m\x1b[K,\n'}
[6.723604] (ydlidar_ros2_driver) StderrLine: {'line': b'                 from \x1b[01m\x1b[K/opt/ros/humble/include/rclcpp/rclcpp/rclcpp.hpp:155\x1b[m\x1b[K,\n'}
[6.723719] (ydlidar_ros2_driver) StderrLine: {'line': b'                 from \x1b[01m\x1b[K/home/geonmo/ydlidar_ws/src/ydlidar_ros2_driver/src/ydlidar_ros2_driver_node.cpp:23\x1b[m\x1b[K:\n'}
[6.723834] (ydlidar_ros2_driver) StderrLine: {'line': b'\x1b[01m\x1b[K/opt/ros/humble/include/rclcpp/rclcpp/node.hpp:421:3:\x1b[m\x1b[K \x1b[01;36m\x1b[Knote: \x1b[m\x1b[Kcandidate: \xe2\x80\x98\x1b[01m\x1b[Ktemplate<class ParameterT> auto rclcpp::Node::declare_parameter(const string&, const ParameterT&, const ParameterDescriptor&, bool)\x1b[m\x1b[K\xe2\x80\x99\n'}
[6.723950] (ydlidar_ros2_driver) StderrLine: {'line': b'  421 |   \x1b[01;36m\x1b[Kdeclare_parameter\x1b[m\x1b[K(\n'}
[6.724063] (ydlidar_ros2_driver) StderrLine: {'line': b'      |   \x1b[01;36m\x1b[K^~~~~~~~~~~~~~~~~\x1b[m\x1b[K\n'}
[6.724175] (ydlidar_ros2_driver) StderrLine: {'line': b'\x1b[01m\x1b[K/opt/ros/humble/include/rclcpp/rclcpp/node.hpp:421:3:\x1b[m\x1b[K \x1b[01;36m\x1b[Knote: \x1b[m\x1b[K  template argument deduction/substitution failed:\n'}
[6.724287] (ydlidar_ros2_driver) StderrLine: {'line': b'\x1b[01m\x1b[K/home/geonmo/ydlidar_ws/src/ydlidar_ros2_driver/src/ydlidar_ros2_driver_node.cpp:154:26:\x1b[m\x1b[K \x1b[01;36m\x1b[Knote: \x1b[m\x1b[K  candidate expects 4 arguments, 1 provided\n'}
[6.724412] (ydlidar_ros2_driver) StderrLine: {'line': b'  154 |   \x1b[01;36m\x1b[Knode->declare_parameter("frequency")\x1b[m\x1b[K;\n'}
[6.724531] (ydlidar_ros2_driver) StderrLine: {'line': b'      |   \x1b[01;36m\x1b[K~~~~~~~~~~~~~~~~~~~~~~~^~~~~~~~~~~~~\x1b[m\x1b[K\n'}
[6.724645] (ydlidar_ros2_driver) StderrLine: {'line': b'In file included from \x1b[01m\x1b[K/opt/ros/humble/include/rclcpp/rclcpp/executors/single_threaded_executor.hpp:28\x1b[m\x1b[K,\n'}
[6.724759] (ydlidar_ros2_driver) StderrLine: {'line': b'                 from \x1b[01m\x1b[K/opt/ros/humble/include/rclcpp/rclcpp/executors.hpp:22\x1b[m\x1b[K,\n'}
[6.724889] (ydlidar_ros2_driver) StderrLine: {'line': b'                 from \x1b[01m\x1b[K/opt/ros/humble/include/rclcpp/rclcpp/rclcpp.hpp:155\x1b[m\x1b[K,\n'}
[6.725002] (ydlidar_ros2_driver) StderrLine: {'line': b'                 from \x1b[01m\x1b[K/home/geonmo/ydlidar_ws/src/ydlidar_ros2_driver/src/ydlidar_ros2_driver_node.cpp:23\x1b[m\x1b[K:\n'}
[6.725116] (ydlidar_ros2_driver) StderrLine: {'line': b'\x1b[01m\x1b[K/opt/ros/humble/include/rclcpp/rclcpp/node.hpp:434:3:\x1b[m\x1b[K \x1b[01;36m\x1b[Knote: \x1b[m\x1b[Kcandidate: \xe2\x80\x98\x1b[01m\x1b[Ktemplate<class ParameterT> auto rclcpp::Node::declare_parameter(const string&, const ParameterDescriptor&, bool)\x1b[m\x1b[K\xe2\x80\x99\n'}
[6.725232] (ydlidar_ros2_driver) StderrLine: {'line': b'  434 |   \x1b[01;36m\x1b[Kdeclare_parameter\x1b[m\x1b[K(\n'}
[6.725360] (ydlidar_ros2_driver) StderrLine: {'line': b'      |   \x1b[01;36m\x1b[K^~~~~~~~~~~~~~~~~\x1b[m\x1b[K\n'}
[6.725474] (ydlidar_ros2_driver) StderrLine: {'line': b'\x1b[01m\x1b[K/opt/ros/humble/include/rclcpp/rclcpp/node.hpp:434:3:\x1b[m\x1b[K \x1b[01;36m\x1b[Knote: \x1b[m\x1b[K  template argument deduction/substitution failed:\n'}
[6.725590] (ydlidar_ros2_driver) StderrLine: {'line': b'\x1b[01m\x1b[K/home/geonmo/ydlidar_ws/src/ydlidar_ros2_driver/src/ydlidar_ros2_driver_node.cpp:154:26:\x1b[m\x1b[K \x1b[01;36m\x1b[Knote: \x1b[m\x1b[K  couldn\xe2\x80\x99t deduce template parameter \xe2\x80\x98\x1b[01m\x1b[KParameterT\x1b[m\x1b[K\xe2\x80\x99\n'}
[6.725706] (ydlidar_ros2_driver) StderrLine: {'line': b'  154 |   \x1b[01;36m\x1b[Knode->declare_parameter("frequency")\x1b[m\x1b[K;\n'}
[6.725820] (ydlidar_ros2_driver) StderrLine: {'line': b'      |   \x1b[01;36m\x1b[K~~~~~~~~~~~~~~~~~~~~~~~^~~~~~~~~~~~~\x1b[m\x1b[K\n'}
[6.725932] (ydlidar_ros2_driver) StderrLine: {'line': b'In file included from \x1b[01m\x1b[K/opt/ros/humble/include/rclcpp/rclcpp/executors/single_threaded_executor.hpp:28\x1b[m\x1b[K,\n'}
[6.726046] (ydlidar_ros2_driver) StderrLine: {'line': b'                 from \x1b[01m\x1b[K/opt/ros/humble/include/rclcpp/rclcpp/executors.hpp:22\x1b[m\x1b[K,\n'}
[6.726159] (ydlidar_ros2_driver) StderrLine: {'line': b'                 from \x1b[01m\x1b[K/opt/ros/humble/include/rclcpp/rclcpp/rclcpp.hpp:155\x1b[m\x1b[K,\n'}
[6.726270] (ydlidar_ros2_driver) StderrLine: {'line': b'                 from \x1b[01m\x1b[K/home/geonmo/ydlidar_ws/src/ydlidar_ros2_driver/src/ydlidar_ros2_driver_node.cpp:23\x1b[m\x1b[K:\n'}
[6.726383] (ydlidar_ros2_driver) StderrLine: {'line': b'\x1b[01m\x1b[K/opt/ros/humble/include/rclcpp/rclcpp/node.hpp:366:3:\x1b[m\x1b[K \x1b[01;36m\x1b[Knote: \x1b[m\x1b[Kcandidate: \xe2\x80\x98\x1b[01m\x1b[Kconst rclcpp::ParameterValue& rclcpp::Node::declare_parameter(const string&, const rclcpp::ParameterValue&, const ParameterDescriptor&, bool)\x1b[m\x1b[K\xe2\x80\x99\n'}
[6.726503] (ydlidar_ros2_driver) StderrLine: {'line': b'  366 |   \x1b[01;36m\x1b[Kdeclare_parameter\x1b[m\x1b[K(\n'}
[6.726616] (ydlidar_ros2_driver) StderrLine: {'line': b'      |   \x1b[01;36m\x1b[K^~~~~~~~~~~~~~~~~\x1b[m\x1b[K\n'}
[6.726727] (ydlidar_ros2_driver) StderrLine: {'line': b'\x1b[01m\x1b[K/opt/ros/humble/include/rclcpp/rclcpp/node.hpp:366:3:\x1b[m\x1b[K \x1b[01;36m\x1b[Knote: \x1b[m\x1b[K  candidate expects 4 arguments, 1 provided\n'}
[6.726854] (ydlidar_ros2_driver) StderrLine: {'line': b'\x1b[01m\x1b[K/opt/ros/humble/include/rclcpp/rclcpp/node.hpp:391:3:\x1b[m\x1b[K \x1b[01;36m\x1b[Knote: \x1b[m\x1b[Kcandidate: \xe2\x80\x98\x1b[01m\x1b[Kconst rclcpp::ParameterValue& rclcpp::Node::declare_parameter(const string&, rclcpp::ParameterType, const ParameterDescriptor&, bool)\x1b[m\x1b[K\xe2\x80\x99\n'}
[6.726986] (ydlidar_ros2_driver) StderrLine: {'line': b'  391 |   \x1b[01;36m\x1b[Kdeclare_parameter\x1b[m\x1b[K(\n'}
[6.727102] (ydlidar_ros2_driver) StderrLine: {'line': b'      |   \x1b[01;36m\x1b[K^~~~~~~~~~~~~~~~~\x1b[m\x1b[K\n'}
[6.727214] (ydlidar_ros2_driver) StderrLine: {'line': b'\x1b[01m\x1b[K/opt/ros/humble/include/rclcpp/rclcpp/node.hpp:391:3:\x1b[m\x1b[K \x1b[01;36m\x1b[Knote: \x1b[m\x1b[K  candidate expects 4 arguments, 1 provided\n'}
[6.727344] (ydlidar_ros2_driver) StderrLine: {'line': b'\x1b[01m\x1b[K/home/geonmo/ydlidar_ws/src/ydlidar_ros2_driver/src/ydlidar_ros2_driver_node.cpp:159:26:\x1b[m\x1b[K \x1b[01;31m\x1b[Kerror: \x1b[m\x1b[Kno matching function for call to \xe2\x80\x98\x1b[01m\x1b[Krclcpp::Node::declare_parameter(const char [21])\x1b[m\x1b[K\xe2\x80\x99\n'}
[6.727483] (ydlidar_ros2_driver) StderrLine: {'line': b'  159 |   \x1b[01;31m\x1b[Knode->declare_parameter("invalid_range_is_inf")\x1b[m\x1b[K;\n'}
[6.727604] (ydlidar_ros2_driver) StderrLine: {'line': b'      |   \x1b[01;31m\x1b[K~~~~~~~~~~~~~~~~~~~~~~~^~~~~~~~~~~~~~~~~~~~~~~~\x1b[m\x1b[K\n'}
[6.727723] (ydlidar_ros2_driver) StderrLine: {'line': b'In file included from \x1b[01m\x1b[K/opt/ros/humble/include/rclcpp/rclcpp/executors/single_threaded_executor.hpp:28\x1b[m\x1b[K,\n'}
[6.727842] (ydlidar_ros2_driver) StderrLine: {'line': b'                 from \x1b[01m\x1b[K/opt/ros/humble/include/rclcpp/rclcpp/executors.hpp:22\x1b[m\x1b[K,\n'}
[6.727958] (ydlidar_ros2_driver) StderrLine: {'line': b'                 from \x1b[01m\x1b[K/opt/ros/humble/include/rclcpp/rclcpp/rclcpp.hpp:155\x1b[m\x1b[K,\n'}
[6.728071] (ydlidar_ros2_driver) StderrLine: {'line': b'                 from \x1b[01m\x1b[K/home/geonmo/ydlidar_ws/src/ydlidar_ros2_driver/src/ydlidar_ros2_driver_node.cpp:23\x1b[m\x1b[K:\n'}
[6.728186] (ydlidar_ros2_driver) StderrLine: {'line': b'\x1b[01m\x1b[K/opt/ros/humble/include/rclcpp/rclcpp/node.hpp:421:3:\x1b[m\x1b[K \x1b[01;36m\x1b[Knote: \x1b[m\x1b[Kcandidate: \xe2\x80\x98\x1b[01m\x1b[Ktemplate<class ParameterT> auto rclcpp::Node::declare_parameter(const string&, const ParameterT&, const ParameterDescriptor&, bool)\x1b[m\x1b[K\xe2\x80\x99\n'}
[6.728303] (ydlidar_ros2_driver) StderrLine: {'line': b'  421 |   \x1b[01;36m\x1b[Kdeclare_parameter\x1b[m\x1b[K(\n'}
[6.728414] (ydlidar_ros2_driver) StderrLine: {'line': b'      |   \x1b[01;36m\x1b[K^~~~~~~~~~~~~~~~~\x1b[m\x1b[K\n'}
[6.728527] (ydlidar_ros2_driver) StderrLine: {'line': b'\x1b[01m\x1b[K/opt/ros/humble/include/rclcpp/rclcpp/node.hpp:421:3:\x1b[m\x1b[K \x1b[01;36m\x1b[Knote: \x1b[m\x1b[K  template argument deduction/substitution failed:\n'}
[6.728641] (ydlidar_ros2_driver) StderrLine: {'line': b'\x1b[01m\x1b[K/home/geonmo/ydlidar_ws/src/ydlidar_ros2_driver/src/ydlidar_ros2_driver_node.cpp:159:26:\x1b[m\x1b[K \x1b[01;36m\x1b[Knote: \x1b[m\x1b[K  candidate expects 4 arguments, 1 provided\n'}
[6.728756] (ydlidar_ros2_driver) StderrLine: {'line': b'  159 |   \x1b[01;36m\x1b[Knode->declare_parameter("invalid_range_is_inf")\x1b[m\x1b[K;\n'}
[6.728870] (ydlidar_ros2_driver) StderrLine: {'line': b'      |   \x1b[01;36m\x1b[K~~~~~~~~~~~~~~~~~~~~~~~^~~~~~~~~~~~~~~~~~~~~~~~\x1b[m\x1b[K\n'}
[6.728985] (ydlidar_ros2_driver) StderrLine: {'line': b'In file included from \x1b[01m\x1b[K/opt/ros/humble/include/rclcpp/rclcpp/executors/single_threaded_executor.hpp:28\x1b[m\x1b[K,\n'}
[6.729098] (ydlidar_ros2_driver) StderrLine: {'line': b'                 from \x1b[01m\x1b[K/opt/ros/humble/include/rclcpp/rclcpp/executors.hpp:22\x1b[m\x1b[K,\n'}
[6.729212] (ydlidar_ros2_driver) StderrLine: {'line': b'                 from \x1b[01m\x1b[K/opt/ros/humble/include/rclcpp/rclcpp/rclcpp.hpp:155\x1b[m\x1b[K,\n'}
[6.729325] (ydlidar_ros2_driver) StderrLine: {'line': b'                 from \x1b[01m\x1b[K/home/geonmo/ydlidar_ws/src/ydlidar_ros2_driver/src/ydlidar_ros2_driver_node.cpp:23\x1b[m\x1b[K:\n'}
[6.729440] (ydlidar_ros2_driver) StderrLine: {'line': b'\x1b[01m\x1b[K/opt/ros/humble/include/rclcpp/rclcpp/node.hpp:434:3:\x1b[m\x1b[K \x1b[01;36m\x1b[Knote: \x1b[m\x1b[Kcandidate: \xe2\x80\x98\x1b[01m\x1b[Ktemplate<class ParameterT> auto rclcpp::Node::declare_parameter(const string&, const ParameterDescriptor&, bool)\x1b[m\x1b[K\xe2\x80\x99\n'}
[6.729574] (ydlidar_ros2_driver) StderrLine: {'line': b'  434 |   \x1b[01;36m\x1b[Kdeclare_parameter\x1b[m\x1b[K(\n'}
[6.729690] (ydlidar_ros2_driver) StderrLine: {'line': b'      |   \x1b[01;36m\x1b[K^~~~~~~~~~~~~~~~~\x1b[m\x1b[K\n'}
[6.729817] (ydlidar_ros2_driver) StderrLine: {'line': b'\x1b[01m\x1b[K/opt/ros/humble/include/rclcpp/rclcpp/node.hpp:434:3:\x1b[m\x1b[K \x1b[01;36m\x1b[Knote: \x1b[m\x1b[K  template argument deduction/substitution failed:\n'}
[6.729932] (ydlidar_ros2_driver) StderrLine: {'line': b'\x1b[01m\x1b[K/home/geonmo/ydlidar_ws/src/ydlidar_ros2_driver/src/ydlidar_ros2_driver_node.cpp:159:26:\x1b[m\x1b[K \x1b[01;36m\x1b[Knote: \x1b[m\x1b[K  couldn\xe2\x80\x99t deduce template parameter \xe2\x80\x98\x1b[01m\x1b[KParameterT\x1b[m\x1b[K\xe2\x80\x99\n'}
[6.730050] (ydlidar_ros2_driver) StderrLine: {'line': b'  159 |   \x1b[01;36m\x1b[Knode->declare_parameter("invalid_range_is_inf")\x1b[m\x1b[K;\n'}
[6.730163] (ydlidar_ros2_driver) StderrLine: {'line': b'      |   \x1b[01;36m\x1b[K~~~~~~~~~~~~~~~~~~~~~~~^~~~~~~~~~~~~~~~~~~~~~~~\x1b[m\x1b[K\n'}
[6.730277] (ydlidar_ros2_driver) StderrLine: {'line': b'In file included from \x1b[01m\x1b[K/opt/ros/humble/include/rclcpp/rclcpp/executors/single_threaded_executor.hpp:28\x1b[m\x1b[K,\n'}
[6.730391] (ydlidar_ros2_driver) StderrLine: {'line': b'                 from \x1b[01m\x1b[K/opt/ros/humble/include/rclcpp/rclcpp/executors.hpp:22\x1b[m\x1b[K,\n'}
[6.730504] (ydlidar_ros2_driver) StderrLine: {'line': b'                 from \x1b[01m\x1b[K/opt/ros/humble/include/rclcpp/rclcpp/rclcpp.hpp:155\x1b[m\x1b[K,\n'}
[6.730617] (ydlidar_ros2_driver) StderrLine: {'line': b'                 from \x1b[01m\x1b[K/home/geonmo/ydlidar_ws/src/ydlidar_ros2_driver/src/ydlidar_ros2_driver_node.cpp:23\x1b[m\x1b[K:\n'}
[6.730744] (ydlidar_ros2_driver) StderrLine: {'line': b'\x1b[01m\x1b[K/opt/ros/humble/include/rclcpp/rclcpp/node.hpp:366:3:\x1b[m\x1b[K \x1b[01;36m\x1b[Knote: \x1b[m\x1b[Kcandidate: \xe2\x80\x98\x1b[01m\x1b[Kconst rclcpp::ParameterValue& rclcpp::Node::declare_parameter(const string&, const rclcpp::ParameterValue&, const ParameterDescriptor&, bool)\x1b[m\x1b[K\xe2\x80\x99\n'}
[6.730870] (ydlidar_ros2_driver) StderrLine: {'line': b'  366 |   \x1b[01;36m\x1b[Kdeclare_parameter\x1b[m\x1b[K(\n'}
[6.730985] (ydlidar_ros2_driver) StderrLine: {'line': b'      |   \x1b[01;36m\x1b[K^~~~~~~~~~~~~~~~~\x1b[m\x1b[K\n'}
[6.731101] (ydlidar_ros2_driver) StderrLine: {'line': b'\x1b[01m\x1b[K/opt/ros/humble/include/rclcpp/rclcpp/node.hpp:366:3:\x1b[m\x1b[K \x1b[01;36m\x1b[Knote: \x1b[m\x1b[K  candidate expects 4 arguments, 1 provided\n'}
[6.731235] (ydlidar_ros2_driver) StderrLine: {'line': b'\x1b[01m\x1b[K/opt/ros/humble/include/rclcpp/rclcpp/node.hpp:391:3:\x1b[m\x1b[K \x1b[01;36m\x1b[Knote: \x1b[m\x1b[Kcandidate: \xe2\x80\x98\x1b[01m\x1b[Kconst rclcpp::ParameterValue& rclcpp::Node::declare_parameter(const string&, rclcpp::ParameterType, const ParameterDescriptor&, bool)\x1b[m\x1b[K\xe2\x80\x99\n'}
[6.731354] (ydlidar_ros2_driver) StderrLine: {'line': b'  391 |   \x1b[01;36m\x1b[Kdeclare_parameter\x1b[m\x1b[K(\n'}
[6.731495] (ydlidar_ros2_driver) StderrLine: {'line': b'      |   \x1b[01;36m\x1b[K^~~~~~~~~~~~~~~~~\x1b[m\x1b[K\n'}
[6.731612] (ydlidar_ros2_driver) StderrLine: {'line': b'\x1b[01m\x1b[K/opt/ros/humble/include/rclcpp/rclcpp/node.hpp:391:3:\x1b[m\x1b[K \x1b[01;36m\x1b[Knote: \x1b[m\x1b[K  candidate expects 4 arguments, 1 provided\n'}
[6.731731] (ydlidar_ros2_driver) StderrLine: {'line': b'\x1b[01m\x1b[K/home/geonmo/ydlidar_ws/src/ydlidar_ros2_driver/src/ydlidar_ros2_driver_node.cpp:\x1b[m\x1b[K In lambda function:\n'}
[6.731849] (ydlidar_ros2_driver) StderrLine: {'line': b'\x1b[01m\x1b[K/home/geonmo/ydlidar_ws/src/ydlidar_ros2_driver/src/ydlidar_ros2_driver_node.cpp:190:54:\x1b[m\x1b[K \x1b[01;35m\x1b[Kwarning: \x1b[m\x1b[Kunused parameter \xe2\x80\x98\x1b[01m\x1b[Krequest_header\x1b[m\x1b[K\xe2\x80\x99 [\x1b[01;35m\x1b[K\x1b]8;;https://gcc.gnu.org/onlinedocs/gcc/Warning-Options.html#index-Wunused-parameter\x07-Wunused-parameter\x1b]8;;\x07\x1b[m\x1b[K]\n'}
[6.731974] (ydlidar_ros2_driver) StderrLine: {'line': b'  190 |     [&laser](\x1b[01;35m\x1b[Kconst std::shared_ptr<rmw_request_id_t> request_header\x1b[m\x1b[K,\n'}
[6.732091] (ydlidar_ros2_driver) StderrLine: {'line': b'      |              \x1b[01;35m\x1b[K~~~~~~~~~~~~~~~~~~~~~~~~~~~~~~~~~~~~~~~~^~~~~~~~~~~~~~\x1b[m\x1b[K\n'}
[6.732222] (ydlidar_ros2_driver) StderrLine: {'line': b'\x1b[01m\x1b[K/home/geonmo/ydlidar_ws/src/ydlidar_ros2_driver/src/ydlidar_ros2_driver_node.cpp:191:56:\x1b[m\x1b[K \x1b[01;35m\x1b[Kwarning: \x1b[m\x1b[Kunused parameter \xe2\x80\x98\x1b[01m\x1b[Kreq\x1b[m\x1b[K\xe2\x80\x99 [\x1b[01;35m\x1b[K\x1b]8;;https://gcc.gnu.org/onlinedocs/gcc/Warning-Options.html#index-Wunused-parameter\x07-Wunused-parameter\x1b]8;;\x07\x1b[m\x1b[K]\n'}
[6.732346] (ydlidar_ros2_driver) StderrLine: {'line': b'  191 |   \x1b[01;35m\x1b[Kconst std::shared_ptr<std_srvs::srv::Empty::Request> req\x1b[m\x1b[K,\n'}
[6.732461] (ydlidar_ros2_driver) StderrLine: {'line': b'      |   \x1b[01;35m\x1b[K~~~~~~~~~~~~~~~~~~~~~~~~~~~~~~~~~~~~~~~~~~~~~~~~~~~~~^~~\x1b[m\x1b[K\n'}
[6.732575] (ydlidar_ros2_driver) StderrLine: {'line': b'\x1b[01m\x1b[K/home/geonmo/ydlidar_ws/src/ydlidar_ros2_driver/src/ydlidar_ros2_driver_node.cpp:192:51:\x1b[m\x1b[K \x1b[01;35m\x1b[Kwarning: \x1b[m\x1b[Kunused parameter \xe2\x80\x98\x1b[01m\x1b[Kresponse\x1b[m\x1b[K\xe2\x80\x99 [\x1b[01;35m\x1b[K\x1b]8;;https://gcc.gnu.org/onlinedocs/gcc/Warning-Options.html#index-Wunused-parameter\x07-Wunused-parameter\x1b]8;;\x07\x1b[m\x1b[K]\n'}
[6.732696] (ydlidar_ros2_driver) StderrLine: {'line': b'  192 |   \x1b[01;35m\x1b[Kstd::shared_ptr<std_srvs::srv::Empty::Response> response\x1b[m\x1b[K) -> bool\n'}
[6.732811] (ydlidar_ros2_driver) StderrLine: {'line': b'      |   \x1b[01;35m\x1b[K~~~~~~~~~~~~~~~~~~~~~~~~~~~~~~~~~~~~~~~~~~~~~~~~^~~~~~~~\x1b[m\x1b[K\n'}
[6.732924] (ydlidar_ros2_driver) StderrLine: {'line': b'\x1b[01m\x1b[K/home/geonmo/ydlidar_ws/src/ydlidar_ros2_driver/src/ydlidar_ros2_driver_node.cpp:\x1b[m\x1b[K In lambda function:\n'}
[6.733038] (ydlidar_ros2_driver) StderrLine: {'line': b'\x1b[01m\x1b[K/home/geonmo/ydlidar_ws/src/ydlidar_ros2_driver/src/ydlidar_ros2_driver_node.cpp:200:54:\x1b[m\x1b[K \x1b[01;35m\x1b[Kwarning: \x1b[m\x1b[Kunused parameter \xe2\x80\x98\x1b[01m\x1b[Krequest_header\x1b[m\x1b[K\xe2\x80\x99 [\x1b[01;35m\x1b[K\x1b]8;;https://gcc.gnu.org/onlinedocs/gcc/Warning-Options.html#index-Wunused-parameter\x07-Wunused-parameter\x1b]8;;\x07\x1b[m\x1b[K]\n'}
[6.733158] (ydlidar_ros2_driver) StderrLine: {'line': b'  200 |     [&laser](\x1b[01;35m\x1b[Kconst std::shared_ptr<rmw_request_id_t> request_header\x1b[m\x1b[K,\n'}
[6.733289] (ydlidar_ros2_driver) StderrLine: {'line': b'      |              \x1b[01;35m\x1b[K~~~~~~~~~~~~~~~~~~~~~~~~~~~~~~~~~~~~~~~~^~~~~~~~~~~~~~\x1b[m\x1b[K\n'}
[6.733404] (ydlidar_ros2_driver) StderrLine: {'line': b'\x1b[01m\x1b[K/home/geonmo/ydlidar_ws/src/ydlidar_ros2_driver/src/ydlidar_ros2_driver_node.cpp:201:56:\x1b[m\x1b[K \x1b[01;35m\x1b[Kwarning: \x1b[m\x1b[Kunused parameter \xe2\x80\x98\x1b[01m\x1b[Kreq\x1b[m\x1b[K\xe2\x80\x99 [\x1b[01;35m\x1b[K\x1b]8;;https://gcc.gnu.org/onlinedocs/gcc/Warning-Options.html#index-Wunused-parameter\x07-Wunused-parameter\x1b]8;;\x07\x1b[m\x1b[K]\n'}
[6.733525] (ydlidar_ros2_driver) StderrLine: {'line': b'  201 |   \x1b[01;35m\x1b[Kconst std::shared_ptr<std_srvs::srv::Empty::Request> req\x1b[m\x1b[K,\n'}
[6.733640] (ydlidar_ros2_driver) StderrLine: {'line': b'      |   \x1b[01;35m\x1b[K~~~~~~~~~~~~~~~~~~~~~~~~~~~~~~~~~~~~~~~~~~~~~~~~~~~~~^~~\x1b[m\x1b[K\n'}
[6.733755] (ydlidar_ros2_driver) StderrLine: {'line': b'\x1b[01m\x1b[K/home/geonmo/ydlidar_ws/src/ydlidar_ros2_driver/src/ydlidar_ros2_driver_node.cpp:202:51:\x1b[m\x1b[K \x1b[01;35m\x1b[Kwarning: \x1b[m\x1b[Kunused parameter \xe2\x80\x98\x1b[01m\x1b[Kresponse\x1b[m\x1b[K\xe2\x80\x99 [\x1b[01;35m\x1b[K\x1b]8;;https://gcc.gnu.org/onlinedocs/gcc/Warning-Options.html#index-Wunused-parameter\x07-Wunused-parameter\x1b]8;;\x07\x1b[m\x1b[K]\n'}
[6.733888] (ydlidar_ros2_driver) StderrLine: {'line': b'  202 |   \x1b[01;35m\x1b[Kstd::shared_ptr<std_srvs::srv::Empty::Response> response\x1b[m\x1b[K) -> bool\n'}
[6.734006] (ydlidar_ros2_driver) StderrLine: {'line': b'      |   \x1b[01;35m\x1b[K~~~~~~~~~~~~~~~~~~~~~~~~~~~~~~~~~~~~~~~~~~~~~~~~^~~~~~~~\x1b[m\x1b[K\n'}
[6.734135] (ydlidar_ros2_driver) StderrLine: {'line': b'\x1b[01m\x1b[K/home/geonmo/ydlidar_ws/src/ydlidar_ros2_driver/src/ydlidar_ros2_driver_node.cpp:\x1b[m\x1b[K In function \xe2\x80\x98\x1b[01m\x1b[Kint main(int, char**)\x1b[m\x1b[K\xe2\x80\x99:\n'}
[6.734251] (ydlidar_ros2_driver) StderrLine: {'line': b'\x1b[01m\x1b[K/home/geonmo/ydlidar_ws/src/ydlidar_ros2_driver/src/ydlidar_ros2_driver_node.cpp:235:21:\x1b[m\x1b[K \x1b[01;35m\x1b[Kwarning: \x1b[m\x1b[Kunused variable \xe2\x80\x98\x1b[01m\x1b[Kp\x1b[m\x1b[K\xe2\x80\x99 [\x1b[01;35m\x1b[K\x1b]8;;https://gcc.gnu.org/onlinedocs/gcc/Warning-Options.html#index-Wunused-variable\x07-Wunused-variable\x1b]8;;\x07\x1b[m\x1b[K]\n'}
[6.734372] (ydlidar_ros2_driver) StderrLine: {'line': b'  235 |         const auto& \x1b[01;35m\x1b[Kp\x1b[m\x1b[K = scan.points.at(i);\n'}
[6.734502] (ydlidar_ros2_driver) StderrLine: {'line': b'      |                     \x1b[01;35m\x1b[K^\x1b[m\x1b[K\n'}
[6.740440] (-) TimerEvent: {}
[6.841205] (-) TimerEvent: {}
[6.941920] (-) TimerEvent: {}
[7.042611] (-) TimerEvent: {}
[7.143555] (-) TimerEvent: {}
[7.244280] (-) TimerEvent: {}
[7.345011] (-) TimerEvent: {}
[7.445969] (-) TimerEvent: {}
[7.546962] (-) TimerEvent: {}
[7.647730] (-) TimerEvent: {}
[7.748709] (-) TimerEvent: {}
[7.849694] (-) TimerEvent: {}
[7.950430] (-) TimerEvent: {}
[8.051174] (-) TimerEvent: {}
[8.152186] (-) TimerEvent: {}
[8.252891] (-) TimerEvent: {}
[8.353861] (-) TimerEvent: {}
[8.454838] (-) TimerEvent: {}
[8.555811] (-) TimerEvent: {}
[8.656776] (-) TimerEvent: {}
[8.757748] (-) TimerEvent: {}
[8.858730] (-) TimerEvent: {}
[8.959489] (-) TimerEvent: {}
[8.982911] (ydlidar_ros2_driver) StderrLine: {'line': b'gmake[2]: *** [CMakeFiles/ydlidar_ros2_driver_node.dir/build.make:76: CMakeFiles/ydlidar_ros2_driver_node.dir/src/ydlidar_ros2_driver_node.cpp.o] Error 1\n'}
[8.983781] (ydlidar_ros2_driver) StderrLine: {'line': b'gmake[1]: *** [CMakeFiles/Makefile2:139: CMakeFiles/ydlidar_ros2_driver_node.dir/all] Error 2\n'}
[8.984071] (ydlidar_ros2_driver) StderrLine: {'line': b'gmake: *** [Makefile:146: all] Error 2\n'}
[8.989183] (ydlidar_ros2_driver) CommandEnded: {'returncode': 2}
[9.020287] (ydlidar_ros2_driver) JobEnded: {'identifier': 'ydlidar_ros2_driver', 'rc': 2}
[9.031540] (-) EventReactorShutdown: {}
