[0.017s] Invoking command in '/home/geonmo/ydlidar_ws/build/ydlidar_ros2_driver': CMAKE_PREFIX_PATH=/opt/ros/humble /usr/bin/cmake /home/geonmo/ydlidar_ws/src/ydlidar_ros2_driver -DCMAKE_INSTALL_PREFIX=/home/geonmo/ydlidar_ws/install/ydlidar_ros2_driver
[0.043s] -- Found ament_cmake: 1.3.12 (/opt/ros/humble/share/ament_cmake/cmake)
[0.288s] -- Override CMake install command with custom implementation using symlinks instead of copying resources
[0.313s] -- Found rclcpp: 16.0.17 (/opt/ros/humble/share/rclcpp/cmake)
[0.385s] -- Found rosidl_generator_c: 3.1.8 (/opt/ros/humble/share/rosidl_generator_c/cmake)
[0.390s] -- Found rosidl_adapter: 3.1.8 (/opt/ros/humble/share/rosidl_adapter/cmake)
[0.401s] -- Found rosidl_generator_cpp: 3.1.8 (/opt/ros/humble/share/rosidl_generator_cpp/cmake)
[0.420s] -- Using all available rosidl_typesupport_c: rosidl_typesupport_fastrtps_c;rosidl_typesupport_introspection_c
[0.443s] -- Using all available rosidl_typesupport_cpp: rosidl_typesupport_fastrtps_cpp;rosidl_typesupport_introspection_cpp
[0.504s] -- Found rmw_implementation_cmake: 6.1.2 (/opt/ros/humble/share/rmw_implementation_cmake/cmake)
[0.507s] -- Found rmw_fastrtps_cpp: 6.2.9 (/opt/ros/humble/share/rmw_fastrtps_cpp/cmake)
[0.691s] -- Using RMW implementation 'rmw_fastrtps_cpp' as default
[0.785s] -- Found sensor_msgs: 4.9.0 (/opt/ros/humble/share/sensor_msgs/cmake)
[0.839s] -- Found visualization_msgs: 4.9.0 (/opt/ros/humble/share/visualization_msgs/cmake)
[0.876s] -- Found std_srvs: 4.9.0 (/opt/ros/humble/share/std_srvs/cmake)
[0.901s] -- Found ament_lint_auto: 0.12.14 (/opt/ros/humble/share/ament_lint_auto/cmake)
[1.048s] -- Added test 'copyright' to check source files copyright and LICENSE
[1.055s] -- Added test 'cppcheck' to perform static code analysis on C / C++ code
[1.056s] -- Configured cppcheck include dirs: /home/geonmo/ydlidar_ws/src/ydlidar_ros2_driver/src
[1.056s] -- Configured cppcheck exclude dirs and/or files: 
[1.062s] -- Added test 'cpplint' to check C / C++ code against the Google style
[1.062s] -- Configured cpplint exclude dirs and/or files: 
[1.063s] -- Added test 'flake8' to check Python code syntax and style conventions
[1.065s] -- Added test 'lint_cmake' to check CMake code style
[1.067s] -- Added test 'pep257' to check Python code against some of the docstring style conventions in PEP 257
[1.073s] -- Added test 'uncrustify' to check C / C++ code style
[1.073s] -- Configured uncrustify additional arguments: 
[1.074s] -- Added test 'xmllint' to check XML markup files
[1.076s] -- Configuring done
[1.106s] -- Generating done
[1.118s] -- Build files have been written to: /home/geonmo/ydlidar_ws/build/ydlidar_ros2_driver
[1.138s] Invoked command in '/home/geonmo/ydlidar_ws/build/ydlidar_ros2_driver' returned '0': CMAKE_PREFIX_PATH=/opt/ros/humble /usr/bin/cmake /home/geonmo/ydlidar_ws/src/ydlidar_ros2_driver -DCMAKE_INSTALL_PREFIX=/home/geonmo/ydlidar_ws/install/ydlidar_ros2_driver
[1.141s] Invoking command in '/home/geonmo/ydlidar_ws/build/ydlidar_ros2_driver': CMAKE_PREFIX_PATH=/opt/ros/humble /usr/bin/cmake --build /home/geonmo/ydlidar_ws/build/ydlidar_ros2_driver -- -j4 -l4
[1.219s] [35m[1mConsolidate compiler generated dependencies of target ydlidar_ros2_driver_client[0m
[1.220s] [35m[1mConsolidate compiler generated dependencies of target ydlidar_ros2_driver_node[0m
[1.255s] [ 50%] [32mBuilding CXX object CMakeFiles/ydlidar_ros2_driver_node.dir/src/ydlidar_ros2_driver_node.cpp.o[0m
[1.255s] [ 75%] Built target ydlidar_ros2_driver_client
[6.582s] [01m[K/home/geonmo/ydlidar_ws/src/ydlidar_ros2_driver/src/ydlidar_ros2_driver_node.cpp:[m[K In function ‘[01m[Kint main(int, char**)[m[K’:
[6.583s] [01m[K/home/geonmo/ydlidar_ws/src/ydlidar_ros2_driver/src/ydlidar_ros2_driver_node.cpp:44:26:[m[K [01;31m[Kerror: [m[Kno matching function for call to ‘[01m[Krclcpp::Node::declare_parameter(const char [5])[m[K’
[6.584s]    44 |   [01;31m[Knode->declare_parameter("port")[m[K;
[6.584s]       |   [01;31m[K~~~~~~~~~~~~~~~~~~~~~~~^~~~~~~~[m[K
[6.585s] In file included from [01m[K/opt/ros/humble/include/rclcpp/rclcpp/executors/single_threaded_executor.hpp:28[m[K,
[6.585s]                  from [01m[K/opt/ros/humble/include/rclcpp/rclcpp/executors.hpp:22[m[K,
[6.585s]                  from [01m[K/opt/ros/humble/include/rclcpp/rclcpp/rclcpp.hpp:155[m[K,
[6.586s]                  from [01m[K/home/geonmo/ydlidar_ws/src/ydlidar_ros2_driver/src/ydlidar_ros2_driver_node.cpp:23[m[K:
[6.586s] [01m[K/opt/ros/humble/include/rclcpp/rclcpp/node.hpp:421:3:[m[K [01;36m[Knote: [m[Kcandidate: ‘[01m[Ktemplate<class ParameterT> auto rclcpp::Node::declare_parameter(const string&, const ParameterT&, const ParameterDescriptor&, bool)[m[K’
[6.587s]   421 |   [01;36m[Kdeclare_parameter[m[K(
[6.587s]       |   [01;36m[K^~~~~~~~~~~~~~~~~[m[K
[6.587s] [01m[K/opt/ros/humble/include/rclcpp/rclcpp/node.hpp:421:3:[m[K [01;36m[Knote: [m[K  template argument deduction/substitution failed:
[6.587s] [01m[K/home/geonmo/ydlidar_ws/src/ydlidar_ros2_driver/src/ydlidar_ros2_driver_node.cpp:44:26:[m[K [01;36m[Knote: [m[K  candidate expects 4 arguments, 1 provided
[6.588s]    44 |   [01;36m[Knode->declare_parameter("port")[m[K;
[6.589s]       |   [01;36m[K~~~~~~~~~~~~~~~~~~~~~~~^~~~~~~~[m[K
[6.589s] In file included from [01m[K/opt/ros/humble/include/rclcpp/rclcpp/executors/single_threaded_executor.hpp:28[m[K,
[6.589s]                  from [01m[K/opt/ros/humble/include/rclcpp/rclcpp/executors.hpp:22[m[K,
[6.590s]                  from [01m[K/opt/ros/humble/include/rclcpp/rclcpp/rclcpp.hpp:155[m[K,
[6.590s]                  from [01m[K/home/geonmo/ydlidar_ws/src/ydlidar_ros2_driver/src/ydlidar_ros2_driver_node.cpp:23[m[K:
[6.591s] [01m[K/opt/ros/humble/include/rclcpp/rclcpp/node.hpp:434:3:[m[K [01;36m[Knote: [m[Kcandidate: ‘[01m[Ktemplate<class ParameterT> auto rclcpp::Node::declare_parameter(const string&, const ParameterDescriptor&, bool)[m[K’
[6.591s]   434 |   [01;36m[Kdeclare_parameter[m[K(
[6.591s]       |   [01;36m[K^~~~~~~~~~~~~~~~~[m[K
[6.591s] [01m[K/opt/ros/humble/include/rclcpp/rclcpp/node.hpp:434:3:[m[K [01;36m[Knote: [m[K  template argument deduction/substitution failed:
[6.592s] [01m[K/home/geonmo/ydlidar_ws/src/ydlidar_ros2_driver/src/ydlidar_ros2_driver_node.cpp:44:26:[m[K [01;36m[Knote: [m[K  couldn’t deduce template parameter ‘[01m[KParameterT[m[K’
[6.592s]    44 |   [01;36m[Knode->declare_parameter("port")[m[K;
[6.592s]       |   [01;36m[K~~~~~~~~~~~~~~~~~~~~~~~^~~~~~~~[m[K
[6.593s] In file included from [01m[K/opt/ros/humble/include/rclcpp/rclcpp/executors/single_threaded_executor.hpp:28[m[K,
[6.594s]                  from [01m[K/opt/ros/humble/include/rclcpp/rclcpp/executors.hpp:22[m[K,
[6.594s]                  from [01m[K/opt/ros/humble/include/rclcpp/rclcpp/rclcpp.hpp:155[m[K,
[6.595s]                  from [01m[K/home/geonmo/ydlidar_ws/src/ydlidar_ros2_driver/src/ydlidar_ros2_driver_node.cpp:23[m[K:
[6.595s] [01m[K/opt/ros/humble/include/rclcpp/rclcpp/node.hpp:366:3:[m[K [01;36m[Knote: [m[Kcandidate: ‘[01m[Kconst rclcpp::ParameterValue& rclcpp::Node::declare_parameter(const string&, const rclcpp::ParameterValue&, const ParameterDescriptor&, bool)[m[K’
[6.595s]   366 |   [01;36m[Kdeclare_parameter[m[K(
[6.596s]       |   [01;36m[K^~~~~~~~~~~~~~~~~[m[K
[6.596s] [01m[K/opt/ros/humble/include/rclcpp/rclcpp/node.hpp:366:3:[m[K [01;36m[Knote: [m[K  candidate expects 4 arguments, 1 provided
[6.596s] [01m[K/opt/ros/humble/include/rclcpp/rclcpp/node.hpp:391:3:[m[K [01;36m[Knote: [m[Kcandidate: ‘[01m[Kconst rclcpp::ParameterValue& rclcpp::Node::declare_parameter(const string&, rclcpp::ParameterType, const ParameterDescriptor&, bool)[m[K’
[6.596s]   391 |   [01;36m[Kdeclare_parameter[m[K(
[6.596s]       |   [01;36m[K^~~~~~~~~~~~~~~~~[m[K
[6.596s] [01m[K/opt/ros/humble/include/rclcpp/rclcpp/node.hpp:391:3:[m[K [01;36m[Knote: [m[K  candidate expects 4 arguments, 1 provided
[6.597s] [01m[K/home/geonmo/ydlidar_ws/src/ydlidar_ros2_driver/src/ydlidar_ros2_driver_node.cpp:51:26:[m[K [01;31m[Kerror: [m[Kno matching function for call to ‘[01m[Krclcpp::Node::declare_parameter(const char [13])[m[K’
[6.597s]    51 |   [01;31m[Knode->declare_parameter("ignore_array")[m[K;
[6.597s]       |   [01;31m[K~~~~~~~~~~~~~~~~~~~~~~~^~~~~~~~~~~~~~~~[m[K
[6.597s] In file included from [01m[K/opt/ros/humble/include/rclcpp/rclcpp/executors/single_threaded_executor.hpp:28[m[K,
[6.597s]                  from [01m[K/opt/ros/humble/include/rclcpp/rclcpp/executors.hpp:22[m[K,
[6.597s]                  from [01m[K/opt/ros/humble/include/rclcpp/rclcpp/rclcpp.hpp:155[m[K,
[6.597s]                  from [01m[K/home/geonmo/ydlidar_ws/src/ydlidar_ros2_driver/src/ydlidar_ros2_driver_node.cpp:23[m[K:
[6.598s] [01m[K/opt/ros/humble/include/rclcpp/rclcpp/node.hpp:421:3:[m[K [01;36m[Knote: [m[Kcandidate: ‘[01m[Ktemplate<class ParameterT> auto rclcpp::Node::declare_parameter(const string&, const ParameterT&, const ParameterDescriptor&, bool)[m[K’
[6.598s]   421 |   [01;36m[Kdeclare_parameter[m[K(
[6.598s]       |   [01;36m[K^~~~~~~~~~~~~~~~~[m[K
[6.598s] [01m[K/opt/ros/humble/include/rclcpp/rclcpp/node.hpp:421:3:[m[K [01;36m[Knote: [m[K  template argument deduction/substitution failed:
[6.598s] [01m[K/home/geonmo/ydlidar_ws/src/ydlidar_ros2_driver/src/ydlidar_ros2_driver_node.cpp:51:26:[m[K [01;36m[Knote: [m[K  candidate expects 4 arguments, 1 provided
[6.598s]    51 |   [01;36m[Knode->declare_parameter("ignore_array")[m[K;
[6.598s]       |   [01;36m[K~~~~~~~~~~~~~~~~~~~~~~~^~~~~~~~~~~~~~~~[m[K
[6.599s] In file included from [01m[K/opt/ros/humble/include/rclcpp/rclcpp/executors/single_threaded_executor.hpp:28[m[K,
[6.599s]                  from [01m[K/opt/ros/humble/include/rclcpp/rclcpp/executors.hpp:22[m[K,
[6.599s]                  from [01m[K/opt/ros/humble/include/rclcpp/rclcpp/rclcpp.hpp:155[m[K,
[6.599s]                  from [01m[K/home/geonmo/ydlidar_ws/src/ydlidar_ros2_driver/src/ydlidar_ros2_driver_node.cpp:23[m[K:
[6.599s] [01m[K/opt/ros/humble/include/rclcpp/rclcpp/node.hpp:434:3:[m[K [01;36m[Knote: [m[Kcandidate: ‘[01m[Ktemplate<class ParameterT> auto rclcpp::Node::declare_parameter(const string&, const ParameterDescriptor&, bool)[m[K’
[6.599s]   434 |   [01;36m[Kdeclare_parameter[m[K(
[6.599s]       |   [01;36m[K^~~~~~~~~~~~~~~~~[m[K
[6.599s] [01m[K/opt/ros/humble/include/rclcpp/rclcpp/node.hpp:434:3:[m[K [01;36m[Knote: [m[K  template argument deduction/substitution failed:
[6.600s] [01m[K/home/geonmo/ydlidar_ws/src/ydlidar_ros2_driver/src/ydlidar_ros2_driver_node.cpp:51:26:[m[K [01;36m[Knote: [m[K  couldn’t deduce template parameter ‘[01m[KParameterT[m[K’
[6.600s]    51 |   [01;36m[Knode->declare_parameter("ignore_array")[m[K;
[6.600s]       |   [01;36m[K~~~~~~~~~~~~~~~~~~~~~~~^~~~~~~~~~~~~~~~[m[K
[6.600s] In file included from [01m[K/opt/ros/humble/include/rclcpp/rclcpp/executors/single_threaded_executor.hpp:28[m[K,
[6.600s]                  from [01m[K/opt/ros/humble/include/rclcpp/rclcpp/executors.hpp:22[m[K,
[6.600s]                  from [01m[K/opt/ros/humble/include/rclcpp/rclcpp/rclcpp.hpp:155[m[K,
[6.600s]                  from [01m[K/home/geonmo/ydlidar_ws/src/ydlidar_ros2_driver/src/ydlidar_ros2_driver_node.cpp:23[m[K:
[6.601s] [01m[K/opt/ros/humble/include/rclcpp/rclcpp/node.hpp:366:3:[m[K [01;36m[Knote: [m[Kcandidate: ‘[01m[Kconst rclcpp::ParameterValue& rclcpp::Node::declare_parameter(const string&, const rclcpp::ParameterValue&, const ParameterDescriptor&, bool)[m[K’
[6.601s]   366 |   [01;36m[Kdeclare_parameter[m[K(
[6.601s]       |   [01;36m[K^~~~~~~~~~~~~~~~~[m[K
[6.601s] [01m[K/opt/ros/humble/include/rclcpp/rclcpp/node.hpp:366:3:[m[K [01;36m[Knote: [m[K  candidate expects 4 arguments, 1 provided
[6.601s] [01m[K/opt/ros/humble/include/rclcpp/rclcpp/node.hpp:391:3:[m[K [01;36m[Knote: [m[Kcandidate: ‘[01m[Kconst rclcpp::ParameterValue& rclcpp::Node::declare_parameter(const string&, rclcpp::ParameterType, const ParameterDescriptor&, bool)[m[K’
[6.601s]   391 |   [01;36m[Kdeclare_parameter[m[K(
[6.601s]       |   [01;36m[K^~~~~~~~~~~~~~~~~[m[K
[6.602s] [01m[K/opt/ros/humble/include/rclcpp/rclcpp/node.hpp:391:3:[m[K [01;36m[Knote: [m[K  candidate expects 4 arguments, 1 provided
[6.602s] [01m[K/home/geonmo/ydlidar_ws/src/ydlidar_ros2_driver/src/ydlidar_ros2_driver_node.cpp:56:26:[m[K [01;31m[Kerror: [m[Kno matching function for call to ‘[01m[Krclcpp::Node::declare_parameter(const char [9])[m[K’
[6.602s]    56 |   [01;31m[Knode->declare_parameter("frame_id")[m[K;
[6.602s]       |   [01;31m[K~~~~~~~~~~~~~~~~~~~~~~~^~~~~~~~~~~~[m[K
[6.602s] In file included from [01m[K/opt/ros/humble/include/rclcpp/rclcpp/executors/single_threaded_executor.hpp:28[m[K,
[6.602s]                  from [01m[K/opt/ros/humble/include/rclcpp/rclcpp/executors.hpp:22[m[K,
[6.602s]                  from [01m[K/opt/ros/humble/include/rclcpp/rclcpp/rclcpp.hpp:155[m[K,
[6.602s]                  from [01m[K/home/geonmo/ydlidar_ws/src/ydlidar_ros2_driver/src/ydlidar_ros2_driver_node.cpp:23[m[K:
[6.603s] [01m[K/opt/ros/humble/include/rclcpp/rclcpp/node.hpp:421:3:[m[K [01;36m[Knote: [m[Kcandidate: ‘[01m[Ktemplate<class ParameterT> auto rclcpp::Node::declare_parameter(const string&, const ParameterT&, const ParameterDescriptor&, bool)[m[K’
[6.603s]   421 |   [01;36m[Kdeclare_parameter[m[K(
[6.603s]       |   [01;36m[K^~~~~~~~~~~~~~~~~[m[K
[6.603s] [01m[K/opt/ros/humble/include/rclcpp/rclcpp/node.hpp:421:3:[m[K [01;36m[Knote: [m[K  template argument deduction/substitution failed:
[6.603s] [01m[K/home/geonmo/ydlidar_ws/src/ydlidar_ros2_driver/src/ydlidar_ros2_driver_node.cpp:56:26:[m[K [01;36m[Knote: [m[K  candidate expects 4 arguments, 1 provided
[6.603s]    56 |   [01;36m[Knode->declare_parameter("frame_id")[m[K;
[6.603s]       |   [01;36m[K~~~~~~~~~~~~~~~~~~~~~~~^~~~~~~~~~~~[m[K
[6.604s] In file included from [01m[K/opt/ros/humble/include/rclcpp/rclcpp/executors/single_threaded_executor.hpp:28[m[K,
[6.604s]                  from [01m[K/opt/ros/humble/include/rclcpp/rclcpp/executors.hpp:22[m[K,
[6.604s]                  from [01m[K/opt/ros/humble/include/rclcpp/rclcpp/rclcpp.hpp:155[m[K,
[6.604s]                  from [01m[K/home/geonmo/ydlidar_ws/src/ydlidar_ros2_driver/src/ydlidar_ros2_driver_node.cpp:23[m[K:
[6.604s] [01m[K/opt/ros/humble/include/rclcpp/rclcpp/node.hpp:434:3:[m[K [01;36m[Knote: [m[Kcandidate: ‘[01m[Ktemplate<class ParameterT> auto rclcpp::Node::declare_parameter(const string&, const ParameterDescriptor&, bool)[m[K’
[6.604s]   434 |   [01;36m[Kdeclare_parameter[m[K(
[6.604s]       |   [01;36m[K^~~~~~~~~~~~~~~~~[m[K
[6.604s] [01m[K/opt/ros/humble/include/rclcpp/rclcpp/node.hpp:434:3:[m[K [01;36m[Knote: [m[K  template argument deduction/substitution failed:
[6.605s] [01m[K/home/geonmo/ydlidar_ws/src/ydlidar_ros2_driver/src/ydlidar_ros2_driver_node.cpp:56:26:[m[K [01;36m[Knote: [m[K  couldn’t deduce template parameter ‘[01m[KParameterT[m[K’
[6.605s]    56 |   [01;36m[Knode->declare_parameter("frame_id")[m[K;
[6.605s]       |   [01;36m[K~~~~~~~~~~~~~~~~~~~~~~~^~~~~~~~~~~~[m[K
[6.605s] In file included from [01m[K/opt/ros/humble/include/rclcpp/rclcpp/executors/single_threaded_executor.hpp:28[m[K,
[6.605s]                  from [01m[K/opt/ros/humble/include/rclcpp/rclcpp/executors.hpp:22[m[K,
[6.605s]                  from [01m[K/opt/ros/humble/include/rclcpp/rclcpp/rclcpp.hpp:155[m[K,
[6.605s]                  from [01m[K/home/geonmo/ydlidar_ws/src/ydlidar_ros2_driver/src/ydlidar_ros2_driver_node.cpp:23[m[K:
[6.605s] [01m[K/opt/ros/humble/include/rclcpp/rclcpp/node.hpp:366:3:[m[K [01;36m[Knote: [m[Kcandidate: ‘[01m[Kconst rclcpp::ParameterValue& rclcpp::Node::declare_parameter(const string&, const rclcpp::ParameterValue&, const ParameterDescriptor&, bool)[m[K’
[6.606s]   366 |   [01;36m[Kdeclare_parameter[m[K(
[6.606s]       |   [01;36m[K^~~~~~~~~~~~~~~~~[m[K
[6.606s] [01m[K/opt/ros/humble/include/rclcpp/rclcpp/node.hpp:366:3:[m[K [01;36m[Knote: [m[K  candidate expects 4 arguments, 1 provided
[6.606s] [01m[K/opt/ros/humble/include/rclcpp/rclcpp/node.hpp:391:3:[m[K [01;36m[Knote: [m[Kcandidate: ‘[01m[Kconst rclcpp::ParameterValue& rclcpp::Node::declare_parameter(const string&, rclcpp::ParameterType, const ParameterDescriptor&, bool)[m[K’
[6.606s]   391 |   [01;36m[Kdeclare_parameter[m[K(
[6.606s]       |   [01;36m[K^~~~~~~~~~~~~~~~~[m[K
[6.606s] [01m[K/opt/ros/humble/include/rclcpp/rclcpp/node.hpp:391:3:[m[K [01;36m[Knote: [m[K  candidate expects 4 arguments, 1 provided
[6.607s] [01m[K/home/geonmo/ydlidar_ws/src/ydlidar_ros2_driver/src/ydlidar_ros2_driver_node.cpp:62:26:[m[K [01;31m[Kerror: [m[Kno matching function for call to ‘[01m[Krclcpp::Node::declare_parameter(const char [9])[m[K’
[6.607s]    62 |   [01;31m[Knode->declare_parameter("baudrate")[m[K;
[6.607s]       |   [01;31m[K~~~~~~~~~~~~~~~~~~~~~~~^~~~~~~~~~~~[m[K
[6.607s] In file included from [01m[K/opt/ros/humble/include/rclcpp/rclcpp/executors/single_threaded_executor.hpp:28[m[K,
[6.607s]                  from [01m[K/opt/ros/humble/include/rclcpp/rclcpp/executors.hpp:22[m[K,
[6.607s]                  from [01m[K/opt/ros/humble/include/rclcpp/rclcpp/rclcpp.hpp:155[m[K,
[6.607s]                  from [01m[K/home/geonmo/ydlidar_ws/src/ydlidar_ros2_driver/src/ydlidar_ros2_driver_node.cpp:23[m[K:
[6.607s] [01m[K/opt/ros/humble/include/rclcpp/rclcpp/node.hpp:421:3:[m[K [01;36m[Knote: [m[Kcandidate: ‘[01m[Ktemplate<class ParameterT> auto rclcpp::Node::declare_parameter(const string&, const ParameterT&, const ParameterDescriptor&, bool)[m[K’
[6.608s]   421 |   [01;36m[Kdeclare_parameter[m[K(
[6.608s]       |   [01;36m[K^~~~~~~~~~~~~~~~~[m[K
[6.608s] [01m[K/opt/ros/humble/include/rclcpp/rclcpp/node.hpp:421:3:[m[K [01;36m[Knote: [m[K  template argument deduction/substitution failed:
[6.608s] [01m[K/home/geonmo/ydlidar_ws/src/ydlidar_ros2_driver/src/ydlidar_ros2_driver_node.cpp:62:26:[m[K [01;36m[Knote: [m[K  candidate expects 4 arguments, 1 provided
[6.608s]    62 |   [01;36m[Knode->declare_parameter("baudrate")[m[K;
[6.608s]       |   [01;36m[K~~~~~~~~~~~~~~~~~~~~~~~^~~~~~~~~~~~[m[K
[6.608s] In file included from [01m[K/opt/ros/humble/include/rclcpp/rclcpp/executors/single_threaded_executor.hpp:28[m[K,
[6.609s]                  from [01m[K/opt/ros/humble/include/rclcpp/rclcpp/executors.hpp:22[m[K,
[6.609s]                  from [01m[K/opt/ros/humble/include/rclcpp/rclcpp/rclcpp.hpp:155[m[K,
[6.609s]                  from [01m[K/home/geonmo/ydlidar_ws/src/ydlidar_ros2_driver/src/ydlidar_ros2_driver_node.cpp:23[m[K:
[6.609s] [01m[K/opt/ros/humble/include/rclcpp/rclcpp/node.hpp:434:3:[m[K [01;36m[Knote: [m[Kcandidate: ‘[01m[Ktemplate<class ParameterT> auto rclcpp::Node::declare_parameter(const string&, const ParameterDescriptor&, bool)[m[K’
[6.609s]   434 |   [01;36m[Kdeclare_parameter[m[K(
[6.609s]       |   [01;36m[K^~~~~~~~~~~~~~~~~[m[K
[6.609s] [01m[K/opt/ros/humble/include/rclcpp/rclcpp/node.hpp:434:3:[m[K [01;36m[Knote: [m[K  template argument deduction/substitution failed:
[6.609s] [01m[K/home/geonmo/ydlidar_ws/src/ydlidar_ros2_driver/src/ydlidar_ros2_driver_node.cpp:62:26:[m[K [01;36m[Knote: [m[K  couldn’t deduce template parameter ‘[01m[KParameterT[m[K’
[6.610s]    62 |   [01;36m[Knode->declare_parameter("baudrate")[m[K;
[6.610s]       |   [01;36m[K~~~~~~~~~~~~~~~~~~~~~~~^~~~~~~~~~~~[m[K
[6.610s] In file included from [01m[K/opt/ros/humble/include/rclcpp/rclcpp/executors/single_threaded_executor.hpp:28[m[K,
[6.610s]                  from [01m[K/opt/ros/humble/include/rclcpp/rclcpp/executors.hpp:22[m[K,
[6.610s]                  from [01m[K/opt/ros/humble/include/rclcpp/rclcpp/rclcpp.hpp:155[m[K,
[6.610s]                  from [01m[K/home/geonmo/ydlidar_ws/src/ydlidar_ros2_driver/src/ydlidar_ros2_driver_node.cpp:23[m[K:
[6.610s] [01m[K/opt/ros/humble/include/rclcpp/rclcpp/node.hpp:366:3:[m[K [01;36m[Knote: [m[Kcandidate: ‘[01m[Kconst rclcpp::ParameterValue& rclcpp::Node::declare_parameter(const string&, const rclcpp::ParameterValue&, const ParameterDescriptor&, bool)[m[K’
[6.611s]   366 |   [01;36m[Kdeclare_parameter[m[K(
[6.611s]       |   [01;36m[K^~~~~~~~~~~~~~~~~[m[K
[6.611s] [01m[K/opt/ros/humble/include/rclcpp/rclcpp/node.hpp:366:3:[m[K [01;36m[Knote: [m[K  candidate expects 4 arguments, 1 provided
[6.611s] [01m[K/opt/ros/humble/include/rclcpp/rclcpp/node.hpp:391:3:[m[K [01;36m[Knote: [m[Kcandidate: ‘[01m[Kconst rclcpp::ParameterValue& rclcpp::Node::declare_parameter(const string&, rclcpp::ParameterType, const ParameterDescriptor&, bool)[m[K’
[6.611s]   391 |   [01;36m[Kdeclare_parameter[m[K(
[6.611s]       |   [01;36m[K^~~~~~~~~~~~~~~~~[m[K
[6.611s] [01m[K/opt/ros/humble/include/rclcpp/rclcpp/node.hpp:391:3:[m[K [01;36m[Knote: [m[K  candidate expects 4 arguments, 1 provided
[6.611s] [01m[K/home/geonmo/ydlidar_ws/src/ydlidar_ros2_driver/src/ydlidar_ros2_driver_node.cpp:67:26:[m[K [01;31m[Kerror: [m[Kno matching function for call to ‘[01m[Krclcpp::Node::declare_parameter(const char [11])[m[K’
[6.612s]    67 |   [01;31m[Knode->declare_parameter("lidar_type")[m[K;
[6.612s]       |   [01;31m[K~~~~~~~~~~~~~~~~~~~~~~~^~~~~~~~~~~~~~[m[K
[6.612s] In file included from [01m[K/opt/ros/humble/include/rclcpp/rclcpp/executors/single_threaded_executor.hpp:28[m[K,
[6.612s]                  from [01m[K/opt/ros/humble/include/rclcpp/rclcpp/executors.hpp:22[m[K,
[6.612s]                  from [01m[K/opt/ros/humble/include/rclcpp/rclcpp/rclcpp.hpp:155[m[K,
[6.612s]                  from [01m[K/home/geonmo/ydlidar_ws/src/ydlidar_ros2_driver/src/ydlidar_ros2_driver_node.cpp:23[m[K:
[6.612s] [01m[K/opt/ros/humble/include/rclcpp/rclcpp/node.hpp:421:3:[m[K [01;36m[Knote: [m[Kcandidate: ‘[01m[Ktemplate<class ParameterT> auto rclcpp::Node::declare_parameter(const string&, const ParameterT&, const ParameterDescriptor&, bool)[m[K’
[6.613s]   421 |   [01;36m[Kdeclare_parameter[m[K(
[6.613s]       |   [01;36m[K^~~~~~~~~~~~~~~~~[m[K
[6.613s] [01m[K/opt/ros/humble/include/rclcpp/rclcpp/node.hpp:421:3:[m[K [01;36m[Knote: [m[K  template argument deduction/substitution failed:
[6.613s] [01m[K/home/geonmo/ydlidar_ws/src/ydlidar_ros2_driver/src/ydlidar_ros2_driver_node.cpp:67:26:[m[K [01;36m[Knote: [m[K  candidate expects 4 arguments, 1 provided
[6.613s]    67 |   [01;36m[Knode->declare_parameter("lidar_type")[m[K;
[6.613s]       |   [01;36m[K~~~~~~~~~~~~~~~~~~~~~~~^~~~~~~~~~~~~~[m[K
[6.613s] In file included from [01m[K/opt/ros/humble/include/rclcpp/rclcpp/executors/single_threaded_executor.hpp:28[m[K,
[6.613s]                  from [01m[K/opt/ros/humble/include/rclcpp/rclcpp/executors.hpp:22[m[K,
[6.614s]                  from [01m[K/opt/ros/humble/include/rclcpp/rclcpp/rclcpp.hpp:155[m[K,
[6.614s]                  from [01m[K/home/geonmo/ydlidar_ws/src/ydlidar_ros2_driver/src/ydlidar_ros2_driver_node.cpp:23[m[K:
[6.614s] [01m[K/opt/ros/humble/include/rclcpp/rclcpp/node.hpp:434:3:[m[K [01;36m[Knote: [m[Kcandidate: ‘[01m[Ktemplate<class ParameterT> auto rclcpp::Node::declare_parameter(const string&, const ParameterDescriptor&, bool)[m[K’
[6.614s]   434 |   [01;36m[Kdeclare_parameter[m[K(
[6.614s]       |   [01;36m[K^~~~~~~~~~~~~~~~~[m[K
[6.614s] [01m[K/opt/ros/humble/include/rclcpp/rclcpp/node.hpp:434:3:[m[K [01;36m[Knote: [m[K  template argument deduction/substitution failed:
[6.614s] [01m[K/home/geonmo/ydlidar_ws/src/ydlidar_ros2_driver/src/ydlidar_ros2_driver_node.cpp:67:26:[m[K [01;36m[Knote: [m[K  couldn’t deduce template parameter ‘[01m[KParameterT[m[K’
[6.614s]    67 |   [01;36m[Knode->declare_parameter("lidar_type")[m[K;
[6.615s]       |   [01;36m[K~~~~~~~~~~~~~~~~~~~~~~~^~~~~~~~~~~~~~[m[K
[6.615s] In file included from [01m[K/opt/ros/humble/include/rclcpp/rclcpp/executors/single_threaded_executor.hpp:28[m[K,
[6.615s]                  from [01m[K/opt/ros/humble/include/rclcpp/rclcpp/executors.hpp:22[m[K,
[6.615s]                  from [01m[K/opt/ros/humble/include/rclcpp/rclcpp/rclcpp.hpp:155[m[K,
[6.615s]                  from [01m[K/home/geonmo/ydlidar_ws/src/ydlidar_ros2_driver/src/ydlidar_ros2_driver_node.cpp:23[m[K:
[6.615s] [01m[K/opt/ros/humble/include/rclcpp/rclcpp/node.hpp:366:3:[m[K [01;36m[Knote: [m[Kcandidate: ‘[01m[Kconst rclcpp::ParameterValue& rclcpp::Node::declare_parameter(const string&, const rclcpp::ParameterValue&, const ParameterDescriptor&, bool)[m[K’
[6.615s]   366 |   [01;36m[Kdeclare_parameter[m[K(
[6.616s]       |   [01;36m[K^~~~~~~~~~~~~~~~~[m[K
[6.616s] [01m[K/opt/ros/humble/include/rclcpp/rclcpp/node.hpp:366:3:[m[K [01;36m[Knote: [m[K  candidate expects 4 arguments, 1 provided
[6.616s] [01m[K/opt/ros/humble/include/rclcpp/rclcpp/node.hpp:391:3:[m[K [01;36m[Knote: [m[Kcandidate: ‘[01m[Kconst rclcpp::ParameterValue& rclcpp::Node::declare_parameter(const string&, rclcpp::ParameterType, const ParameterDescriptor&, bool)[m[K’
[6.616s]   391 |   [01;36m[Kdeclare_parameter[m[K(
[6.616s]       |   [01;36m[K^~~~~~~~~~~~~~~~~[m[K
[6.616s] [01m[K/opt/ros/humble/include/rclcpp/rclcpp/node.hpp:391:3:[m[K [01;36m[Knote: [m[K  candidate expects 4 arguments, 1 provided
[6.616s] [01m[K/home/geonmo/ydlidar_ws/src/ydlidar_ros2_driver/src/ydlidar_ros2_driver_node.cpp:72:26:[m[K [01;31m[Kerror: [m[Kno matching function for call to ‘[01m[Krclcpp::Node::declare_parameter(const char [12])[m[K’
[6.616s]    72 |   [01;31m[Knode->declare_parameter("device_type")[m[K;
[6.617s]       |   [01;31m[K~~~~~~~~~~~~~~~~~~~~~~~^~~~~~~~~~~~~~~[m[K
[6.617s] In file included from [01m[K/opt/ros/humble/include/rclcpp/rclcpp/executors/single_threaded_executor.hpp:28[m[K,
[6.617s]                  from [01m[K/opt/ros/humble/include/rclcpp/rclcpp/executors.hpp:22[m[K,
[6.617s]                  from [01m[K/opt/ros/humble/include/rclcpp/rclcpp/rclcpp.hpp:155[m[K,
[6.617s]                  from [01m[K/home/geonmo/ydlidar_ws/src/ydlidar_ros2_driver/src/ydlidar_ros2_driver_node.cpp:23[m[K:
[6.617s] [01m[K/opt/ros/humble/include/rclcpp/rclcpp/node.hpp:421:3:[m[K [01;36m[Knote: [m[Kcandidate: ‘[01m[Ktemplate<class ParameterT> auto rclcpp::Node::declare_parameter(const string&, const ParameterT&, const ParameterDescriptor&, bool)[m[K’
[6.617s]   421 |   [01;36m[Kdeclare_parameter[m[K(
[6.618s]       |   [01;36m[K^~~~~~~~~~~~~~~~~[m[K
[6.618s] [01m[K/opt/ros/humble/include/rclcpp/rclcpp/node.hpp:421:3:[m[K [01;36m[Knote: [m[K  template argument deduction/substitution failed:
[6.618s] [01m[K/home/geonmo/ydlidar_ws/src/ydlidar_ros2_driver/src/ydlidar_ros2_driver_node.cpp:72:26:[m[K [01;36m[Knote: [m[K  candidate expects 4 arguments, 1 provided
[6.618s]    72 |   [01;36m[Knode->declare_parameter("device_type")[m[K;
[6.618s]       |   [01;36m[K~~~~~~~~~~~~~~~~~~~~~~~^~~~~~~~~~~~~~~[m[K
[6.618s] In file included from [01m[K/opt/ros/humble/include/rclcpp/rclcpp/executors/single_threaded_executor.hpp:28[m[K,
[6.618s]                  from [01m[K/opt/ros/humble/include/rclcpp/rclcpp/executors.hpp:22[m[K,
[6.618s]                  from [01m[K/opt/ros/humble/include/rclcpp/rclcpp/rclcpp.hpp:155[m[K,
[6.619s]                  from [01m[K/home/geonmo/ydlidar_ws/src/ydlidar_ros2_driver/src/ydlidar_ros2_driver_node.cpp:23[m[K:
[6.619s] [01m[K/opt/ros/humble/include/rclcpp/rclcpp/node.hpp:434:3:[m[K [01;36m[Knote: [m[Kcandidate: ‘[01m[Ktemplate<class ParameterT> auto rclcpp::Node::declare_parameter(const string&, const ParameterDescriptor&, bool)[m[K’
[6.619s]   434 |   [01;36m[Kdeclare_parameter[m[K(
[6.619s]       |   [01;36m[K^~~~~~~~~~~~~~~~~[m[K
[6.619s] [01m[K/opt/ros/humble/include/rclcpp/rclcpp/node.hpp:434:3:[m[K [01;36m[Knote: [m[K  template argument deduction/substitution failed:
[6.620s] [01m[K/home/geonmo/ydlidar_ws/src/ydlidar_ros2_driver/src/ydlidar_ros2_driver_node.cpp:72:26:[m[K [01;36m[Knote: [m[K  couldn’t deduce template parameter ‘[01m[KParameterT[m[K’
[6.620s]    72 |   [01;36m[Knode->declare_parameter("device_type")[m[K;
[6.620s]       |   [01;36m[K~~~~~~~~~~~~~~~~~~~~~~~^~~~~~~~~~~~~~~[m[K
[6.620s] In file included from [01m[K/opt/ros/humble/include/rclcpp/rclcpp/executors/single_threaded_executor.hpp:28[m[K,
[6.620s]                  from [01m[K/opt/ros/humble/include/rclcpp/rclcpp/executors.hpp:22[m[K,
[6.620s]                  from [01m[K/opt/ros/humble/include/rclcpp/rclcpp/rclcpp.hpp:155[m[K,
[6.620s]                  from [01m[K/home/geonmo/ydlidar_ws/src/ydlidar_ros2_driver/src/ydlidar_ros2_driver_node.cpp:23[m[K:
[6.621s] [01m[K/opt/ros/humble/include/rclcpp/rclcpp/node.hpp:366:3:[m[K [01;36m[Knote: [m[Kcandidate: ‘[01m[Kconst rclcpp::ParameterValue& rclcpp::Node::declare_parameter(const string&, const rclcpp::ParameterValue&, const ParameterDescriptor&, bool)[m[K’
[6.621s]   366 |   [01;36m[Kdeclare_parameter[m[K(
[6.621s]       |   [01;36m[K^~~~~~~~~~~~~~~~~[m[K
[6.621s] [01m[K/opt/ros/humble/include/rclcpp/rclcpp/node.hpp:366:3:[m[K [01;36m[Knote: [m[K  candidate expects 4 arguments, 1 provided
[6.621s] [01m[K/opt/ros/humble/include/rclcpp/rclcpp/node.hpp:391:3:[m[K [01;36m[Knote: [m[Kcandidate: ‘[01m[Kconst rclcpp::ParameterValue& rclcpp::Node::declare_parameter(const string&, rclcpp::ParameterType, const ParameterDescriptor&, bool)[m[K’
[6.621s]   391 |   [01;36m[Kdeclare_parameter[m[K(
[6.621s]       |   [01;36m[K^~~~~~~~~~~~~~~~~[m[K
[6.622s] [01m[K/opt/ros/humble/include/rclcpp/rclcpp/node.hpp:391:3:[m[K [01;36m[Knote: [m[K  candidate expects 4 arguments, 1 provided
[6.622s] [01m[K/home/geonmo/ydlidar_ws/src/ydlidar_ros2_driver/src/ydlidar_ros2_driver_node.cpp:77:26:[m[K [01;31m[Kerror: [m[Kno matching function for call to ‘[01m[Krclcpp::Node::declare_parameter(const char [12])[m[K’
[6.622s]    77 |   [01;31m[Knode->declare_parameter("sample_rate")[m[K;
[6.622s]       |   [01;31m[K~~~~~~~~~~~~~~~~~~~~~~~^~~~~~~~~~~~~~~[m[K
[6.622s] In file included from [01m[K/opt/ros/humble/include/rclcpp/rclcpp/executors/single_threaded_executor.hpp:28[m[K,
[6.622s]                  from [01m[K/opt/ros/humble/include/rclcpp/rclcpp/executors.hpp:22[m[K,
[6.622s]                  from [01m[K/opt/ros/humble/include/rclcpp/rclcpp/rclcpp.hpp:155[m[K,
[6.623s]                  from [01m[K/home/geonmo/ydlidar_ws/src/ydlidar_ros2_driver/src/ydlidar_ros2_driver_node.cpp:23[m[K:
[6.623s] [01m[K/opt/ros/humble/include/rclcpp/rclcpp/node.hpp:421:3:[m[K [01;36m[Knote: [m[Kcandidate: ‘[01m[Ktemplate<class ParameterT> auto rclcpp::Node::declare_parameter(const string&, const ParameterT&, const ParameterDescriptor&, bool)[m[K’
[6.623s]   421 |   [01;36m[Kdeclare_parameter[m[K(
[6.623s]       |   [01;36m[K^~~~~~~~~~~~~~~~~[m[K
[6.623s] [01m[K/opt/ros/humble/include/rclcpp/rclcpp/node.hpp:421:3:[m[K [01;36m[Knote: [m[K  template argument deduction/substitution failed:
[6.623s] [01m[K/home/geonmo/ydlidar_ws/src/ydlidar_ros2_driver/src/ydlidar_ros2_driver_node.cpp:77:26:[m[K [01;36m[Knote: [m[K  candidate expects 4 arguments, 1 provided
[6.623s]    77 |   [01;36m[Knode->declare_parameter("sample_rate")[m[K;
[6.623s]       |   [01;36m[K~~~~~~~~~~~~~~~~~~~~~~~^~~~~~~~~~~~~~~[m[K
[6.624s] In file included from [01m[K/opt/ros/humble/include/rclcpp/rclcpp/executors/single_threaded_executor.hpp:28[m[K,
[6.624s]                  from [01m[K/opt/ros/humble/include/rclcpp/rclcpp/executors.hpp:22[m[K,
[6.624s]                  from [01m[K/opt/ros/humble/include/rclcpp/rclcpp/rclcpp.hpp:155[m[K,
[6.624s]                  from [01m[K/home/geonmo/ydlidar_ws/src/ydlidar_ros2_driver/src/ydlidar_ros2_driver_node.cpp:23[m[K:
[6.624s] [01m[K/opt/ros/humble/include/rclcpp/rclcpp/node.hpp:434:3:[m[K [01;36m[Knote: [m[Kcandidate: ‘[01m[Ktemplate<class ParameterT> auto rclcpp::Node::declare_parameter(const string&, const ParameterDescriptor&, bool)[m[K’
[6.624s]   434 |   [01;36m[Kdeclare_parameter[m[K(
[6.624s]       |   [01;36m[K^~~~~~~~~~~~~~~~~[m[K
[6.625s] [01m[K/opt/ros/humble/include/rclcpp/rclcpp/node.hpp:434:3:[m[K [01;36m[Knote: [m[K  template argument deduction/substitution failed:
[6.625s] [01m[K/home/geonmo/ydlidar_ws/src/ydlidar_ros2_driver/src/ydlidar_ros2_driver_node.cpp:77:26:[m[K [01;36m[Knote: [m[K  couldn’t deduce template parameter ‘[01m[KParameterT[m[K’
[6.625s]    77 |   [01;36m[Knode->declare_parameter("sample_rate")[m[K;
[6.625s]       |   [01;36m[K~~~~~~~~~~~~~~~~~~~~~~~^~~~~~~~~~~~~~~[m[K
[6.625s] In file included from [01m[K/opt/ros/humble/include/rclcpp/rclcpp/executors/single_threaded_executor.hpp:28[m[K,
[6.625s]                  from [01m[K/opt/ros/humble/include/rclcpp/rclcpp/executors.hpp:22[m[K,
[6.625s]                  from [01m[K/opt/ros/humble/include/rclcpp/rclcpp/rclcpp.hpp:155[m[K,
[6.625s]                  from [01m[K/home/geonmo/ydlidar_ws/src/ydlidar_ros2_driver/src/ydlidar_ros2_driver_node.cpp:23[m[K:
[6.626s] [01m[K/opt/ros/humble/include/rclcpp/rclcpp/node.hpp:366:3:[m[K [01;36m[Knote: [m[Kcandidate: ‘[01m[Kconst rclcpp::ParameterValue& rclcpp::Node::declare_parameter(const string&, const rclcpp::ParameterValue&, const ParameterDescriptor&, bool)[m[K’
[6.626s]   366 |   [01;36m[Kdeclare_parameter[m[K(
[6.626s]       |   [01;36m[K^~~~~~~~~~~~~~~~~[m[K
[6.626s] [01m[K/opt/ros/humble/include/rclcpp/rclcpp/node.hpp:366:3:[m[K [01;36m[Knote: [m[K  candidate expects 4 arguments, 1 provided
[6.626s] [01m[K/opt/ros/humble/include/rclcpp/rclcpp/node.hpp:391:3:[m[K [01;36m[Knote: [m[Kcandidate: ‘[01m[Kconst rclcpp::ParameterValue& rclcpp::Node::declare_parameter(const string&, rclcpp::ParameterType, const ParameterDescriptor&, bool)[m[K’
[6.626s]   391 |   [01;36m[Kdeclare_parameter[m[K(
[6.626s]       |   [01;36m[K^~~~~~~~~~~~~~~~~[m[K
[6.627s] [01m[K/opt/ros/humble/include/rclcpp/rclcpp/node.hpp:391:3:[m[K [01;36m[Knote: [m[K  candidate expects 4 arguments, 1 provided
[6.627s] [01m[K/home/geonmo/ydlidar_ws/src/ydlidar_ros2_driver/src/ydlidar_ros2_driver_node.cpp:82:26:[m[K [01;31m[Kerror: [m[Kno matching function for call to ‘[01m[Krclcpp::Node::declare_parameter(const char [21])[m[K’
[6.627s]    82 |   [01;31m[Knode->declare_parameter("abnormal_check_count")[m[K;
[6.627s]       |   [01;31m[K~~~~~~~~~~~~~~~~~~~~~~~^~~~~~~~~~~~~~~~~~~~~~~~[m[K
[6.627s] In file included from [01m[K/opt/ros/humble/include/rclcpp/rclcpp/executors/single_threaded_executor.hpp:28[m[K,
[6.627s]                  from [01m[K/opt/ros/humble/include/rclcpp/rclcpp/executors.hpp:22[m[K,
[6.627s]                  from [01m[K/opt/ros/humble/include/rclcpp/rclcpp/rclcpp.hpp:155[m[K,
[6.627s]                  from [01m[K/home/geonmo/ydlidar_ws/src/ydlidar_ros2_driver/src/ydlidar_ros2_driver_node.cpp:23[m[K:
[6.628s] [01m[K/opt/ros/humble/include/rclcpp/rclcpp/node.hpp:421:3:[m[K [01;36m[Knote: [m[Kcandidate: ‘[01m[Ktemplate<class ParameterT> auto rclcpp::Node::declare_parameter(const string&, const ParameterT&, const ParameterDescriptor&, bool)[m[K’
[6.628s]   421 |   [01;36m[Kdeclare_parameter[m[K(
[6.628s]       |   [01;36m[K^~~~~~~~~~~~~~~~~[m[K
[6.628s] [01m[K/opt/ros/humble/include/rclcpp/rclcpp/node.hpp:421:3:[m[K [01;36m[Knote: [m[K  template argument deduction/substitution failed:
[6.628s] [01m[K/home/geonmo/ydlidar_ws/src/ydlidar_ros2_driver/src/ydlidar_ros2_driver_node.cpp:82:26:[m[K [01;36m[Knote: [m[K  candidate expects 4 arguments, 1 provided
[6.628s]    82 |   [01;36m[Knode->declare_parameter("abnormal_check_count")[m[K;
[6.628s]       |   [01;36m[K~~~~~~~~~~~~~~~~~~~~~~~^~~~~~~~~~~~~~~~~~~~~~~~[m[K
[6.629s] In file included from [01m[K/opt/ros/humble/include/rclcpp/rclcpp/executors/single_threaded_executor.hpp:28[m[K,
[6.629s]                  from [01m[K/opt/ros/humble/include/rclcpp/rclcpp/executors.hpp:22[m[K,
[6.629s]                  from [01m[K/opt/ros/humble/include/rclcpp/rclcpp/rclcpp.hpp:155[m[K,
[6.629s]                  from [01m[K/home/geonmo/ydlidar_ws/src/ydlidar_ros2_driver/src/ydlidar_ros2_driver_node.cpp:23[m[K:
[6.629s] [01m[K/opt/ros/humble/include/rclcpp/rclcpp/node.hpp:434:3:[m[K [01;36m[Knote: [m[Kcandidate: ‘[01m[Ktemplate<class ParameterT> auto rclcpp::Node::declare_parameter(const string&, const ParameterDescriptor&, bool)[m[K’
[6.629s]   434 |   [01;36m[Kdeclare_parameter[m[K(
[6.629s]       |   [01;36m[K^~~~~~~~~~~~~~~~~[m[K
[6.629s] [01m[K/opt/ros/humble/include/rclcpp/rclcpp/node.hpp:434:3:[m[K [01;36m[Knote: [m[K  template argument deduction/substitution failed:
[6.630s] [01m[K/home/geonmo/ydlidar_ws/src/ydlidar_ros2_driver/src/ydlidar_ros2_driver_node.cpp:82:26:[m[K [01;36m[Knote: [m[K  couldn’t deduce template parameter ‘[01m[KParameterT[m[K’
[6.630s]    82 |   [01;36m[Knode->declare_parameter("abnormal_check_count")[m[K;
[6.630s]       |   [01;36m[K~~~~~~~~~~~~~~~~~~~~~~~^~~~~~~~~~~~~~~~~~~~~~~~[m[K
[6.630s] In file included from [01m[K/opt/ros/humble/include/rclcpp/rclcpp/executors/single_threaded_executor.hpp:28[m[K,
[6.630s]                  from [01m[K/opt/ros/humble/include/rclcpp/rclcpp/executors.hpp:22[m[K,
[6.630s]                  from [01m[K/opt/ros/humble/include/rclcpp/rclcpp/rclcpp.hpp:155[m[K,
[6.630s]                  from [01m[K/home/geonmo/ydlidar_ws/src/ydlidar_ros2_driver/src/ydlidar_ros2_driver_node.cpp:23[m[K:
[6.631s] [01m[K/opt/ros/humble/include/rclcpp/rclcpp/node.hpp:366:3:[m[K [01;36m[Knote: [m[Kcandidate: ‘[01m[Kconst rclcpp::ParameterValue& rclcpp::Node::declare_parameter(const string&, const rclcpp::ParameterValue&, const ParameterDescriptor&, bool)[m[K’
[6.631s]   366 |   [01;36m[Kdeclare_parameter[m[K(
[6.631s]       |   [01;36m[K^~~~~~~~~~~~~~~~~[m[K
[6.631s] [01m[K/opt/ros/humble/include/rclcpp/rclcpp/node.hpp:366:3:[m[K [01;36m[Knote: [m[K  candidate expects 4 arguments, 1 provided
[6.631s] [01m[K/opt/ros/humble/include/rclcpp/rclcpp/node.hpp:391:3:[m[K [01;36m[Knote: [m[Kcandidate: ‘[01m[Kconst rclcpp::ParameterValue& rclcpp::Node::declare_parameter(const string&, rclcpp::ParameterType, const ParameterDescriptor&, bool)[m[K’
[6.631s]   391 |   [01;36m[Kdeclare_parameter[m[K(
[6.631s]       |   [01;36m[K^~~~~~~~~~~~~~~~~[m[K
[6.631s] [01m[K/opt/ros/humble/include/rclcpp/rclcpp/node.hpp:391:3:[m[K [01;36m[Knote: [m[K  candidate expects 4 arguments, 1 provided
[6.632s] [01m[K/home/geonmo/ydlidar_ws/src/ydlidar_ros2_driver/src/ydlidar_ros2_driver_node.cpp:88:26:[m[K [01;31m[Kerror: [m[Kno matching function for call to ‘[01m[Krclcpp::Node::declare_parameter(const char [14])[m[K’
[6.632s]    88 |   [01;31m[Knode->declare_parameter("intensity_bit")[m[K;
[6.632s]       |   [01;31m[K~~~~~~~~~~~~~~~~~~~~~~~^~~~~~~~~~~~~~~~~[m[K
[6.632s] In file included from [01m[K/opt/ros/humble/include/rclcpp/rclcpp/executors/single_threaded_executor.hpp:28[m[K,
[6.632s]                  from [01m[K/opt/ros/humble/include/rclcpp/rclcpp/executors.hpp:22[m[K,
[6.632s]                  from [01m[K/opt/ros/humble/include/rclcpp/rclcpp/rclcpp.hpp:155[m[K,
[6.632s]                  from [01m[K/home/geonmo/ydlidar_ws/src/ydlidar_ros2_driver/src/ydlidar_ros2_driver_node.cpp:23[m[K:
[6.633s] [01m[K/opt/ros/humble/include/rclcpp/rclcpp/node.hpp:421:3:[m[K [01;36m[Knote: [m[Kcandidate: ‘[01m[Ktemplate<class ParameterT> auto rclcpp::Node::declare_parameter(const string&, const ParameterT&, const ParameterDescriptor&, bool)[m[K’
[6.633s]   421 |   [01;36m[Kdeclare_parameter[m[K(
[6.633s]       |   [01;36m[K^~~~~~~~~~~~~~~~~[m[K
[6.633s] [01m[K/opt/ros/humble/include/rclcpp/rclcpp/node.hpp:421:3:[m[K [01;36m[Knote: [m[K  template argument deduction/substitution failed:
[6.633s] [01m[K/home/geonmo/ydlidar_ws/src/ydlidar_ros2_driver/src/ydlidar_ros2_driver_node.cpp:88:26:[m[K [01;36m[Knote: [m[K  candidate expects 4 arguments, 1 provided
[6.633s]    88 |   [01;36m[Knode->declare_parameter("intensity_bit")[m[K;
[6.633s]       |   [01;36m[K~~~~~~~~~~~~~~~~~~~~~~~^~~~~~~~~~~~~~~~~[m[K
[6.633s] In file included from [01m[K/opt/ros/humble/include/rclcpp/rclcpp/executors/single_threaded_executor.hpp:28[m[K,
[6.634s]                  from [01m[K/opt/ros/humble/include/rclcpp/rclcpp/executors.hpp:22[m[K,
[6.634s]                  from [01m[K/opt/ros/humble/include/rclcpp/rclcpp/rclcpp.hpp:155[m[K,
[6.634s]                  from [01m[K/home/geonmo/ydlidar_ws/src/ydlidar_ros2_driver/src/ydlidar_ros2_driver_node.cpp:23[m[K:
[6.634s] [01m[K/opt/ros/humble/include/rclcpp/rclcpp/node.hpp:434:3:[m[K [01;36m[Knote: [m[Kcandidate: ‘[01m[Ktemplate<class ParameterT> auto rclcpp::Node::declare_parameter(const string&, const ParameterDescriptor&, bool)[m[K’
[6.634s]   434 |   [01;36m[Kdeclare_parameter[m[K(
[6.634s]       |   [01;36m[K^~~~~~~~~~~~~~~~~[m[K
[6.634s] [01m[K/opt/ros/humble/include/rclcpp/rclcpp/node.hpp:434:3:[m[K [01;36m[Knote: [m[K  template argument deduction/substitution failed:
[6.635s] [01m[K/home/geonmo/ydlidar_ws/src/ydlidar_ros2_driver/src/ydlidar_ros2_driver_node.cpp:88:26:[m[K [01;36m[Knote: [m[K  couldn’t deduce template parameter ‘[01m[KParameterT[m[K’
[6.635s]    88 |   [01;36m[Knode->declare_parameter("intensity_bit")[m[K;
[6.635s]       |   [01;36m[K~~~~~~~~~~~~~~~~~~~~~~~^~~~~~~~~~~~~~~~~[m[K
[6.635s] In file included from [01m[K/opt/ros/humble/include/rclcpp/rclcpp/executors/single_threaded_executor.hpp:28[m[K,
[6.635s]                  from [01m[K/opt/ros/humble/include/rclcpp/rclcpp/executors.hpp:22[m[K,
[6.635s]                  from [01m[K/opt/ros/humble/include/rclcpp/rclcpp/rclcpp.hpp:155[m[K,
[6.635s]                  from [01m[K/home/geonmo/ydlidar_ws/src/ydlidar_ros2_driver/src/ydlidar_ros2_driver_node.cpp:23[m[K:
[6.635s] [01m[K/opt/ros/humble/include/rclcpp/rclcpp/node.hpp:366:3:[m[K [01;36m[Knote: [m[Kcandidate: ‘[01m[Kconst rclcpp::ParameterValue& rclcpp::Node::declare_parameter(const string&, const rclcpp::ParameterValue&, const ParameterDescriptor&, bool)[m[K’
[6.636s]   366 |   [01;36m[Kdeclare_parameter[m[K(
[6.636s]       |   [01;36m[K^~~~~~~~~~~~~~~~~[m[K
[6.636s] [01m[K/opt/ros/humble/include/rclcpp/rclcpp/node.hpp:366:3:[m[K [01;36m[Knote: [m[K  candidate expects 4 arguments, 1 provided
[6.636s] [01m[K/opt/ros/humble/include/rclcpp/rclcpp/node.hpp:391:3:[m[K [01;36m[Knote: [m[Kcandidate: ‘[01m[Kconst rclcpp::ParameterValue& rclcpp::Node::declare_parameter(const string&, rclcpp::ParameterType, const ParameterDescriptor&, bool)[m[K’
[6.636s]   391 |   [01;36m[Kdeclare_parameter[m[K(
[6.636s]       |   [01;36m[K^~~~~~~~~~~~~~~~~[m[K
[6.636s] [01m[K/opt/ros/humble/include/rclcpp/rclcpp/node.hpp:391:3:[m[K [01;36m[Knote: [m[K  candidate expects 4 arguments, 1 provided
[6.637s] [01m[K/home/geonmo/ydlidar_ws/src/ydlidar_ros2_driver/src/ydlidar_ros2_driver_node.cpp:95:26:[m[K [01;31m[Kerror: [m[Kno matching function for call to ‘[01m[Krclcpp::Node::declare_parameter(const char [17])[m[K’
[6.637s]    95 |   [01;31m[Knode->declare_parameter("fixed_resolution")[m[K;
[6.637s]       |   [01;31m[K~~~~~~~~~~~~~~~~~~~~~~~^~~~~~~~~~~~~~~~~~~~[m[K
[6.637s] In file included from [01m[K/opt/ros/humble/include/rclcpp/rclcpp/executors/single_threaded_executor.hpp:28[m[K,
[6.637s]                  from [01m[K/opt/ros/humble/include/rclcpp/rclcpp/executors.hpp:22[m[K,
[6.637s]                  from [01m[K/opt/ros/humble/include/rclcpp/rclcpp/rclcpp.hpp:155[m[K,
[6.637s]                  from [01m[K/home/geonmo/ydlidar_ws/src/ydlidar_ros2_driver/src/ydlidar_ros2_driver_node.cpp:23[m[K:
[6.637s] [01m[K/opt/ros/humble/include/rclcpp/rclcpp/node.hpp:421:3:[m[K [01;36m[Knote: [m[Kcandidate: ‘[01m[Ktemplate<class ParameterT> auto rclcpp::Node::declare_parameter(const string&, const ParameterT&, const ParameterDescriptor&, bool)[m[K’
[6.638s]   421 |   [01;36m[Kdeclare_parameter[m[K(
[6.638s]       |   [01;36m[K^~~~~~~~~~~~~~~~~[m[K
[6.638s] [01m[K/opt/ros/humble/include/rclcpp/rclcpp/node.hpp:421:3:[m[K [01;36m[Knote: [m[K  template argument deduction/substitution failed:
[6.638s] [01m[K/home/geonmo/ydlidar_ws/src/ydlidar_ros2_driver/src/ydlidar_ros2_driver_node.cpp:95:26:[m[K [01;36m[Knote: [m[K  candidate expects 4 arguments, 1 provided
[6.638s]    95 |   [01;36m[Knode->declare_parameter("fixed_resolution")[m[K;
[6.638s]       |   [01;36m[K~~~~~~~~~~~~~~~~~~~~~~~^~~~~~~~~~~~~~~~~~~~[m[K
[6.638s] In file included from [01m[K/opt/ros/humble/include/rclcpp/rclcpp/executors/single_threaded_executor.hpp:28[m[K,
[6.638s]                  from [01m[K/opt/ros/humble/include/rclcpp/rclcpp/executors.hpp:22[m[K,
[6.639s]                  from [01m[K/opt/ros/humble/include/rclcpp/rclcpp/rclcpp.hpp:155[m[K,
[6.639s]                  from [01m[K/home/geonmo/ydlidar_ws/src/ydlidar_ros2_driver/src/ydlidar_ros2_driver_node.cpp:23[m[K:
[6.639s] [01m[K/opt/ros/humble/include/rclcpp/rclcpp/node.hpp:434:3:[m[K [01;36m[Knote: [m[Kcandidate: ‘[01m[Ktemplate<class ParameterT> auto rclcpp::Node::declare_parameter(const string&, const ParameterDescriptor&, bool)[m[K’
[6.639s]   434 |   [01;36m[Kdeclare_parameter[m[K(
[6.639s]       |   [01;36m[K^~~~~~~~~~~~~~~~~[m[K
[6.639s] [01m[K/opt/ros/humble/include/rclcpp/rclcpp/node.hpp:434:3:[m[K [01;36m[Knote: [m[K  template argument deduction/substitution failed:
[6.639s] [01m[K/home/geonmo/ydlidar_ws/src/ydlidar_ros2_driver/src/ydlidar_ros2_driver_node.cpp:95:26:[m[K [01;36m[Knote: [m[K  couldn’t deduce template parameter ‘[01m[KParameterT[m[K’
[6.640s]    95 |   [01;36m[Knode->declare_parameter("fixed_resolution")[m[K;
[6.640s]       |   [01;36m[K~~~~~~~~~~~~~~~~~~~~~~~^~~~~~~~~~~~~~~~~~~~[m[K
[6.640s] In file included from [01m[K/opt/ros/humble/include/rclcpp/rclcpp/executors/single_threaded_executor.hpp:28[m[K,
[6.640s]                  from [01m[K/opt/ros/humble/include/rclcpp/rclcpp/executors.hpp:22[m[K,
[6.640s]                  from [01m[K/opt/ros/humble/include/rclcpp/rclcpp/rclcpp.hpp:155[m[K,
[6.640s]                  from [01m[K/home/geonmo/ydlidar_ws/src/ydlidar_ros2_driver/src/ydlidar_ros2_driver_node.cpp:23[m[K:
[6.640s] [01m[K/opt/ros/humble/include/rclcpp/rclcpp/node.hpp:366:3:[m[K [01;36m[Knote: [m[Kcandidate: ‘[01m[Kconst rclcpp::ParameterValue& rclcpp::Node::declare_parameter(const string&, const rclcpp::ParameterValue&, const ParameterDescriptor&, bool)[m[K’
[6.641s]   366 |   [01;36m[Kdeclare_parameter[m[K(
[6.641s]       |   [01;36m[K^~~~~~~~~~~~~~~~~[m[K
[6.641s] [01m[K/opt/ros/humble/include/rclcpp/rclcpp/node.hpp:366:3:[m[K [01;36m[Knote: [m[K  candidate expects 4 arguments, 1 provided
[6.641s] [01m[K/opt/ros/humble/include/rclcpp/rclcpp/node.hpp:391:3:[m[K [01;36m[Knote: [m[Kcandidate: ‘[01m[Kconst rclcpp::ParameterValue& rclcpp::Node::declare_parameter(const string&, rclcpp::ParameterType, const ParameterDescriptor&, bool)[m[K’
[6.641s]   391 |   [01;36m[Kdeclare_parameter[m[K(
[6.641s]       |   [01;36m[K^~~~~~~~~~~~~~~~~[m[K
[6.642s] [01m[K/opt/ros/humble/include/rclcpp/rclcpp/node.hpp:391:3:[m[K [01;36m[Knote: [m[K  candidate expects 4 arguments, 1 provided
[6.642s] [01m[K/home/geonmo/ydlidar_ws/src/ydlidar_ros2_driver/src/ydlidar_ros2_driver_node.cpp:100:26:[m[K [01;31m[Kerror: [m[Kno matching function for call to ‘[01m[Krclcpp::Node::declare_parameter(const char [10])[m[K’
[6.642s]   100 |   [01;31m[Knode->declare_parameter("reversion")[m[K;
[6.642s]       |   [01;31m[K~~~~~~~~~~~~~~~~~~~~~~~^~~~~~~~~~~~~[m[K
[6.642s] In file included from [01m[K/opt/ros/humble/include/rclcpp/rclcpp/executors/single_threaded_executor.hpp:28[m[K,
[6.642s]                  from [01m[K/opt/ros/humble/include/rclcpp/rclcpp/executors.hpp:22[m[K,
[6.642s]                  from [01m[K/opt/ros/humble/include/rclcpp/rclcpp/rclcpp.hpp:155[m[K,
[6.643s]                  from [01m[K/home/geonmo/ydlidar_ws/src/ydlidar_ros2_driver/src/ydlidar_ros2_driver_node.cpp:23[m[K:
[6.643s] [01m[K/opt/ros/humble/include/rclcpp/rclcpp/node.hpp:421:3:[m[K [01;36m[Knote: [m[Kcandidate: ‘[01m[Ktemplate<class ParameterT> auto rclcpp::Node::declare_parameter(const string&, const ParameterT&, const ParameterDescriptor&, bool)[m[K’
[6.643s]   421 |   [01;36m[Kdeclare_parameter[m[K(
[6.643s]       |   [01;36m[K^~~~~~~~~~~~~~~~~[m[K
[6.643s] [01m[K/opt/ros/humble/include/rclcpp/rclcpp/node.hpp:421:3:[m[K [01;36m[Knote: [m[K  template argument deduction/substitution failed:
[6.643s] [01m[K/home/geonmo/ydlidar_ws/src/ydlidar_ros2_driver/src/ydlidar_ros2_driver_node.cpp:100:26:[m[K [01;36m[Knote: [m[K  candidate expects 4 arguments, 1 provided
[6.643s]   100 |   [01;36m[Knode->declare_parameter("reversion")[m[K;
[6.643s]       |   [01;36m[K~~~~~~~~~~~~~~~~~~~~~~~^~~~~~~~~~~~~[m[K
[6.644s] In file included from [01m[K/opt/ros/humble/include/rclcpp/rclcpp/executors/single_threaded_executor.hpp:28[m[K,
[6.644s]                  from [01m[K/opt/ros/humble/include/rclcpp/rclcpp/executors.hpp:22[m[K,
[6.644s]                  from [01m[K/opt/ros/humble/include/rclcpp/rclcpp/rclcpp.hpp:155[m[K,
[6.644s]                  from [01m[K/home/geonmo/ydlidar_ws/src/ydlidar_ros2_driver/src/ydlidar_ros2_driver_node.cpp:23[m[K:
[6.644s] [01m[K/opt/ros/humble/include/rclcpp/rclcpp/node.hpp:434:3:[m[K [01;36m[Knote: [m[Kcandidate: ‘[01m[Ktemplate<class ParameterT> auto rclcpp::Node::declare_parameter(const string&, const ParameterDescriptor&, bool)[m[K’
[6.644s]   434 |   [01;36m[Kdeclare_parameter[m[K(
[6.644s]       |   [01;36m[K^~~~~~~~~~~~~~~~~[m[K
[6.645s] [01m[K/opt/ros/humble/include/rclcpp/rclcpp/node.hpp:434:3:[m[K [01;36m[Knote: [m[K  template argument deduction/substitution failed:
[6.645s] [01m[K/home/geonmo/ydlidar_ws/src/ydlidar_ros2_driver/src/ydlidar_ros2_driver_node.cpp:100:26:[m[K [01;36m[Knote: [m[K  couldn’t deduce template parameter ‘[01m[KParameterT[m[K’
[6.645s]   100 |   [01;36m[Knode->declare_parameter("reversion")[m[K;
[6.645s]       |   [01;36m[K~~~~~~~~~~~~~~~~~~~~~~~^~~~~~~~~~~~~[m[K
[6.645s] In file included from [01m[K/opt/ros/humble/include/rclcpp/rclcpp/executors/single_threaded_executor.hpp:28[m[K,
[6.645s]                  from [01m[K/opt/ros/humble/include/rclcpp/rclcpp/executors.hpp:22[m[K,
[6.645s]                  from [01m[K/opt/ros/humble/include/rclcpp/rclcpp/rclcpp.hpp:155[m[K,
[6.645s]                  from [01m[K/home/geonmo/ydlidar_ws/src/ydlidar_ros2_driver/src/ydlidar_ros2_driver_node.cpp:23[m[K:
[6.646s] [01m[K/opt/ros/humble/include/rclcpp/rclcpp/node.hpp:366:3:[m[K [01;36m[Knote: [m[Kcandidate: ‘[01m[Kconst rclcpp::ParameterValue& rclcpp::Node::declare_parameter(const string&, const rclcpp::ParameterValue&, const ParameterDescriptor&, bool)[m[K’
[6.646s]   366 |   [01;36m[Kdeclare_parameter[m[K(
[6.646s]       |   [01;36m[K^~~~~~~~~~~~~~~~~[m[K
[6.646s] [01m[K/opt/ros/humble/include/rclcpp/rclcpp/node.hpp:366:3:[m[K [01;36m[Knote: [m[K  candidate expects 4 arguments, 1 provided
[6.646s] [01m[K/opt/ros/humble/include/rclcpp/rclcpp/node.hpp:391:3:[m[K [01;36m[Knote: [m[Kcandidate: ‘[01m[Kconst rclcpp::ParameterValue& rclcpp::Node::declare_parameter(const string&, rclcpp::ParameterType, const ParameterDescriptor&, bool)[m[K’
[6.646s]   391 |   [01;36m[Kdeclare_parameter[m[K(
[6.646s]       |   [01;36m[K^~~~~~~~~~~~~~~~~[m[K
[6.647s] [01m[K/opt/ros/humble/include/rclcpp/rclcpp/node.hpp:391:3:[m[K [01;36m[Knote: [m[K  candidate expects 4 arguments, 1 provided
[6.647s] [01m[K/home/geonmo/ydlidar_ws/src/ydlidar_ros2_driver/src/ydlidar_ros2_driver_node.cpp:105:26:[m[K [01;31m[Kerror: [m[Kno matching function for call to ‘[01m[Krclcpp::Node::declare_parameter(const char [9])[m[K’
[6.647s]   105 |   [01;31m[Knode->declare_parameter("inverted")[m[K;
[6.647s]       |   [01;31m[K~~~~~~~~~~~~~~~~~~~~~~~^~~~~~~~~~~~[m[K
[6.647s] In file included from [01m[K/opt/ros/humble/include/rclcpp/rclcpp/executors/single_threaded_executor.hpp:28[m[K,
[6.647s]                  from [01m[K/opt/ros/humble/include/rclcpp/rclcpp/executors.hpp:22[m[K,
[6.647s]                  from [01m[K/opt/ros/humble/include/rclcpp/rclcpp/rclcpp.hpp:155[m[K,
[6.648s]                  from [01m[K/home/geonmo/ydlidar_ws/src/ydlidar_ros2_driver/src/ydlidar_ros2_driver_node.cpp:23[m[K:
[6.648s] [01m[K/opt/ros/humble/include/rclcpp/rclcpp/node.hpp:421:3:[m[K [01;36m[Knote: [m[Kcandidate: ‘[01m[Ktemplate<class ParameterT> auto rclcpp::Node::declare_parameter(const string&, const ParameterT&, const ParameterDescriptor&, bool)[m[K’
[6.648s]   421 |   [01;36m[Kdeclare_parameter[m[K(
[6.648s]       |   [01;36m[K^~~~~~~~~~~~~~~~~[m[K
[6.648s] [01m[K/opt/ros/humble/include/rclcpp/rclcpp/node.hpp:421:3:[m[K [01;36m[Knote: [m[K  template argument deduction/substitution failed:
[6.648s] [01m[K/home/geonmo/ydlidar_ws/src/ydlidar_ros2_driver/src/ydlidar_ros2_driver_node.cpp:105:26:[m[K [01;36m[Knote: [m[K  candidate expects 4 arguments, 1 provided
[6.648s]   105 |   [01;36m[Knode->declare_parameter("inverted")[m[K;
[6.648s]       |   [01;36m[K~~~~~~~~~~~~~~~~~~~~~~~^~~~~~~~~~~~[m[K
[6.649s] In file included from [01m[K/opt/ros/humble/include/rclcpp/rclcpp/executors/single_threaded_executor.hpp:28[m[K,
[6.649s]                  from [01m[K/opt/ros/humble/include/rclcpp/rclcpp/executors.hpp:22[m[K,
[6.649s]                  from [01m[K/opt/ros/humble/include/rclcpp/rclcpp/rclcpp.hpp:155[m[K,
[6.649s]                  from [01m[K/home/geonmo/ydlidar_ws/src/ydlidar_ros2_driver/src/ydlidar_ros2_driver_node.cpp:23[m[K:
[6.649s] [01m[K/opt/ros/humble/include/rclcpp/rclcpp/node.hpp:434:3:[m[K [01;36m[Knote: [m[Kcandidate: ‘[01m[Ktemplate<class ParameterT> auto rclcpp::Node::declare_parameter(const string&, const ParameterDescriptor&, bool)[m[K’
[6.649s]   434 |   [01;36m[Kdeclare_parameter[m[K(
[6.649s]       |   [01;36m[K^~~~~~~~~~~~~~~~~[m[K
[6.649s] [01m[K/opt/ros/humble/include/rclcpp/rclcpp/node.hpp:434:3:[m[K [01;36m[Knote: [m[K  template argument deduction/substitution failed:
[6.650s] [01m[K/home/geonmo/ydlidar_ws/src/ydlidar_ros2_driver/src/ydlidar_ros2_driver_node.cpp:105:26:[m[K [01;36m[Knote: [m[K  couldn’t deduce template parameter ‘[01m[KParameterT[m[K’
[6.650s]   105 |   [01;36m[Knode->declare_parameter("inverted")[m[K;
[6.650s]       |   [01;36m[K~~~~~~~~~~~~~~~~~~~~~~~^~~~~~~~~~~~[m[K
[6.650s] In file included from [01m[K/opt/ros/humble/include/rclcpp/rclcpp/executors/single_threaded_executor.hpp:28[m[K,
[6.650s]                  from [01m[K/opt/ros/humble/include/rclcpp/rclcpp/executors.hpp:22[m[K,
[6.650s]                  from [01m[K/opt/ros/humble/include/rclcpp/rclcpp/rclcpp.hpp:155[m[K,
[6.650s]                  from [01m[K/home/geonmo/ydlidar_ws/src/ydlidar_ros2_driver/src/ydlidar_ros2_driver_node.cpp:23[m[K:
[6.651s] [01m[K/opt/ros/humble/include/rclcpp/rclcpp/node.hpp:366:3:[m[K [01;36m[Knote: [m[Kcandidate: ‘[01m[Kconst rclcpp::ParameterValue& rclcpp::Node::declare_parameter(const string&, const rclcpp::ParameterValue&, const ParameterDescriptor&, bool)[m[K’
[6.651s]   366 |   [01;36m[Kdeclare_parameter[m[K(
[6.651s]       |   [01;36m[K^~~~~~~~~~~~~~~~~[m[K
[6.651s] [01m[K/opt/ros/humble/include/rclcpp/rclcpp/node.hpp:366:3:[m[K [01;36m[Knote: [m[K  candidate expects 4 arguments, 1 provided
[6.651s] [01m[K/opt/ros/humble/include/rclcpp/rclcpp/node.hpp:391:3:[m[K [01;36m[Knote: [m[Kcandidate: ‘[01m[Kconst rclcpp::ParameterValue& rclcpp::Node::declare_parameter(const string&, rclcpp::ParameterType, const ParameterDescriptor&, bool)[m[K’
[6.651s]   391 |   [01;36m[Kdeclare_parameter[m[K(
[6.651s]       |   [01;36m[K^~~~~~~~~~~~~~~~~[m[K
[6.651s] [01m[K/opt/ros/humble/include/rclcpp/rclcpp/node.hpp:391:3:[m[K [01;36m[Knote: [m[K  candidate expects 4 arguments, 1 provided
[6.652s] [01m[K/home/geonmo/ydlidar_ws/src/ydlidar_ros2_driver/src/ydlidar_ros2_driver_node.cpp:109:26:[m[K [01;31m[Kerror: [m[Kno matching function for call to ‘[01m[Krclcpp::Node::declare_parameter(const char [15])[m[K’
[6.652s]   109 |   [01;31m[Knode->declare_parameter("auto_reconnect")[m[K;
[6.652s]       |   [01;31m[K~~~~~~~~~~~~~~~~~~~~~~~^~~~~~~~~~~~~~~~~~[m[K
[6.652s] In file included from [01m[K/opt/ros/humble/include/rclcpp/rclcpp/executors/single_threaded_executor.hpp:28[m[K,
[6.652s]                  from [01m[K/opt/ros/humble/include/rclcpp/rclcpp/executors.hpp:22[m[K,
[6.652s]                  from [01m[K/opt/ros/humble/include/rclcpp/rclcpp/rclcpp.hpp:155[m[K,
[6.652s]                  from [01m[K/home/geonmo/ydlidar_ws/src/ydlidar_ros2_driver/src/ydlidar_ros2_driver_node.cpp:23[m[K:
[6.653s] [01m[K/opt/ros/humble/include/rclcpp/rclcpp/node.hpp:421:3:[m[K [01;36m[Knote: [m[Kcandidate: ‘[01m[Ktemplate<class ParameterT> auto rclcpp::Node::declare_parameter(const string&, const ParameterT&, const ParameterDescriptor&, bool)[m[K’
[6.653s]   421 |   [01;36m[Kdeclare_parameter[m[K(
[6.653s]       |   [01;36m[K^~~~~~~~~~~~~~~~~[m[K
[6.653s] [01m[K/opt/ros/humble/include/rclcpp/rclcpp/node.hpp:421:3:[m[K [01;36m[Knote: [m[K  template argument deduction/substitution failed:
[6.653s] [01m[K/home/geonmo/ydlidar_ws/src/ydlidar_ros2_driver/src/ydlidar_ros2_driver_node.cpp:109:26:[m[K [01;36m[Knote: [m[K  candidate expects 4 arguments, 1 provided
[6.653s]   109 |   [01;36m[Knode->declare_parameter("auto_reconnect")[m[K;
[6.653s]       |   [01;36m[K~~~~~~~~~~~~~~~~~~~~~~~^~~~~~~~~~~~~~~~~~[m[K
[6.653s] In file included from [01m[K/opt/ros/humble/include/rclcpp/rclcpp/executors/single_threaded_executor.hpp:28[m[K,
[6.654s]                  from [01m[K/opt/ros/humble/include/rclcpp/rclcpp/executors.hpp:22[m[K,
[6.654s]                  from [01m[K/opt/ros/humble/include/rclcpp/rclcpp/rclcpp.hpp:155[m[K,
[6.654s]                  from [01m[K/home/geonmo/ydlidar_ws/src/ydlidar_ros2_driver/src/ydlidar_ros2_driver_node.cpp:23[m[K:
[6.654s] [01m[K/opt/ros/humble/include/rclcpp/rclcpp/node.hpp:434:3:[m[K [01;36m[Knote: [m[Kcandidate: ‘[01m[Ktemplate<class ParameterT> auto rclcpp::Node::declare_parameter(const string&, const ParameterDescriptor&, bool)[m[K’
[6.654s]   434 |   [01;36m[Kdeclare_parameter[m[K(
[6.654s]       |   [01;36m[K^~~~~~~~~~~~~~~~~[m[K
[6.654s] [01m[K/opt/ros/humble/include/rclcpp/rclcpp/node.hpp:434:3:[m[K [01;36m[Knote: [m[K  template argument deduction/substitution failed:
[6.655s] [01m[K/home/geonmo/ydlidar_ws/src/ydlidar_ros2_driver/src/ydlidar_ros2_driver_node.cpp:109:26:[m[K [01;36m[Knote: [m[K  couldn’t deduce template parameter ‘[01m[KParameterT[m[K’
[6.655s]   109 |   [01;36m[Knode->declare_parameter("auto_reconnect")[m[K;
[6.655s]       |   [01;36m[K~~~~~~~~~~~~~~~~~~~~~~~^~~~~~~~~~~~~~~~~~[m[K
[6.655s] In file included from [01m[K/opt/ros/humble/include/rclcpp/rclcpp/executors/single_threaded_executor.hpp:28[m[K,
[6.655s]                  from [01m[K/opt/ros/humble/include/rclcpp/rclcpp/executors.hpp:22[m[K,
[6.655s]                  from [01m[K/opt/ros/humble/include/rclcpp/rclcpp/rclcpp.hpp:155[m[K,
[6.655s]                  from [01m[K/home/geonmo/ydlidar_ws/src/ydlidar_ros2_driver/src/ydlidar_ros2_driver_node.cpp:23[m[K:
[6.655s] [01m[K/opt/ros/humble/include/rclcpp/rclcpp/node.hpp:366:3:[m[K [01;36m[Knote: [m[Kcandidate: ‘[01m[Kconst rclcpp::ParameterValue& rclcpp::Node::declare_parameter(const string&, const rclcpp::ParameterValue&, const ParameterDescriptor&, bool)[m[K’
[6.656s]   366 |   [01;36m[Kdeclare_parameter[m[K(
[6.656s]       |   [01;36m[K^~~~~~~~~~~~~~~~~[m[K
[6.656s] [01m[K/opt/ros/humble/include/rclcpp/rclcpp/node.hpp:366:3:[m[K [01;36m[Knote: [m[K  candidate expects 4 arguments, 1 provided
[6.656s] [01m[K/opt/ros/humble/include/rclcpp/rclcpp/node.hpp:391:3:[m[K [01;36m[Knote: [m[Kcandidate: ‘[01m[Kconst rclcpp::ParameterValue& rclcpp::Node::declare_parameter(const string&, rclcpp::ParameterType, const ParameterDescriptor&, bool)[m[K’
[6.656s]   391 |   [01;36m[Kdeclare_parameter[m[K(
[6.656s]       |   [01;36m[K^~~~~~~~~~~~~~~~~[m[K
[6.656s] [01m[K/opt/ros/humble/include/rclcpp/rclcpp/node.hpp:391:3:[m[K [01;36m[Knote: [m[K  candidate expects 4 arguments, 1 provided
[6.657s] [01m[K/home/geonmo/ydlidar_ws/src/ydlidar_ros2_driver/src/ydlidar_ros2_driver_node.cpp:114:26:[m[K [01;31m[Kerror: [m[Kno matching function for call to ‘[01m[Krclcpp::Node::declare_parameter(const char [16])[m[K’
[6.657s]   114 |   [01;31m[Knode->declare_parameter("isSingleChannel")[m[K;
[6.657s]       |   [01;31m[K~~~~~~~~~~~~~~~~~~~~~~~^~~~~~~~~~~~~~~~~~~[m[K
[6.657s] In file included from [01m[K/opt/ros/humble/include/rclcpp/rclcpp/executors/single_threaded_executor.hpp:28[m[K,
[6.657s]                  from [01m[K/opt/ros/humble/include/rclcpp/rclcpp/executors.hpp:22[m[K,
[6.657s]                  from [01m[K/opt/ros/humble/include/rclcpp/rclcpp/rclcpp.hpp:155[m[K,
[6.657s]                  from [01m[K/home/geonmo/ydlidar_ws/src/ydlidar_ros2_driver/src/ydlidar_ros2_driver_node.cpp:23[m[K:
[6.657s] [01m[K/opt/ros/humble/include/rclcpp/rclcpp/node.hpp:421:3:[m[K [01;36m[Knote: [m[Kcandidate: ‘[01m[Ktemplate<class ParameterT> auto rclcpp::Node::declare_parameter(const string&, const ParameterT&, const ParameterDescriptor&, bool)[m[K’
[6.658s]   421 |   [01;36m[Kdeclare_parameter[m[K(
[6.658s]       |   [01;36m[K^~~~~~~~~~~~~~~~~[m[K
[6.658s] [01m[K/opt/ros/humble/include/rclcpp/rclcpp/node.hpp:421:3:[m[K [01;36m[Knote: [m[K  template argument deduction/substitution failed:
[6.658s] [01m[K/home/geonmo/ydlidar_ws/src/ydlidar_ros2_driver/src/ydlidar_ros2_driver_node.cpp:114:26:[m[K [01;36m[Knote: [m[K  candidate expects 4 arguments, 1 provided
[6.658s]   114 |   [01;36m[Knode->declare_parameter("isSingleChannel")[m[K;
[6.658s]       |   [01;36m[K~~~~~~~~~~~~~~~~~~~~~~~^~~~~~~~~~~~~~~~~~~[m[K
[6.658s] In file included from [01m[K/opt/ros/humble/include/rclcpp/rclcpp/executors/single_threaded_executor.hpp:28[m[K,
[6.659s]                  from [01m[K/opt/ros/humble/include/rclcpp/rclcpp/executors.hpp:22[m[K,
[6.659s]                  from [01m[K/opt/ros/humble/include/rclcpp/rclcpp/rclcpp.hpp:155[m[K,
[6.659s]                  from [01m[K/home/geonmo/ydlidar_ws/src/ydlidar_ros2_driver/src/ydlidar_ros2_driver_node.cpp:23[m[K:
[6.659s] [01m[K/opt/ros/humble/include/rclcpp/rclcpp/node.hpp:434:3:[m[K [01;36m[Knote: [m[Kcandidate: ‘[01m[Ktemplate<class ParameterT> auto rclcpp::Node::declare_parameter(const string&, const ParameterDescriptor&, bool)[m[K’
[6.659s]   434 |   [01;36m[Kdeclare_parameter[m[K(
[6.659s]       |   [01;36m[K^~~~~~~~~~~~~~~~~[m[K
[6.659s] [01m[K/opt/ros/humble/include/rclcpp/rclcpp/node.hpp:434:3:[m[K [01;36m[Knote: [m[K  template argument deduction/substitution failed:
[6.659s] [01m[K/home/geonmo/ydlidar_ws/src/ydlidar_ros2_driver/src/ydlidar_ros2_driver_node.cpp:114:26:[m[K [01;36m[Knote: [m[K  couldn’t deduce template parameter ‘[01m[KParameterT[m[K’
[6.660s]   114 |   [01;36m[Knode->declare_parameter("isSingleChannel")[m[K;
[6.660s]       |   [01;36m[K~~~~~~~~~~~~~~~~~~~~~~~^~~~~~~~~~~~~~~~~~~[m[K
[6.660s] In file included from [01m[K/opt/ros/humble/include/rclcpp/rclcpp/executors/single_threaded_executor.hpp:28[m[K,
[6.660s]                  from [01m[K/opt/ros/humble/include/rclcpp/rclcpp/executors.hpp:22[m[K,
[6.660s]                  from [01m[K/opt/ros/humble/include/rclcpp/rclcpp/rclcpp.hpp:155[m[K,
[6.660s]                  from [01m[K/home/geonmo/ydlidar_ws/src/ydlidar_ros2_driver/src/ydlidar_ros2_driver_node.cpp:23[m[K:
[6.660s] [01m[K/opt/ros/humble/include/rclcpp/rclcpp/node.hpp:366:3:[m[K [01;36m[Knote: [m[Kcandidate: ‘[01m[Kconst rclcpp::ParameterValue& rclcpp::Node::declare_parameter(const string&, const rclcpp::ParameterValue&, const ParameterDescriptor&, bool)[m[K’
[6.661s]   366 |   [01;36m[Kdeclare_parameter[m[K(
[6.661s]       |   [01;36m[K^~~~~~~~~~~~~~~~~[m[K
[6.661s] [01m[K/opt/ros/humble/include/rclcpp/rclcpp/node.hpp:366:3:[m[K [01;36m[Knote: [m[K  candidate expects 4 arguments, 1 provided
[6.661s] [01m[K/opt/ros/humble/include/rclcpp/rclcpp/node.hpp:391:3:[m[K [01;36m[Knote: [m[Kcandidate: ‘[01m[Kconst rclcpp::ParameterValue& rclcpp::Node::declare_parameter(const string&, rclcpp::ParameterType, const ParameterDescriptor&, bool)[m[K’
[6.661s]   391 |   [01;36m[Kdeclare_parameter[m[K(
[6.661s]       |   [01;36m[K^~~~~~~~~~~~~~~~~[m[K
[6.661s] [01m[K/opt/ros/humble/include/rclcpp/rclcpp/node.hpp:391:3:[m[K [01;36m[Knote: [m[K  candidate expects 4 arguments, 1 provided
[6.661s] [01m[K/home/geonmo/ydlidar_ws/src/ydlidar_ros2_driver/src/ydlidar_ros2_driver_node.cpp:119:26:[m[K [01;31m[Kerror: [m[Kno matching function for call to ‘[01m[Krclcpp::Node::declare_parameter(const char [10])[m[K’
[6.662s]   119 |   [01;31m[Knode->declare_parameter("intensity")[m[K;
[6.662s]       |   [01;31m[K~~~~~~~~~~~~~~~~~~~~~~~^~~~~~~~~~~~~[m[K
[6.662s] In file included from [01m[K/opt/ros/humble/include/rclcpp/rclcpp/executors/single_threaded_executor.hpp:28[m[K,
[6.662s]                  from [01m[K/opt/ros/humble/include/rclcpp/rclcpp/executors.hpp:22[m[K,
[6.662s]                  from [01m[K/opt/ros/humble/include/rclcpp/rclcpp/rclcpp.hpp:155[m[K,
[6.662s]                  from [01m[K/home/geonmo/ydlidar_ws/src/ydlidar_ros2_driver/src/ydlidar_ros2_driver_node.cpp:23[m[K:
[6.662s] [01m[K/opt/ros/humble/include/rclcpp/rclcpp/node.hpp:421:3:[m[K [01;36m[Knote: [m[Kcandidate: ‘[01m[Ktemplate<class ParameterT> auto rclcpp::Node::declare_parameter(const string&, const ParameterT&, const ParameterDescriptor&, bool)[m[K’
[6.663s]   421 |   [01;36m[Kdeclare_parameter[m[K(
[6.663s]       |   [01;36m[K^~~~~~~~~~~~~~~~~[m[K
[6.663s] [01m[K/opt/ros/humble/include/rclcpp/rclcpp/node.hpp:421:3:[m[K [01;36m[Knote: [m[K  template argument deduction/substitution failed:
[6.663s] [01m[K/home/geonmo/ydlidar_ws/src/ydlidar_ros2_driver/src/ydlidar_ros2_driver_node.cpp:119:26:[m[K [01;36m[Knote: [m[K  candidate expects 4 arguments, 1 provided
[6.663s]   119 |   [01;36m[Knode->declare_parameter("intensity")[m[K;
[6.663s]       |   [01;36m[K~~~~~~~~~~~~~~~~~~~~~~~^~~~~~~~~~~~~[m[K
[6.664s] In file included from [01m[K/opt/ros/humble/include/rclcpp/rclcpp/executors/single_threaded_executor.hpp:28[m[K,
[6.664s]                  from [01m[K/opt/ros/humble/include/rclcpp/rclcpp/executors.hpp:22[m[K,
[6.664s]                  from [01m[K/opt/ros/humble/include/rclcpp/rclcpp/rclcpp.hpp:155[m[K,
[6.664s]                  from [01m[K/home/geonmo/ydlidar_ws/src/ydlidar_ros2_driver/src/ydlidar_ros2_driver_node.cpp:23[m[K:
[6.664s] [01m[K/opt/ros/humble/include/rclcpp/rclcpp/node.hpp:434:3:[m[K [01;36m[Knote: [m[Kcandidate: ‘[01m[Ktemplate<class ParameterT> auto rclcpp::Node::declare_parameter(const string&, const ParameterDescriptor&, bool)[m[K’
[6.664s]   434 |   [01;36m[Kdeclare_parameter[m[K(
[6.664s]       |   [01;36m[K^~~~~~~~~~~~~~~~~[m[K
[6.665s] [01m[K/opt/ros/humble/include/rclcpp/rclcpp/node.hpp:434:3:[m[K [01;36m[Knote: [m[K  template argument deduction/substitution failed:
[6.665s] [01m[K/home/geonmo/ydlidar_ws/src/ydlidar_ros2_driver/src/ydlidar_ros2_driver_node.cpp:119:26:[m[K [01;36m[Knote: [m[K  couldn’t deduce template parameter ‘[01m[KParameterT[m[K’
[6.665s]   119 |   [01;36m[Knode->declare_parameter("intensity")[m[K;
[6.665s]       |   [01;36m[K~~~~~~~~~~~~~~~~~~~~~~~^~~~~~~~~~~~~[m[K
[6.665s] In file included from [01m[K/opt/ros/humble/include/rclcpp/rclcpp/executors/single_threaded_executor.hpp:28[m[K,
[6.665s]                  from [01m[K/opt/ros/humble/include/rclcpp/rclcpp/executors.hpp:22[m[K,
[6.665s]                  from [01m[K/opt/ros/humble/include/rclcpp/rclcpp/rclcpp.hpp:155[m[K,
[6.665s]                  from [01m[K/home/geonmo/ydlidar_ws/src/ydlidar_ros2_driver/src/ydlidar_ros2_driver_node.cpp:23[m[K:
[6.666s] [01m[K/opt/ros/humble/include/rclcpp/rclcpp/node.hpp:366:3:[m[K [01;36m[Knote: [m[Kcandidate: ‘[01m[Kconst rclcpp::ParameterValue& rclcpp::Node::declare_parameter(const string&, const rclcpp::ParameterValue&, const ParameterDescriptor&, bool)[m[K’
[6.666s]   366 |   [01;36m[Kdeclare_parameter[m[K(
[6.666s]       |   [01;36m[K^~~~~~~~~~~~~~~~~[m[K
[6.666s] [01m[K/opt/ros/humble/include/rclcpp/rclcpp/node.hpp:366:3:[m[K [01;36m[Knote: [m[K  candidate expects 4 arguments, 1 provided
[6.666s] [01m[K/opt/ros/humble/include/rclcpp/rclcpp/node.hpp:391:3:[m[K [01;36m[Knote: [m[Kcandidate: ‘[01m[Kconst rclcpp::ParameterValue& rclcpp::Node::declare_parameter(const string&, rclcpp::ParameterType, const ParameterDescriptor&, bool)[m[K’
[6.666s]   391 |   [01;36m[Kdeclare_parameter[m[K(
[6.666s]       |   [01;36m[K^~~~~~~~~~~~~~~~~[m[K
[6.667s] [01m[K/opt/ros/humble/include/rclcpp/rclcpp/node.hpp:391:3:[m[K [01;36m[Knote: [m[K  candidate expects 4 arguments, 1 provided
[6.667s] [01m[K/home/geonmo/ydlidar_ws/src/ydlidar_ros2_driver/src/ydlidar_ros2_driver_node.cpp:124:26:[m[K [01;31m[Kerror: [m[Kno matching function for call to ‘[01m[Krclcpp::Node::declare_parameter(const char [18])[m[K’
[6.667s]   124 |   [01;31m[Knode->declare_parameter("support_motor_dtr")[m[K;
[6.667s]       |   [01;31m[K~~~~~~~~~~~~~~~~~~~~~~~^~~~~~~~~~~~~~~~~~~~~[m[K
[6.667s] In file included from [01m[K/opt/ros/humble/include/rclcpp/rclcpp/executors/single_threaded_executor.hpp:28[m[K,
[6.667s]                  from [01m[K/opt/ros/humble/include/rclcpp/rclcpp/executors.hpp:22[m[K,
[6.667s]                  from [01m[K/opt/ros/humble/include/rclcpp/rclcpp/rclcpp.hpp:155[m[K,
[6.667s]                  from [01m[K/home/geonmo/ydlidar_ws/src/ydlidar_ros2_driver/src/ydlidar_ros2_driver_node.cpp:23[m[K:
[6.668s] [01m[K/opt/ros/humble/include/rclcpp/rclcpp/node.hpp:421:3:[m[K [01;36m[Knote: [m[Kcandidate: ‘[01m[Ktemplate<class ParameterT> auto rclcpp::Node::declare_parameter(const string&, const ParameterT&, const ParameterDescriptor&, bool)[m[K’
[6.668s]   421 |   [01;36m[Kdeclare_parameter[m[K(
[6.668s]       |   [01;36m[K^~~~~~~~~~~~~~~~~[m[K
[6.668s] [01m[K/opt/ros/humble/include/rclcpp/rclcpp/node.hpp:421:3:[m[K [01;36m[Knote: [m[K  template argument deduction/substitution failed:
[6.668s] [01m[K/home/geonmo/ydlidar_ws/src/ydlidar_ros2_driver/src/ydlidar_ros2_driver_node.cpp:124:26:[m[K [01;36m[Knote: [m[K  candidate expects 4 arguments, 1 provided
[6.668s]   124 |   [01;36m[Knode->declare_parameter("support_motor_dtr")[m[K;
[6.668s]       |   [01;36m[K~~~~~~~~~~~~~~~~~~~~~~~^~~~~~~~~~~~~~~~~~~~~[m[K
[6.669s] In file included from [01m[K/opt/ros/humble/include/rclcpp/rclcpp/executors/single_threaded_executor.hpp:28[m[K,
[6.669s]                  from [01m[K/opt/ros/humble/include/rclcpp/rclcpp/executors.hpp:22[m[K,
[6.669s]                  from [01m[K/opt/ros/humble/include/rclcpp/rclcpp/rclcpp.hpp:155[m[K,
[6.669s]                  from [01m[K/home/geonmo/ydlidar_ws/src/ydlidar_ros2_driver/src/ydlidar_ros2_driver_node.cpp:23[m[K:
[6.669s] [01m[K/opt/ros/humble/include/rclcpp/rclcpp/node.hpp:434:3:[m[K [01;36m[Knote: [m[Kcandidate: ‘[01m[Ktemplate<class ParameterT> auto rclcpp::Node::declare_parameter(const string&, const ParameterDescriptor&, bool)[m[K’
[6.669s]   434 |   [01;36m[Kdeclare_parameter[m[K(
[6.669s]       |   [01;36m[K^~~~~~~~~~~~~~~~~[m[K
[6.669s] [01m[K/opt/ros/humble/include/rclcpp/rclcpp/node.hpp:434:3:[m[K [01;36m[Knote: [m[K  template argument deduction/substitution failed:
[6.670s] [01m[K/home/geonmo/ydlidar_ws/src/ydlidar_ros2_driver/src/ydlidar_ros2_driver_node.cpp:124:26:[m[K [01;36m[Knote: [m[K  couldn’t deduce template parameter ‘[01m[KParameterT[m[K’
[6.670s]   124 |   [01;36m[Knode->declare_parameter("support_motor_dtr")[m[K;
[6.670s]       |   [01;36m[K~~~~~~~~~~~~~~~~~~~~~~~^~~~~~~~~~~~~~~~~~~~~[m[K
[6.670s] In file included from [01m[K/opt/ros/humble/include/rclcpp/rclcpp/executors/single_threaded_executor.hpp:28[m[K,
[6.670s]                  from [01m[K/opt/ros/humble/include/rclcpp/rclcpp/executors.hpp:22[m[K,
[6.670s]                  from [01m[K/opt/ros/humble/include/rclcpp/rclcpp/rclcpp.hpp:155[m[K,
[6.670s]                  from [01m[K/home/geonmo/ydlidar_ws/src/ydlidar_ros2_driver/src/ydlidar_ros2_driver_node.cpp:23[m[K:
[6.671s] [01m[K/opt/ros/humble/include/rclcpp/rclcpp/node.hpp:366:3:[m[K [01;36m[Knote: [m[Kcandidate: ‘[01m[Kconst rclcpp::ParameterValue& rclcpp::Node::declare_parameter(const string&, const rclcpp::ParameterValue&, const ParameterDescriptor&, bool)[m[K’
[6.671s]   366 |   [01;36m[Kdeclare_parameter[m[K(
[6.671s]       |   [01;36m[K^~~~~~~~~~~~~~~~~[m[K
[6.671s] [01m[K/opt/ros/humble/include/rclcpp/rclcpp/node.hpp:366:3:[m[K [01;36m[Knote: [m[K  candidate expects 4 arguments, 1 provided
[6.671s] [01m[K/opt/ros/humble/include/rclcpp/rclcpp/node.hpp:391:3:[m[K [01;36m[Knote: [m[Kcandidate: ‘[01m[Kconst rclcpp::ParameterValue& rclcpp::Node::declare_parameter(const string&, rclcpp::ParameterType, const ParameterDescriptor&, bool)[m[K’
[6.671s]   391 |   [01;36m[Kdeclare_parameter[m[K(
[6.671s]       |   [01;36m[K^~~~~~~~~~~~~~~~~[m[K
[6.671s] [01m[K/opt/ros/humble/include/rclcpp/rclcpp/node.hpp:391:3:[m[K [01;36m[Knote: [m[K  candidate expects 4 arguments, 1 provided
[6.672s] [01m[K/home/geonmo/ydlidar_ws/src/ydlidar_ros2_driver/src/ydlidar_ros2_driver_node.cpp:129:26:[m[K [01;31m[Kerror: [m[Kno matching function for call to ‘[01m[Krclcpp::Node::declare_parameter(const char [6])[m[K’
[6.672s]   129 |   [01;31m[Knode->declare_parameter("debug")[m[K;
[6.672s]       |   [01;31m[K~~~~~~~~~~~~~~~~~~~~~~~^~~~~~~~~[m[K
[6.672s] In file included from [01m[K/opt/ros/humble/include/rclcpp/rclcpp/executors/single_threaded_executor.hpp:28[m[K,
[6.672s]                  from [01m[K/opt/ros/humble/include/rclcpp/rclcpp/executors.hpp:22[m[K,
[6.672s]                  from [01m[K/opt/ros/humble/include/rclcpp/rclcpp/rclcpp.hpp:155[m[K,
[6.672s]                  from [01m[K/home/geonmo/ydlidar_ws/src/ydlidar_ros2_driver/src/ydlidar_ros2_driver_node.cpp:23[m[K:
[6.673s] [01m[K/opt/ros/humble/include/rclcpp/rclcpp/node.hpp:421:3:[m[K [01;36m[Knote: [m[Kcandidate: ‘[01m[Ktemplate<class ParameterT> auto rclcpp::Node::declare_parameter(const string&, const ParameterT&, const ParameterDescriptor&, bool)[m[K’
[6.673s]   421 |   [01;36m[Kdeclare_parameter[m[K(
[6.673s]       |   [01;36m[K^~~~~~~~~~~~~~~~~[m[K
[6.673s] [01m[K/opt/ros/humble/include/rclcpp/rclcpp/node.hpp:421:3:[m[K [01;36m[Knote: [m[K  template argument deduction/substitution failed:
[6.673s] [01m[K/home/geonmo/ydlidar_ws/src/ydlidar_ros2_driver/src/ydlidar_ros2_driver_node.cpp:129:26:[m[K [01;36m[Knote: [m[K  candidate expects 4 arguments, 1 provided
[6.673s]   129 |   [01;36m[Knode->declare_parameter("debug")[m[K;
[6.673s]       |   [01;36m[K~~~~~~~~~~~~~~~~~~~~~~~^~~~~~~~~[m[K
[6.674s] In file included from [01m[K/opt/ros/humble/include/rclcpp/rclcpp/executors/single_threaded_executor.hpp:28[m[K,
[6.674s]                  from [01m[K/opt/ros/humble/include/rclcpp/rclcpp/executors.hpp:22[m[K,
[6.674s]                  from [01m[K/opt/ros/humble/include/rclcpp/rclcpp/rclcpp.hpp:155[m[K,
[6.674s]                  from [01m[K/home/geonmo/ydlidar_ws/src/ydlidar_ros2_driver/src/ydlidar_ros2_driver_node.cpp:23[m[K:
[6.674s] [01m[K/opt/ros/humble/include/rclcpp/rclcpp/node.hpp:434:3:[m[K [01;36m[Knote: [m[Kcandidate: ‘[01m[Ktemplate<class ParameterT> auto rclcpp::Node::declare_parameter(const string&, const ParameterDescriptor&, bool)[m[K’
[6.674s]   434 |   [01;36m[Kdeclare_parameter[m[K(
[6.674s]       |   [01;36m[K^~~~~~~~~~~~~~~~~[m[K
[6.675s] [01m[K/opt/ros/humble/include/rclcpp/rclcpp/node.hpp:434:3:[m[K [01;36m[Knote: [m[K  template argument deduction/substitution failed:
[6.675s] [01m[K/home/geonmo/ydlidar_ws/src/ydlidar_ros2_driver/src/ydlidar_ros2_driver_node.cpp:129:26:[m[K [01;36m[Knote: [m[K  couldn’t deduce template parameter ‘[01m[KParameterT[m[K’
[6.675s]   129 |   [01;36m[Knode->declare_parameter("debug")[m[K;
[6.675s]       |   [01;36m[K~~~~~~~~~~~~~~~~~~~~~~~^~~~~~~~~[m[K
[6.675s] In file included from [01m[K/opt/ros/humble/include/rclcpp/rclcpp/executors/single_threaded_executor.hpp:28[m[K,
[6.675s]                  from [01m[K/opt/ros/humble/include/rclcpp/rclcpp/executors.hpp:22[m[K,
[6.675s]                  from [01m[K/opt/ros/humble/include/rclcpp/rclcpp/rclcpp.hpp:155[m[K,
[6.676s]                  from [01m[K/home/geonmo/ydlidar_ws/src/ydlidar_ros2_driver/src/ydlidar_ros2_driver_node.cpp:23[m[K:
[6.676s] [01m[K/opt/ros/humble/include/rclcpp/rclcpp/node.hpp:366:3:[m[K [01;36m[Knote: [m[Kcandidate: ‘[01m[Kconst rclcpp::ParameterValue& rclcpp::Node::declare_parameter(const string&, const rclcpp::ParameterValue&, const ParameterDescriptor&, bool)[m[K’
[6.676s]   366 |   [01;36m[Kdeclare_parameter[m[K(
[6.676s]       |   [01;36m[K^~~~~~~~~~~~~~~~~[m[K
[6.676s] [01m[K/opt/ros/humble/include/rclcpp/rclcpp/node.hpp:366:3:[m[K [01;36m[Knote: [m[K  candidate expects 4 arguments, 1 provided
[6.676s] [01m[K/opt/ros/humble/include/rclcpp/rclcpp/node.hpp:391:3:[m[K [01;36m[Knote: [m[Kcandidate: ‘[01m[Kconst rclcpp::ParameterValue& rclcpp::Node::declare_parameter(const string&, rclcpp::ParameterType, const ParameterDescriptor&, bool)[m[K’
[6.676s]   391 |   [01;36m[Kdeclare_parameter[m[K(
[6.677s]       |   [01;36m[K^~~~~~~~~~~~~~~~~[m[K
[6.677s] [01m[K/opt/ros/humble/include/rclcpp/rclcpp/node.hpp:391:3:[m[K [01;36m[Knote: [m[K  candidate expects 4 arguments, 1 provided
[6.677s] [01m[K/home/geonmo/ydlidar_ws/src/ydlidar_ros2_driver/src/ydlidar_ros2_driver_node.cpp:136:26:[m[K [01;31m[Kerror: [m[Kno matching function for call to ‘[01m[Krclcpp::Node::declare_parameter(const char [10])[m[K’
[6.677s]   136 |   [01;31m[Knode->declare_parameter("angle_max")[m[K;
[6.677s]       |   [01;31m[K~~~~~~~~~~~~~~~~~~~~~~~^~~~~~~~~~~~~[m[K
[6.677s] In file included from [01m[K/opt/ros/humble/include/rclcpp/rclcpp/executors/single_threaded_executor.hpp:28[m[K,
[6.677s]                  from [01m[K/opt/ros/humble/include/rclcpp/rclcpp/executors.hpp:22[m[K,
[6.677s]                  from [01m[K/opt/ros/humble/include/rclcpp/rclcpp/rclcpp.hpp:155[m[K,
[6.678s]                  from [01m[K/home/geonmo/ydlidar_ws/src/ydlidar_ros2_driver/src/ydlidar_ros2_driver_node.cpp:23[m[K:
[6.678s] [01m[K/opt/ros/humble/include/rclcpp/rclcpp/node.hpp:421:3:[m[K [01;36m[Knote: [m[Kcandidate: ‘[01m[Ktemplate<class ParameterT> auto rclcpp::Node::declare_parameter(const string&, const ParameterT&, const ParameterDescriptor&, bool)[m[K’
[6.678s]   421 |   [01;36m[Kdeclare_parameter[m[K(
[6.678s]       |   [01;36m[K^~~~~~~~~~~~~~~~~[m[K
[6.678s] [01m[K/opt/ros/humble/include/rclcpp/rclcpp/node.hpp:421:3:[m[K [01;36m[Knote: [m[K  template argument deduction/substitution failed:
[6.678s] [01m[K/home/geonmo/ydlidar_ws/src/ydlidar_ros2_driver/src/ydlidar_ros2_driver_node.cpp:136:26:[m[K [01;36m[Knote: [m[K  candidate expects 4 arguments, 1 provided
[6.678s]   136 |   [01;36m[Knode->declare_parameter("angle_max")[m[K;
[6.678s]       |   [01;36m[K~~~~~~~~~~~~~~~~~~~~~~~^~~~~~~~~~~~~[m[K
[6.679s] In file included from [01m[K/opt/ros/humble/include/rclcpp/rclcpp/executors/single_threaded_executor.hpp:28[m[K,
[6.679s]                  from [01m[K/opt/ros/humble/include/rclcpp/rclcpp/executors.hpp:22[m[K,
[6.679s]                  from [01m[K/opt/ros/humble/include/rclcpp/rclcpp/rclcpp.hpp:155[m[K,
[6.679s]                  from [01m[K/home/geonmo/ydlidar_ws/src/ydlidar_ros2_driver/src/ydlidar_ros2_driver_node.cpp:23[m[K:
[6.679s] [01m[K/opt/ros/humble/include/rclcpp/rclcpp/node.hpp:434:3:[m[K [01;36m[Knote: [m[Kcandidate: ‘[01m[Ktemplate<class ParameterT> auto rclcpp::Node::declare_parameter(const string&, const ParameterDescriptor&, bool)[m[K’
[6.679s]   434 |   [01;36m[Kdeclare_parameter[m[K(
[6.679s]       |   [01;36m[K^~~~~~~~~~~~~~~~~[m[K
[6.680s] [01m[K/opt/ros/humble/include/rclcpp/rclcpp/node.hpp:434:3:[m[K [01;36m[Knote: [m[K  template argument deduction/substitution failed:
[6.680s] [01m[K/home/geonmo/ydlidar_ws/src/ydlidar_ros2_driver/src/ydlidar_ros2_driver_node.cpp:136:26:[m[K [01;36m[Knote: [m[K  couldn’t deduce template parameter ‘[01m[KParameterT[m[K’
[6.680s]   136 |   [01;36m[Knode->declare_parameter("angle_max")[m[K;
[6.680s]       |   [01;36m[K~~~~~~~~~~~~~~~~~~~~~~~^~~~~~~~~~~~~[m[K
[6.680s] In file included from [01m[K/opt/ros/humble/include/rclcpp/rclcpp/executors/single_threaded_executor.hpp:28[m[K,
[6.680s]                  from [01m[K/opt/ros/humble/include/rclcpp/rclcpp/executors.hpp:22[m[K,
[6.680s]                  from [01m[K/opt/ros/humble/include/rclcpp/rclcpp/rclcpp.hpp:155[m[K,
[6.681s]                  from [01m[K/home/geonmo/ydlidar_ws/src/ydlidar_ros2_driver/src/ydlidar_ros2_driver_node.cpp:23[m[K:
[6.681s] [01m[K/opt/ros/humble/include/rclcpp/rclcpp/node.hpp:366:3:[m[K [01;36m[Knote: [m[Kcandidate: ‘[01m[Kconst rclcpp::ParameterValue& rclcpp::Node::declare_parameter(const string&, const rclcpp::ParameterValue&, const ParameterDescriptor&, bool)[m[K’
[6.681s]   366 |   [01;36m[Kdeclare_parameter[m[K(
[6.681s]       |   [01;36m[K^~~~~~~~~~~~~~~~~[m[K
[6.681s] [01m[K/opt/ros/humble/include/rclcpp/rclcpp/node.hpp:366:3:[m[K [01;36m[Knote: [m[K  candidate expects 4 arguments, 1 provided
[6.681s] [01m[K/opt/ros/humble/include/rclcpp/rclcpp/node.hpp:391:3:[m[K [01;36m[Knote: [m[Kcandidate: ‘[01m[Kconst rclcpp::ParameterValue& rclcpp::Node::declare_parameter(const string&, rclcpp::ParameterType, const ParameterDescriptor&, bool)[m[K’
[6.681s]   391 |   [01;36m[Kdeclare_parameter[m[K(
[6.681s]       |   [01;36m[K^~~~~~~~~~~~~~~~~[m[K
[6.682s] [01m[K/opt/ros/humble/include/rclcpp/rclcpp/node.hpp:391:3:[m[K [01;36m[Knote: [m[K  candidate expects 4 arguments, 1 provided
[6.682s] [01m[K/home/geonmo/ydlidar_ws/src/ydlidar_ros2_driver/src/ydlidar_ros2_driver_node.cpp:140:26:[m[K [01;31m[Kerror: [m[Kno matching function for call to ‘[01m[Krclcpp::Node::declare_parameter(const char [10])[m[K’
[6.682s]   140 |   [01;31m[Knode->declare_parameter("angle_min")[m[K;
[6.682s]       |   [01;31m[K~~~~~~~~~~~~~~~~~~~~~~~^~~~~~~~~~~~~[m[K
[6.682s] In file included from [01m[K/opt/ros/humble/include/rclcpp/rclcpp/executors/single_threaded_executor.hpp:28[m[K,
[6.682s]                  from [01m[K/opt/ros/humble/include/rclcpp/rclcpp/executors.hpp:22[m[K,
[6.682s]                  from [01m[K/opt/ros/humble/include/rclcpp/rclcpp/rclcpp.hpp:155[m[K,
[6.683s]                  from [01m[K/home/geonmo/ydlidar_ws/src/ydlidar_ros2_driver/src/ydlidar_ros2_driver_node.cpp:23[m[K:
[6.683s] [01m[K/opt/ros/humble/include/rclcpp/rclcpp/node.hpp:421:3:[m[K [01;36m[Knote: [m[Kcandidate: ‘[01m[Ktemplate<class ParameterT> auto rclcpp::Node::declare_parameter(const string&, const ParameterT&, const ParameterDescriptor&, bool)[m[K’
[6.683s]   421 |   [01;36m[Kdeclare_parameter[m[K(
[6.683s]       |   [01;36m[K^~~~~~~~~~~~~~~~~[m[K
[6.683s] [01m[K/opt/ros/humble/include/rclcpp/rclcpp/node.hpp:421:3:[m[K [01;36m[Knote: [m[K  template argument deduction/substitution failed:
[6.683s] [01m[K/home/geonmo/ydlidar_ws/src/ydlidar_ros2_driver/src/ydlidar_ros2_driver_node.cpp:140:26:[m[K [01;36m[Knote: [m[K  candidate expects 4 arguments, 1 provided
[6.683s]   140 |   [01;36m[Knode->declare_parameter("angle_min")[m[K;
[6.683s]       |   [01;36m[K~~~~~~~~~~~~~~~~~~~~~~~^~~~~~~~~~~~~[m[K
[6.684s] In file included from [01m[K/opt/ros/humble/include/rclcpp/rclcpp/executors/single_threaded_executor.hpp:28[m[K,
[6.684s]                  from [01m[K/opt/ros/humble/include/rclcpp/rclcpp/executors.hpp:22[m[K,
[6.684s]                  from [01m[K/opt/ros/humble/include/rclcpp/rclcpp/rclcpp.hpp:155[m[K,
[6.684s]                  from [01m[K/home/geonmo/ydlidar_ws/src/ydlidar_ros2_driver/src/ydlidar_ros2_driver_node.cpp:23[m[K:
[6.684s] [01m[K/opt/ros/humble/include/rclcpp/rclcpp/node.hpp:434:3:[m[K [01;36m[Knote: [m[Kcandidate: ‘[01m[Ktemplate<class ParameterT> auto rclcpp::Node::declare_parameter(const string&, const ParameterDescriptor&, bool)[m[K’
[6.684s]   434 |   [01;36m[Kdeclare_parameter[m[K(
[6.684s]       |   [01;36m[K^~~~~~~~~~~~~~~~~[m[K
[6.685s] [01m[K/opt/ros/humble/include/rclcpp/rclcpp/node.hpp:434:3:[m[K [01;36m[Knote: [m[K  template argument deduction/substitution failed:
[6.685s] [01m[K/home/geonmo/ydlidar_ws/src/ydlidar_ros2_driver/src/ydlidar_ros2_driver_node.cpp:140:26:[m[K [01;36m[Knote: [m[K  couldn’t deduce template parameter ‘[01m[KParameterT[m[K’
[6.685s]   140 |   [01;36m[Knode->declare_parameter("angle_min")[m[K;
[6.685s]       |   [01;36m[K~~~~~~~~~~~~~~~~~~~~~~~^~~~~~~~~~~~~[m[K
[6.685s] In file included from [01m[K/opt/ros/humble/include/rclcpp/rclcpp/executors/single_threaded_executor.hpp:28[m[K,
[6.685s]                  from [01m[K/opt/ros/humble/include/rclcpp/rclcpp/executors.hpp:22[m[K,
[6.685s]                  from [01m[K/opt/ros/humble/include/rclcpp/rclcpp/rclcpp.hpp:155[m[K,
[6.685s]                  from [01m[K/home/geonmo/ydlidar_ws/src/ydlidar_ros2_driver/src/ydlidar_ros2_driver_node.cpp:23[m[K:
[6.686s] [01m[K/opt/ros/humble/include/rclcpp/rclcpp/node.hpp:366:3:[m[K [01;36m[Knote: [m[Kcandidate: ‘[01m[Kconst rclcpp::ParameterValue& rclcpp::Node::declare_parameter(const string&, const rclcpp::ParameterValue&, const ParameterDescriptor&, bool)[m[K’
[6.686s]   366 |   [01;36m[Kdeclare_parameter[m[K(
[6.686s]       |   [01;36m[K^~~~~~~~~~~~~~~~~[m[K
[6.686s] [01m[K/opt/ros/humble/include/rclcpp/rclcpp/node.hpp:366:3:[m[K [01;36m[Knote: [m[K  candidate expects 4 arguments, 1 provided
[6.686s] [01m[K/opt/ros/humble/include/rclcpp/rclcpp/node.hpp:391:3:[m[K [01;36m[Knote: [m[Kcandidate: ‘[01m[Kconst rclcpp::ParameterValue& rclcpp::Node::declare_parameter(const string&, rclcpp::ParameterType, const ParameterDescriptor&, bool)[m[K’
[6.686s]   391 |   [01;36m[Kdeclare_parameter[m[K(
[6.686s]       |   [01;36m[K^~~~~~~~~~~~~~~~~[m[K
[6.687s] [01m[K/opt/ros/humble/include/rclcpp/rclcpp/node.hpp:391:3:[m[K [01;36m[Knote: [m[K  candidate expects 4 arguments, 1 provided
[6.687s] [01m[K/home/geonmo/ydlidar_ws/src/ydlidar_ros2_driver/src/ydlidar_ros2_driver_node.cpp:145:26:[m[K [01;31m[Kerror: [m[Kno matching function for call to ‘[01m[Krclcpp::Node::declare_parameter(const char [10])[m[K’
[6.687s]   145 |   [01;31m[Knode->declare_parameter("range_max")[m[K;
[6.687s]       |   [01;31m[K~~~~~~~~~~~~~~~~~~~~~~~^~~~~~~~~~~~~[m[K
[6.687s] In file included from [01m[K/opt/ros/humble/include/rclcpp/rclcpp/executors/single_threaded_executor.hpp:28[m[K,
[6.687s]                  from [01m[K/opt/ros/humble/include/rclcpp/rclcpp/executors.hpp:22[m[K,
[6.687s]                  from [01m[K/opt/ros/humble/include/rclcpp/rclcpp/rclcpp.hpp:155[m[K,
[6.688s]                  from [01m[K/home/geonmo/ydlidar_ws/src/ydlidar_ros2_driver/src/ydlidar_ros2_driver_node.cpp:23[m[K:
[6.688s] [01m[K/opt/ros/humble/include/rclcpp/rclcpp/node.hpp:421:3:[m[K [01;36m[Knote: [m[Kcandidate: ‘[01m[Ktemplate<class ParameterT> auto rclcpp::Node::declare_parameter(const string&, const ParameterT&, const ParameterDescriptor&, bool)[m[K’
[6.688s]   421 |   [01;36m[Kdeclare_parameter[m[K(
[6.688s]       |   [01;36m[K^~~~~~~~~~~~~~~~~[m[K
[6.688s] [01m[K/opt/ros/humble/include/rclcpp/rclcpp/node.hpp:421:3:[m[K [01;36m[Knote: [m[K  template argument deduction/substitution failed:
[6.689s] [01m[K/home/geonmo/ydlidar_ws/src/ydlidar_ros2_driver/src/ydlidar_ros2_driver_node.cpp:145:26:[m[K [01;36m[Knote: [m[K  candidate expects 4 arguments, 1 provided
[6.689s]   145 |   [01;36m[Knode->declare_parameter("range_max")[m[K;
[6.689s]       |   [01;36m[K~~~~~~~~~~~~~~~~~~~~~~~^~~~~~~~~~~~~[m[K
[6.689s] In file included from [01m[K/opt/ros/humble/include/rclcpp/rclcpp/executors/single_threaded_executor.hpp:28[m[K,
[6.689s]                  from [01m[K/opt/ros/humble/include/rclcpp/rclcpp/executors.hpp:22[m[K,
[6.689s]                  from [01m[K/opt/ros/humble/include/rclcpp/rclcpp/rclcpp.hpp:155[m[K,
[6.689s]                  from [01m[K/home/geonmo/ydlidar_ws/src/ydlidar_ros2_driver/src/ydlidar_ros2_driver_node.cpp:23[m[K:
[6.689s] [01m[K/opt/ros/humble/include/rclcpp/rclcpp/node.hpp:434:3:[m[K [01;36m[Knote: [m[Kcandidate: ‘[01m[Ktemplate<class ParameterT> auto rclcpp::Node::declare_parameter(const string&, const ParameterDescriptor&, bool)[m[K’
[6.690s]   434 |   [01;36m[Kdeclare_parameter[m[K(
[6.690s]       |   [01;36m[K^~~~~~~~~~~~~~~~~[m[K
[6.690s] [01m[K/opt/ros/humble/include/rclcpp/rclcpp/node.hpp:434:3:[m[K [01;36m[Knote: [m[K  template argument deduction/substitution failed:
[6.690s] [01m[K/home/geonmo/ydlidar_ws/src/ydlidar_ros2_driver/src/ydlidar_ros2_driver_node.cpp:145:26:[m[K [01;36m[Knote: [m[K  couldn’t deduce template parameter ‘[01m[KParameterT[m[K’
[6.690s]   145 |   [01;36m[Knode->declare_parameter("range_max")[m[K;
[6.690s]       |   [01;36m[K~~~~~~~~~~~~~~~~~~~~~~~^~~~~~~~~~~~~[m[K
[6.690s] In file included from [01m[K/opt/ros/humble/include/rclcpp/rclcpp/executors/single_threaded_executor.hpp:28[m[K,
[6.691s]                  from [01m[K/opt/ros/humble/include/rclcpp/rclcpp/executors.hpp:22[m[K,
[6.691s]                  from [01m[K/opt/ros/humble/include/rclcpp/rclcpp/rclcpp.hpp:155[m[K,
[6.691s]                  from [01m[K/home/geonmo/ydlidar_ws/src/ydlidar_ros2_driver/src/ydlidar_ros2_driver_node.cpp:23[m[K:
[6.691s] [01m[K/opt/ros/humble/include/rclcpp/rclcpp/node.hpp:366:3:[m[K [01;36m[Knote: [m[Kcandidate: ‘[01m[Kconst rclcpp::ParameterValue& rclcpp::Node::declare_parameter(const string&, const rclcpp::ParameterValue&, const ParameterDescriptor&, bool)[m[K’
[6.691s]   366 |   [01;36m[Kdeclare_parameter[m[K(
[6.691s]       |   [01;36m[K^~~~~~~~~~~~~~~~~[m[K
[6.691s] [01m[K/opt/ros/humble/include/rclcpp/rclcpp/node.hpp:366:3:[m[K [01;36m[Knote: [m[K  candidate expects 4 arguments, 1 provided
[6.692s] [01m[K/opt/ros/humble/include/rclcpp/rclcpp/node.hpp:391:3:[m[K [01;36m[Knote: [m[Kcandidate: ‘[01m[Kconst rclcpp::ParameterValue& rclcpp::Node::declare_parameter(const string&, rclcpp::ParameterType, const ParameterDescriptor&, bool)[m[K’
[6.692s]   391 |   [01;36m[Kdeclare_parameter[m[K(
[6.692s]       |   [01;36m[K^~~~~~~~~~~~~~~~~[m[K
[6.692s] [01m[K/opt/ros/humble/include/rclcpp/rclcpp/node.hpp:391:3:[m[K [01;36m[Knote: [m[K  candidate expects 4 arguments, 1 provided
[6.692s] [01m[K/home/geonmo/ydlidar_ws/src/ydlidar_ros2_driver/src/ydlidar_ros2_driver_node.cpp:149:26:[m[K [01;31m[Kerror: [m[Kno matching function for call to ‘[01m[Krclcpp::Node::declare_parameter(const char [10])[m[K’
[6.692s]   149 |   [01;31m[Knode->declare_parameter("range_min")[m[K;
[6.692s]       |   [01;31m[K~~~~~~~~~~~~~~~~~~~~~~~^~~~~~~~~~~~~[m[K
[6.692s] In file included from [01m[K/opt/ros/humble/include/rclcpp/rclcpp/executors/single_threaded_executor.hpp:28[m[K,
[6.693s]                  from [01m[K/opt/ros/humble/include/rclcpp/rclcpp/executors.hpp:22[m[K,
[6.693s]                  from [01m[K/opt/ros/humble/include/rclcpp/rclcpp/rclcpp.hpp:155[m[K,
[6.693s]                  from [01m[K/home/geonmo/ydlidar_ws/src/ydlidar_ros2_driver/src/ydlidar_ros2_driver_node.cpp:23[m[K:
[6.693s] [01m[K/opt/ros/humble/include/rclcpp/rclcpp/node.hpp:421:3:[m[K [01;36m[Knote: [m[Kcandidate: ‘[01m[Ktemplate<class ParameterT> auto rclcpp::Node::declare_parameter(const string&, const ParameterT&, const ParameterDescriptor&, bool)[m[K’
[6.693s]   421 |   [01;36m[Kdeclare_parameter[m[K(
[6.693s]       |   [01;36m[K^~~~~~~~~~~~~~~~~[m[K
[6.693s] [01m[K/opt/ros/humble/include/rclcpp/rclcpp/node.hpp:421:3:[m[K [01;36m[Knote: [m[K  template argument deduction/substitution failed:
[6.694s] [01m[K/home/geonmo/ydlidar_ws/src/ydlidar_ros2_driver/src/ydlidar_ros2_driver_node.cpp:149:26:[m[K [01;36m[Knote: [m[K  candidate expects 4 arguments, 1 provided
[6.694s]   149 |   [01;36m[Knode->declare_parameter("range_min")[m[K;
[6.694s]       |   [01;36m[K~~~~~~~~~~~~~~~~~~~~~~~^~~~~~~~~~~~~[m[K
[6.694s] In file included from [01m[K/opt/ros/humble/include/rclcpp/rclcpp/executors/single_threaded_executor.hpp:28[m[K,
[6.694s]                  from [01m[K/opt/ros/humble/include/rclcpp/rclcpp/executors.hpp:22[m[K,
[6.694s]                  from [01m[K/opt/ros/humble/include/rclcpp/rclcpp/rclcpp.hpp:155[m[K,
[6.694s]                  from [01m[K/home/geonmo/ydlidar_ws/src/ydlidar_ros2_driver/src/ydlidar_ros2_driver_node.cpp:23[m[K:
[6.694s] [01m[K/opt/ros/humble/include/rclcpp/rclcpp/node.hpp:434:3:[m[K [01;36m[Knote: [m[Kcandidate: ‘[01m[Ktemplate<class ParameterT> auto rclcpp::Node::declare_parameter(const string&, const ParameterDescriptor&, bool)[m[K’
[6.695s]   434 |   [01;36m[Kdeclare_parameter[m[K(
[6.695s]       |   [01;36m[K^~~~~~~~~~~~~~~~~[m[K
[6.695s] [01m[K/opt/ros/humble/include/rclcpp/rclcpp/node.hpp:434:3:[m[K [01;36m[Knote: [m[K  template argument deduction/substitution failed:
[6.695s] [01m[K/home/geonmo/ydlidar_ws/src/ydlidar_ros2_driver/src/ydlidar_ros2_driver_node.cpp:149:26:[m[K [01;36m[Knote: [m[K  couldn’t deduce template parameter ‘[01m[KParameterT[m[K’
[6.695s]   149 |   [01;36m[Knode->declare_parameter("range_min")[m[K;
[6.695s]       |   [01;36m[K~~~~~~~~~~~~~~~~~~~~~~~^~~~~~~~~~~~~[m[K
[6.695s] In file included from [01m[K/opt/ros/humble/include/rclcpp/rclcpp/executors/single_threaded_executor.hpp:28[m[K,
[6.695s]                  from [01m[K/opt/ros/humble/include/rclcpp/rclcpp/executors.hpp:22[m[K,
[6.696s]                  from [01m[K/opt/ros/humble/include/rclcpp/rclcpp/rclcpp.hpp:155[m[K,
[6.696s]                  from [01m[K/home/geonmo/ydlidar_ws/src/ydlidar_ros2_driver/src/ydlidar_ros2_driver_node.cpp:23[m[K:
[6.696s] [01m[K/opt/ros/humble/include/rclcpp/rclcpp/node.hpp:366:3:[m[K [01;36m[Knote: [m[Kcandidate: ‘[01m[Kconst rclcpp::ParameterValue& rclcpp::Node::declare_parameter(const string&, const rclcpp::ParameterValue&, const ParameterDescriptor&, bool)[m[K’
[6.696s]   366 |   [01;36m[Kdeclare_parameter[m[K(
[6.696s]       |   [01;36m[K^~~~~~~~~~~~~~~~~[m[K
[6.696s] [01m[K/opt/ros/humble/include/rclcpp/rclcpp/node.hpp:366:3:[m[K [01;36m[Knote: [m[K  candidate expects 4 arguments, 1 provided
[6.696s] [01m[K/opt/ros/humble/include/rclcpp/rclcpp/node.hpp:391:3:[m[K [01;36m[Knote: [m[Kcandidate: ‘[01m[Kconst rclcpp::ParameterValue& rclcpp::Node::declare_parameter(const string&, rclcpp::ParameterType, const ParameterDescriptor&, bool)[m[K’
[6.697s]   391 |   [01;36m[Kdeclare_parameter[m[K(
[6.697s]       |   [01;36m[K^~~~~~~~~~~~~~~~~[m[K
[6.697s] [01m[K/opt/ros/humble/include/rclcpp/rclcpp/node.hpp:391:3:[m[K [01;36m[Knote: [m[K  candidate expects 4 arguments, 1 provided
[6.697s] [01m[K/home/geonmo/ydlidar_ws/src/ydlidar_ros2_driver/src/ydlidar_ros2_driver_node.cpp:154:26:[m[K [01;31m[Kerror: [m[Kno matching function for call to ‘[01m[Krclcpp::Node::declare_parameter(const char [10])[m[K’
[6.697s]   154 |   [01;31m[Knode->declare_parameter("frequency")[m[K;
[6.697s]       |   [01;31m[K~~~~~~~~~~~~~~~~~~~~~~~^~~~~~~~~~~~~[m[K
[6.697s] In file included from [01m[K/opt/ros/humble/include/rclcpp/rclcpp/executors/single_threaded_executor.hpp:28[m[K,
[6.697s]                  from [01m[K/opt/ros/humble/include/rclcpp/rclcpp/executors.hpp:22[m[K,
[6.698s]                  from [01m[K/opt/ros/humble/include/rclcpp/rclcpp/rclcpp.hpp:155[m[K,
[6.698s]                  from [01m[K/home/geonmo/ydlidar_ws/src/ydlidar_ros2_driver/src/ydlidar_ros2_driver_node.cpp:23[m[K:
[6.698s] [01m[K/opt/ros/humble/include/rclcpp/rclcpp/node.hpp:421:3:[m[K [01;36m[Knote: [m[Kcandidate: ‘[01m[Ktemplate<class ParameterT> auto rclcpp::Node::declare_parameter(const string&, const ParameterT&, const ParameterDescriptor&, bool)[m[K’
[6.698s]   421 |   [01;36m[Kdeclare_parameter[m[K(
[6.698s]       |   [01;36m[K^~~~~~~~~~~~~~~~~[m[K
[6.698s] [01m[K/opt/ros/humble/include/rclcpp/rclcpp/node.hpp:421:3:[m[K [01;36m[Knote: [m[K  template argument deduction/substitution failed:
[6.698s] [01m[K/home/geonmo/ydlidar_ws/src/ydlidar_ros2_driver/src/ydlidar_ros2_driver_node.cpp:154:26:[m[K [01;36m[Knote: [m[K  candidate expects 4 arguments, 1 provided
[6.699s]   154 |   [01;36m[Knode->declare_parameter("frequency")[m[K;
[6.699s]       |   [01;36m[K~~~~~~~~~~~~~~~~~~~~~~~^~~~~~~~~~~~~[m[K
[6.699s] In file included from [01m[K/opt/ros/humble/include/rclcpp/rclcpp/executors/single_threaded_executor.hpp:28[m[K,
[6.699s]                  from [01m[K/opt/ros/humble/include/rclcpp/rclcpp/executors.hpp:22[m[K,
[6.699s]                  from [01m[K/opt/ros/humble/include/rclcpp/rclcpp/rclcpp.hpp:155[m[K,
[6.699s]                  from [01m[K/home/geonmo/ydlidar_ws/src/ydlidar_ros2_driver/src/ydlidar_ros2_driver_node.cpp:23[m[K:
[6.699s] [01m[K/opt/ros/humble/include/rclcpp/rclcpp/node.hpp:434:3:[m[K [01;36m[Knote: [m[Kcandidate: ‘[01m[Ktemplate<class ParameterT> auto rclcpp::Node::declare_parameter(const string&, const ParameterDescriptor&, bool)[m[K’
[6.699s]   434 |   [01;36m[Kdeclare_parameter[m[K(
[6.700s]       |   [01;36m[K^~~~~~~~~~~~~~~~~[m[K
[6.700s] [01m[K/opt/ros/humble/include/rclcpp/rclcpp/node.hpp:434:3:[m[K [01;36m[Knote: [m[K  template argument deduction/substitution failed:
[6.700s] [01m[K/home/geonmo/ydlidar_ws/src/ydlidar_ros2_driver/src/ydlidar_ros2_driver_node.cpp:154:26:[m[K [01;36m[Knote: [m[K  couldn’t deduce template parameter ‘[01m[KParameterT[m[K’
[6.700s]   154 |   [01;36m[Knode->declare_parameter("frequency")[m[K;
[6.700s]       |   [01;36m[K~~~~~~~~~~~~~~~~~~~~~~~^~~~~~~~~~~~~[m[K
[6.700s] In file included from [01m[K/opt/ros/humble/include/rclcpp/rclcpp/executors/single_threaded_executor.hpp:28[m[K,
[6.700s]                  from [01m[K/opt/ros/humble/include/rclcpp/rclcpp/executors.hpp:22[m[K,
[6.700s]                  from [01m[K/opt/ros/humble/include/rclcpp/rclcpp/rclcpp.hpp:155[m[K,
[6.701s]                  from [01m[K/home/geonmo/ydlidar_ws/src/ydlidar_ros2_driver/src/ydlidar_ros2_driver_node.cpp:23[m[K:
[6.701s] [01m[K/opt/ros/humble/include/rclcpp/rclcpp/node.hpp:366:3:[m[K [01;36m[Knote: [m[Kcandidate: ‘[01m[Kconst rclcpp::ParameterValue& rclcpp::Node::declare_parameter(const string&, const rclcpp::ParameterValue&, const ParameterDescriptor&, bool)[m[K’
[6.701s]   366 |   [01;36m[Kdeclare_parameter[m[K(
[6.701s]       |   [01;36m[K^~~~~~~~~~~~~~~~~[m[K
[6.701s] [01m[K/opt/ros/humble/include/rclcpp/rclcpp/node.hpp:366:3:[m[K [01;36m[Knote: [m[K  candidate expects 4 arguments, 1 provided
[6.701s] [01m[K/opt/ros/humble/include/rclcpp/rclcpp/node.hpp:391:3:[m[K [01;36m[Knote: [m[Kcandidate: ‘[01m[Kconst rclcpp::ParameterValue& rclcpp::Node::declare_parameter(const string&, rclcpp::ParameterType, const ParameterDescriptor&, bool)[m[K’
[6.701s]   391 |   [01;36m[Kdeclare_parameter[m[K(
[6.702s]       |   [01;36m[K^~~~~~~~~~~~~~~~~[m[K
[6.702s] [01m[K/opt/ros/humble/include/rclcpp/rclcpp/node.hpp:391:3:[m[K [01;36m[Knote: [m[K  candidate expects 4 arguments, 1 provided
[6.702s] [01m[K/home/geonmo/ydlidar_ws/src/ydlidar_ros2_driver/src/ydlidar_ros2_driver_node.cpp:159:26:[m[K [01;31m[Kerror: [m[Kno matching function for call to ‘[01m[Krclcpp::Node::declare_parameter(const char [21])[m[K’
[6.702s]   159 |   [01;31m[Knode->declare_parameter("invalid_range_is_inf")[m[K;
[6.702s]       |   [01;31m[K~~~~~~~~~~~~~~~~~~~~~~~^~~~~~~~~~~~~~~~~~~~~~~~[m[K
[6.702s] In file included from [01m[K/opt/ros/humble/include/rclcpp/rclcpp/executors/single_threaded_executor.hpp:28[m[K,
[6.702s]                  from [01m[K/opt/ros/humble/include/rclcpp/rclcpp/executors.hpp:22[m[K,
[6.703s]                  from [01m[K/opt/ros/humble/include/rclcpp/rclcpp/rclcpp.hpp:155[m[K,
[6.703s]                  from [01m[K/home/geonmo/ydlidar_ws/src/ydlidar_ros2_driver/src/ydlidar_ros2_driver_node.cpp:23[m[K:
[6.703s] [01m[K/opt/ros/humble/include/rclcpp/rclcpp/node.hpp:421:3:[m[K [01;36m[Knote: [m[Kcandidate: ‘[01m[Ktemplate<class ParameterT> auto rclcpp::Node::declare_parameter(const string&, const ParameterT&, const ParameterDescriptor&, bool)[m[K’
[6.703s]   421 |   [01;36m[Kdeclare_parameter[m[K(
[6.703s]       |   [01;36m[K^~~~~~~~~~~~~~~~~[m[K
[6.703s] [01m[K/opt/ros/humble/include/rclcpp/rclcpp/node.hpp:421:3:[m[K [01;36m[Knote: [m[K  template argument deduction/substitution failed:
[6.703s] [01m[K/home/geonmo/ydlidar_ws/src/ydlidar_ros2_driver/src/ydlidar_ros2_driver_node.cpp:159:26:[m[K [01;36m[Knote: [m[K  candidate expects 4 arguments, 1 provided
[6.703s]   159 |   [01;36m[Knode->declare_parameter("invalid_range_is_inf")[m[K;
[6.704s]       |   [01;36m[K~~~~~~~~~~~~~~~~~~~~~~~^~~~~~~~~~~~~~~~~~~~~~~~[m[K
[6.704s] In file included from [01m[K/opt/ros/humble/include/rclcpp/rclcpp/executors/single_threaded_executor.hpp:28[m[K,
[6.704s]                  from [01m[K/opt/ros/humble/include/rclcpp/rclcpp/executors.hpp:22[m[K,
[6.704s]                  from [01m[K/opt/ros/humble/include/rclcpp/rclcpp/rclcpp.hpp:155[m[K,
[6.704s]                  from [01m[K/home/geonmo/ydlidar_ws/src/ydlidar_ros2_driver/src/ydlidar_ros2_driver_node.cpp:23[m[K:
[6.704s] [01m[K/opt/ros/humble/include/rclcpp/rclcpp/node.hpp:434:3:[m[K [01;36m[Knote: [m[Kcandidate: ‘[01m[Ktemplate<class ParameterT> auto rclcpp::Node::declare_parameter(const string&, const ParameterDescriptor&, bool)[m[K’
[6.704s]   434 |   [01;36m[Kdeclare_parameter[m[K(
[6.705s]       |   [01;36m[K^~~~~~~~~~~~~~~~~[m[K
[6.705s] [01m[K/opt/ros/humble/include/rclcpp/rclcpp/node.hpp:434:3:[m[K [01;36m[Knote: [m[K  template argument deduction/substitution failed:
[6.705s] [01m[K/home/geonmo/ydlidar_ws/src/ydlidar_ros2_driver/src/ydlidar_ros2_driver_node.cpp:159:26:[m[K [01;36m[Knote: [m[K  couldn’t deduce template parameter ‘[01m[KParameterT[m[K’
[6.705s]   159 |   [01;36m[Knode->declare_parameter("invalid_range_is_inf")[m[K;
[6.705s]       |   [01;36m[K~~~~~~~~~~~~~~~~~~~~~~~^~~~~~~~~~~~~~~~~~~~~~~~[m[K
[6.705s] In file included from [01m[K/opt/ros/humble/include/rclcpp/rclcpp/executors/single_threaded_executor.hpp:28[m[K,
[6.705s]                  from [01m[K/opt/ros/humble/include/rclcpp/rclcpp/executors.hpp:22[m[K,
[6.705s]                  from [01m[K/opt/ros/humble/include/rclcpp/rclcpp/rclcpp.hpp:155[m[K,
[6.706s]                  from [01m[K/home/geonmo/ydlidar_ws/src/ydlidar_ros2_driver/src/ydlidar_ros2_driver_node.cpp:23[m[K:
[6.706s] [01m[K/opt/ros/humble/include/rclcpp/rclcpp/node.hpp:366:3:[m[K [01;36m[Knote: [m[Kcandidate: ‘[01m[Kconst rclcpp::ParameterValue& rclcpp::Node::declare_parameter(const string&, const rclcpp::ParameterValue&, const ParameterDescriptor&, bool)[m[K’
[6.706s]   366 |   [01;36m[Kdeclare_parameter[m[K(
[6.706s]       |   [01;36m[K^~~~~~~~~~~~~~~~~[m[K
[6.706s] [01m[K/opt/ros/humble/include/rclcpp/rclcpp/node.hpp:366:3:[m[K [01;36m[Knote: [m[K  candidate expects 4 arguments, 1 provided
[6.706s] [01m[K/opt/ros/humble/include/rclcpp/rclcpp/node.hpp:391:3:[m[K [01;36m[Knote: [m[Kcandidate: ‘[01m[Kconst rclcpp::ParameterValue& rclcpp::Node::declare_parameter(const string&, rclcpp::ParameterType, const ParameterDescriptor&, bool)[m[K’
[6.706s]   391 |   [01;36m[Kdeclare_parameter[m[K(
[6.707s]       |   [01;36m[K^~~~~~~~~~~~~~~~~[m[K
[6.707s] [01m[K/opt/ros/humble/include/rclcpp/rclcpp/node.hpp:391:3:[m[K [01;36m[Knote: [m[K  candidate expects 4 arguments, 1 provided
[6.707s] [01m[K/home/geonmo/ydlidar_ws/src/ydlidar_ros2_driver/src/ydlidar_ros2_driver_node.cpp:168:28:[m[K [01;31m[Kerror: [m[Kno matching function for call to ‘[01m[Krclcpp::Node::declare_parameter(const char [8])[m[K’
[6.707s]   168 |     [01;31m[Knode->declare_parameter("m1_mode")[m[K;
[6.707s]       |     [01;31m[K~~~~~~~~~~~~~~~~~~~~~~~^~~~~~~~~~~[m[K
[6.707s] In file included from [01m[K/opt/ros/humble/include/rclcpp/rclcpp/executors/single_threaded_executor.hpp:28[m[K,
[6.707s]                  from [01m[K/opt/ros/humble/include/rclcpp/rclcpp/executors.hpp:22[m[K,
[6.707s]                  from [01m[K/opt/ros/humble/include/rclcpp/rclcpp/rclcpp.hpp:155[m[K,
[6.708s]                  from [01m[K/home/geonmo/ydlidar_ws/src/ydlidar_ros2_driver/src/ydlidar_ros2_driver_node.cpp:23[m[K:
[6.708s] [01m[K/opt/ros/humble/include/rclcpp/rclcpp/node.hpp:421:3:[m[K [01;36m[Knote: [m[Kcandidate: ‘[01m[Ktemplate<class ParameterT> auto rclcpp::Node::declare_parameter(const string&, const ParameterT&, const ParameterDescriptor&, bool)[m[K’
[6.708s]   421 |   [01;36m[Kdeclare_parameter[m[K(
[6.708s]       |   [01;36m[K^~~~~~~~~~~~~~~~~[m[K
[6.708s] [01m[K/opt/ros/humble/include/rclcpp/rclcpp/node.hpp:421:3:[m[K [01;36m[Knote: [m[K  template argument deduction/substitution failed:
[6.708s] [01m[K/home/geonmo/ydlidar_ws/src/ydlidar_ros2_driver/src/ydlidar_ros2_driver_node.cpp:168:28:[m[K [01;36m[Knote: [m[K  candidate expects 4 arguments, 1 provided
[6.708s]   168 |     [01;36m[Knode->declare_parameter("m1_mode")[m[K;
[6.708s]       |     [01;36m[K~~~~~~~~~~~~~~~~~~~~~~~^~~~~~~~~~~[m[K
[6.709s] In file included from [01m[K/opt/ros/humble/include/rclcpp/rclcpp/executors/single_threaded_executor.hpp:28[m[K,
[6.709s]                  from [01m[K/opt/ros/humble/include/rclcpp/rclcpp/executors.hpp:22[m[K,
[6.709s]                  from [01m[K/opt/ros/humble/include/rclcpp/rclcpp/rclcpp.hpp:155[m[K,
[6.709s]                  from [01m[K/home/geonmo/ydlidar_ws/src/ydlidar_ros2_driver/src/ydlidar_ros2_driver_node.cpp:23[m[K:
[6.709s] [01m[K/opt/ros/humble/include/rclcpp/rclcpp/node.hpp:434:3:[m[K [01;36m[Knote: [m[Kcandidate: ‘[01m[Ktemplate<class ParameterT> auto rclcpp::Node::declare_parameter(const string&, const ParameterDescriptor&, bool)[m[K’
[6.709s]   434 |   [01;36m[Kdeclare_parameter[m[K(
[6.709s]       |   [01;36m[K^~~~~~~~~~~~~~~~~[m[K
[6.710s] [01m[K/opt/ros/humble/include/rclcpp/rclcpp/node.hpp:434:3:[m[K [01;36m[Knote: [m[K  template argument deduction/substitution failed:
[6.710s] [01m[K/home/geonmo/ydlidar_ws/src/ydlidar_ros2_driver/src/ydlidar_ros2_driver_node.cpp:168:28:[m[K [01;36m[Knote: [m[K  couldn’t deduce template parameter ‘[01m[KParameterT[m[K’
[6.710s]   168 |     [01;36m[Knode->declare_parameter("m1_mode")[m[K;
[6.710s]       |     [01;36m[K~~~~~~~~~~~~~~~~~~~~~~~^~~~~~~~~~~[m[K
[6.710s] In file included from [01m[K/opt/ros/humble/include/rclcpp/rclcpp/executors/single_threaded_executor.hpp:28[m[K,
[6.710s]                  from [01m[K/opt/ros/humble/include/rclcpp/rclcpp/executors.hpp:22[m[K,
[6.710s]                  from [01m[K/opt/ros/humble/include/rclcpp/rclcpp/rclcpp.hpp:155[m[K,
[6.710s]                  from [01m[K/home/geonmo/ydlidar_ws/src/ydlidar_ros2_driver/src/ydlidar_ros2_driver_node.cpp:23[m[K:
[6.711s] [01m[K/opt/ros/humble/include/rclcpp/rclcpp/node.hpp:366:3:[m[K [01;36m[Knote: [m[Kcandidate: ‘[01m[Kconst rclcpp::ParameterValue& rclcpp::Node::declare_parameter(const string&, const rclcpp::ParameterValue&, const ParameterDescriptor&, bool)[m[K’
[6.711s]   366 |   [01;36m[Kdeclare_parameter[m[K(
[6.711s]       |   [01;36m[K^~~~~~~~~~~~~~~~~[m[K
[6.711s] [01m[K/opt/ros/humble/include/rclcpp/rclcpp/node.hpp:366:3:[m[K [01;36m[Knote: [m[K  candidate expects 4 arguments, 1 provided
[6.711s] [01m[K/opt/ros/humble/include/rclcpp/rclcpp/node.hpp:391:3:[m[K [01;36m[Knote: [m[Kcandidate: ‘[01m[Kconst rclcpp::ParameterValue& rclcpp::Node::declare_parameter(const string&, rclcpp::ParameterType, const ParameterDescriptor&, bool)[m[K’
[6.711s]   391 |   [01;36m[Kdeclare_parameter[m[K(
[6.711s]       |   [01;36m[K^~~~~~~~~~~~~~~~~[m[K
[6.712s] [01m[K/opt/ros/humble/include/rclcpp/rclcpp/node.hpp:391:3:[m[K [01;36m[Knote: [m[K  candidate expects 4 arguments, 1 provided
[6.712s] [01m[K/home/geonmo/ydlidar_ws/src/ydlidar_ros2_driver/src/ydlidar_ros2_driver_node.cpp:172:28:[m[K [01;31m[Kerror: [m[Kno matching function for call to ‘[01m[Krclcpp::Node::declare_parameter(const char [8])[m[K’
[6.712s]   172 |     [01;31m[Knode->declare_parameter("m2_mode")[m[K;
[6.712s]       |     [01;31m[K~~~~~~~~~~~~~~~~~~~~~~~^~~~~~~~~~~[m[K
[6.712s] In file included from [01m[K/opt/ros/humble/include/rclcpp/rclcpp/executors/single_threaded_executor.hpp:28[m[K,
[6.712s]                  from [01m[K/opt/ros/humble/include/rclcpp/rclcpp/executors.hpp:22[m[K,
[6.712s]                  from [01m[K/opt/ros/humble/include/rclcpp/rclcpp/rclcpp.hpp:155[m[K,
[6.712s]                  from [01m[K/home/geonmo/ydlidar_ws/src/ydlidar_ros2_driver/src/ydlidar_ros2_driver_node.cpp:23[m[K:
[6.713s] [01m[K/opt/ros/humble/include/rclcpp/rclcpp/node.hpp:421:3:[m[K [01;36m[Knote: [m[Kcandidate: ‘[01m[Ktemplate<class ParameterT> auto rclcpp::Node::declare_parameter(const string&, const ParameterT&, const ParameterDescriptor&, bool)[m[K’
[6.713s]   421 |   [01;36m[Kdeclare_parameter[m[K(
[6.713s]       |   [01;36m[K^~~~~~~~~~~~~~~~~[m[K
[6.713s] [01m[K/opt/ros/humble/include/rclcpp/rclcpp/node.hpp:421:3:[m[K [01;36m[Knote: [m[K  template argument deduction/substitution failed:
[6.713s] [01m[K/home/geonmo/ydlidar_ws/src/ydlidar_ros2_driver/src/ydlidar_ros2_driver_node.cpp:172:28:[m[K [01;36m[Knote: [m[K  candidate expects 4 arguments, 1 provided
[6.713s]   172 |     [01;36m[Knode->declare_parameter("m2_mode")[m[K;
[6.713s]       |     [01;36m[K~~~~~~~~~~~~~~~~~~~~~~~^~~~~~~~~~~[m[K
[6.713s] In file included from [01m[K/opt/ros/humble/include/rclcpp/rclcpp/executors/single_threaded_executor.hpp:28[m[K,
[6.714s]                  from [01m[K/opt/ros/humble/include/rclcpp/rclcpp/executors.hpp:22[m[K,
[6.714s]                  from [01m[K/opt/ros/humble/include/rclcpp/rclcpp/rclcpp.hpp:155[m[K,
[6.714s]                  from [01m[K/home/geonmo/ydlidar_ws/src/ydlidar_ros2_driver/src/ydlidar_ros2_driver_node.cpp:23[m[K:
[6.714s] [01m[K/opt/ros/humble/include/rclcpp/rclcpp/node.hpp:434:3:[m[K [01;36m[Knote: [m[Kcandidate: ‘[01m[Ktemplate<class ParameterT> auto rclcpp::Node::declare_parameter(const string&, const ParameterDescriptor&, bool)[m[K’
[6.714s]   434 |   [01;36m[Kdeclare_parameter[m[K(
[6.714s]       |   [01;36m[K^~~~~~~~~~~~~~~~~[m[K
[6.714s] [01m[K/opt/ros/humble/include/rclcpp/rclcpp/node.hpp:434:3:[m[K [01;36m[Knote: [m[K  template argument deduction/substitution failed:
[6.715s] [01m[K/home/geonmo/ydlidar_ws/src/ydlidar_ros2_driver/src/ydlidar_ros2_driver_node.cpp:172:28:[m[K [01;36m[Knote: [m[K  couldn’t deduce template parameter ‘[01m[KParameterT[m[K’
[6.715s]   172 |     [01;36m[Knode->declare_parameter("m2_mode")[m[K;
[6.715s]       |     [01;36m[K~~~~~~~~~~~~~~~~~~~~~~~^~~~~~~~~~~[m[K
[6.715s] In file included from [01m[K/opt/ros/humble/include/rclcpp/rclcpp/executors/single_threaded_executor.hpp:28[m[K,
[6.715s]                  from [01m[K/opt/ros/humble/include/rclcpp/rclcpp/executors.hpp:22[m[K,
[6.715s]                  from [01m[K/opt/ros/humble/include/rclcpp/rclcpp/rclcpp.hpp:155[m[K,
[6.715s]                  from [01m[K/home/geonmo/ydlidar_ws/src/ydlidar_ros2_driver/src/ydlidar_ros2_driver_node.cpp:23[m[K:
[6.716s] [01m[K/opt/ros/humble/include/rclcpp/rclcpp/node.hpp:366:3:[m[K [01;36m[Knote: [m[Kcandidate: ‘[01m[Kconst rclcpp::ParameterValue& rclcpp::Node::declare_parameter(const string&, const rclcpp::ParameterValue&, const ParameterDescriptor&, bool)[m[K’
[6.716s]   366 |   [01;36m[Kdeclare_parameter[m[K(
[6.716s]       |   [01;36m[K^~~~~~~~~~~~~~~~~[m[K
[6.716s] [01m[K/opt/ros/humble/include/rclcpp/rclcpp/node.hpp:366:3:[m[K [01;36m[Knote: [m[K  candidate expects 4 arguments, 1 provided
[6.716s] [01m[K/opt/ros/humble/include/rclcpp/rclcpp/node.hpp:391:3:[m[K [01;36m[Knote: [m[Kcandidate: ‘[01m[Kconst rclcpp::ParameterValue& rclcpp::Node::declare_parameter(const string&, rclcpp::ParameterType, const ParameterDescriptor&, bool)[m[K’
[6.716s]   391 |   [01;36m[Kdeclare_parameter[m[K(
[6.716s]       |   [01;36m[K^~~~~~~~~~~~~~~~~[m[K
[6.717s] [01m[K/opt/ros/humble/include/rclcpp/rclcpp/node.hpp:391:3:[m[K [01;36m[Knote: [m[K  candidate expects 4 arguments, 1 provided
[6.717s] [01m[K/home/geonmo/ydlidar_ws/src/ydlidar_ros2_driver/src/ydlidar_ros2_driver_node.cpp:176:28:[m[K [01;31m[Kerror: [m[Kno matching function for call to ‘[01m[Krclcpp::Node::declare_parameter(const char [8])[m[K’
[6.717s]   176 |     [01;31m[Knode->declare_parameter("m3_mode")[m[K;
[6.717s]       |     [01;31m[K~~~~~~~~~~~~~~~~~~~~~~~^~~~~~~~~~~[m[K
[6.717s] In file included from [01m[K/opt/ros/humble/include/rclcpp/rclcpp/executors/single_threaded_executor.hpp:28[m[K,
[6.717s]                  from [01m[K/opt/ros/humble/include/rclcpp/rclcpp/executors.hpp:22[m[K,
[6.717s]                  from [01m[K/opt/ros/humble/include/rclcpp/rclcpp/rclcpp.hpp:155[m[K,
[6.717s]                  from [01m[K/home/geonmo/ydlidar_ws/src/ydlidar_ros2_driver/src/ydlidar_ros2_driver_node.cpp:23[m[K:
[6.718s] [01m[K/opt/ros/humble/include/rclcpp/rclcpp/node.hpp:421:3:[m[K [01;36m[Knote: [m[Kcandidate: ‘[01m[Ktemplate<class ParameterT> auto rclcpp::Node::declare_parameter(const string&, const ParameterT&, const ParameterDescriptor&, bool)[m[K’
[6.718s]   421 |   [01;36m[Kdeclare_parameter[m[K(
[6.718s]       |   [01;36m[K^~~~~~~~~~~~~~~~~[m[K
[6.718s] [01m[K/opt/ros/humble/include/rclcpp/rclcpp/node.hpp:421:3:[m[K [01;36m[Knote: [m[K  template argument deduction/substitution failed:
[6.718s] [01m[K/home/geonmo/ydlidar_ws/src/ydlidar_ros2_driver/src/ydlidar_ros2_driver_node.cpp:176:28:[m[K [01;36m[Knote: [m[K  candidate expects 4 arguments, 1 provided
[6.718s]   176 |     [01;36m[Knode->declare_parameter("m3_mode")[m[K;
[6.718s]       |     [01;36m[K~~~~~~~~~~~~~~~~~~~~~~~^~~~~~~~~~~[m[K
[6.718s] In file included from [01m[K/opt/ros/humble/include/rclcpp/rclcpp/executors/single_threaded_executor.hpp:28[m[K,
[6.719s]                  from [01m[K/opt/ros/humble/include/rclcpp/rclcpp/executors.hpp:22[m[K,
[6.719s]                  from [01m[K/opt/ros/humble/include/rclcpp/rclcpp/rclcpp.hpp:155[m[K,
[6.719s]                  from [01m[K/home/geonmo/ydlidar_ws/src/ydlidar_ros2_driver/src/ydlidar_ros2_driver_node.cpp:23[m[K:
[6.719s] [01m[K/opt/ros/humble/include/rclcpp/rclcpp/node.hpp:434:3:[m[K [01;36m[Knote: [m[Kcandidate: ‘[01m[Ktemplate<class ParameterT> auto rclcpp::Node::declare_parameter(const string&, const ParameterDescriptor&, bool)[m[K’
[6.719s]   434 |   [01;36m[Kdeclare_parameter[m[K(
[6.719s]       |   [01;36m[K^~~~~~~~~~~~~~~~~[m[K
[6.719s] [01m[K/opt/ros/humble/include/rclcpp/rclcpp/node.hpp:434:3:[m[K [01;36m[Knote: [m[K  template argument deduction/substitution failed:
[6.719s] [01m[K/home/geonmo/ydlidar_ws/src/ydlidar_ros2_driver/src/ydlidar_ros2_driver_node.cpp:176:28:[m[K [01;36m[Knote: [m[K  couldn’t deduce template parameter ‘[01m[KParameterT[m[K’
[6.720s]   176 |     [01;36m[Knode->declare_parameter("m3_mode")[m[K;
[6.720s]       |     [01;36m[K~~~~~~~~~~~~~~~~~~~~~~~^~~~~~~~~~~[m[K
[6.720s] In file included from [01m[K/opt/ros/humble/include/rclcpp/rclcpp/executors/single_threaded_executor.hpp:28[m[K,
[6.720s]                  from [01m[K/opt/ros/humble/include/rclcpp/rclcpp/executors.hpp:22[m[K,
[6.720s]                  from [01m[K/opt/ros/humble/include/rclcpp/rclcpp/rclcpp.hpp:155[m[K,
[6.720s]                  from [01m[K/home/geonmo/ydlidar_ws/src/ydlidar_ros2_driver/src/ydlidar_ros2_driver_node.cpp:23[m[K:
[6.720s] [01m[K/opt/ros/humble/include/rclcpp/rclcpp/node.hpp:366:3:[m[K [01;36m[Knote: [m[Kcandidate: ‘[01m[Kconst rclcpp::ParameterValue& rclcpp::Node::declare_parameter(const string&, const rclcpp::ParameterValue&, const ParameterDescriptor&, bool)[m[K’
[6.721s]   366 |   [01;36m[Kdeclare_parameter[m[K(
[6.721s]       |   [01;36m[K^~~~~~~~~~~~~~~~~[m[K
[6.721s] [01m[K/opt/ros/humble/include/rclcpp/rclcpp/node.hpp:366:3:[m[K [01;36m[Knote: [m[K  candidate expects 4 arguments, 1 provided
[6.721s] [01m[K/opt/ros/humble/include/rclcpp/rclcpp/node.hpp:391:3:[m[K [01;36m[Knote: [m[Kcandidate: ‘[01m[Kconst rclcpp::ParameterValue& rclcpp::Node::declare_parameter(const string&, rclcpp::ParameterType, const ParameterDescriptor&, bool)[m[K’
[6.721s]   391 |   [01;36m[Kdeclare_parameter[m[K(
[6.721s]       |   [01;36m[K^~~~~~~~~~~~~~~~~[m[K
[6.721s] [01m[K/opt/ros/humble/include/rclcpp/rclcpp/node.hpp:391:3:[m[K [01;36m[Knote: [m[K  candidate expects 4 arguments, 1 provided
[6.721s] [01m[K/home/geonmo/ydlidar_ws/src/ydlidar_ros2_driver/src/ydlidar_ros2_driver_node.cpp:[m[K In lambda function:
[6.722s] [01m[K/home/geonmo/ydlidar_ws/src/ydlidar_ros2_driver/src/ydlidar_ros2_driver_node.cpp:190:54:[m[K [01;35m[Kwarning: [m[Kunused parameter ‘[01m[Krequest_header[m[K’ [[01;35m[K]8;;https://gcc.gnu.org/onlinedocs/gcc/Warning-Options.html#index-Wunused-parameter-Wunused-parameter]8;;[m[K]
[6.722s]   190 |     [&laser]([01;35m[Kconst std::shared_ptr<rmw_request_id_t> request_header[m[K,
[6.722s]       |              [01;35m[K~~~~~~~~~~~~~~~~~~~~~~~~~~~~~~~~~~~~~~~~^~~~~~~~~~~~~~[m[K
[6.722s] [01m[K/home/geonmo/ydlidar_ws/src/ydlidar_ros2_driver/src/ydlidar_ros2_driver_node.cpp:191:56:[m[K [01;35m[Kwarning: [m[Kunused parameter ‘[01m[Kreq[m[K’ [[01;35m[K]8;;https://gcc.gnu.org/onlinedocs/gcc/Warning-Options.html#index-Wunused-parameter-Wunused-parameter]8;;[m[K]
[6.722s]   191 |   [01;35m[Kconst std::shared_ptr<std_srvs::srv::Empty::Request> req[m[K,
[6.722s]       |   [01;35m[K~~~~~~~~~~~~~~~~~~~~~~~~~~~~~~~~~~~~~~~~~~~~~~~~~~~~~^~~[m[K
[6.722s] [01m[K/home/geonmo/ydlidar_ws/src/ydlidar_ros2_driver/src/ydlidar_ros2_driver_node.cpp:192:51:[m[K [01;35m[Kwarning: [m[Kunused parameter ‘[01m[Kresponse[m[K’ [[01;35m[K]8;;https://gcc.gnu.org/onlinedocs/gcc/Warning-Options.html#index-Wunused-parameter-Wunused-parameter]8;;[m[K]
[6.722s]   192 |   [01;35m[Kstd::shared_ptr<std_srvs::srv::Empty::Response> response[m[K) -> bool
[6.723s]       |   [01;35m[K~~~~~~~~~~~~~~~~~~~~~~~~~~~~~~~~~~~~~~~~~~~~~~~~^~~~~~~~[m[K
[6.723s] [01m[K/home/geonmo/ydlidar_ws/src/ydlidar_ros2_driver/src/ydlidar_ros2_driver_node.cpp:[m[K In lambda function:
[6.723s] [01m[K/home/geonmo/ydlidar_ws/src/ydlidar_ros2_driver/src/ydlidar_ros2_driver_node.cpp:200:54:[m[K [01;35m[Kwarning: [m[Kunused parameter ‘[01m[Krequest_header[m[K’ [[01;35m[K]8;;https://gcc.gnu.org/onlinedocs/gcc/Warning-Options.html#index-Wunused-parameter-Wunused-parameter]8;;[m[K]
[6.723s]   200 |     [&laser]([01;35m[Kconst std::shared_ptr<rmw_request_id_t> request_header[m[K,
[6.723s]       |              [01;35m[K~~~~~~~~~~~~~~~~~~~~~~~~~~~~~~~~~~~~~~~~^~~~~~~~~~~~~~[m[K
[6.723s] [01m[K/home/geonmo/ydlidar_ws/src/ydlidar_ros2_driver/src/ydlidar_ros2_driver_node.cpp:201:56:[m[K [01;35m[Kwarning: [m[Kunused parameter ‘[01m[Kreq[m[K’ [[01;35m[K]8;;https://gcc.gnu.org/onlinedocs/gcc/Warning-Options.html#index-Wunused-parameter-Wunused-parameter]8;;[m[K]
[6.723s]   201 |   [01;35m[Kconst std::shared_ptr<std_srvs::srv::Empty::Request> req[m[K,
[6.724s]       |   [01;35m[K~~~~~~~~~~~~~~~~~~~~~~~~~~~~~~~~~~~~~~~~~~~~~~~~~~~~~^~~[m[K
[6.724s] [01m[K/home/geonmo/ydlidar_ws/src/ydlidar_ros2_driver/src/ydlidar_ros2_driver_node.cpp:202:51:[m[K [01;35m[Kwarning: [m[Kunused parameter ‘[01m[Kresponse[m[K’ [[01;35m[K]8;;https://gcc.gnu.org/onlinedocs/gcc/Warning-Options.html#index-Wunused-parameter-Wunused-parameter]8;;[m[K]
[6.724s]   202 |   [01;35m[Kstd::shared_ptr<std_srvs::srv::Empty::Response> response[m[K) -> bool
[6.724s]       |   [01;35m[K~~~~~~~~~~~~~~~~~~~~~~~~~~~~~~~~~~~~~~~~~~~~~~~~^~~~~~~~[m[K
[6.724s] [01m[K/home/geonmo/ydlidar_ws/src/ydlidar_ros2_driver/src/ydlidar_ros2_driver_node.cpp:[m[K In function ‘[01m[Kint main(int, char**)[m[K’:
[6.724s] [01m[K/home/geonmo/ydlidar_ws/src/ydlidar_ros2_driver/src/ydlidar_ros2_driver_node.cpp:235:21:[m[K [01;35m[Kwarning: [m[Kunused variable ‘[01m[Kp[m[K’ [[01;35m[K]8;;https://gcc.gnu.org/onlinedocs/gcc/Warning-Options.html#index-Wunused-variable-Wunused-variable]8;;[m[K]
[6.724s]   235 |         const auto& [01;35m[Kp[m[K = scan.points.at(i);
[6.725s]       |                     [01;35m[K^[m[K
[8.952s] gmake[2]: *** [CMakeFiles/ydlidar_ros2_driver_node.dir/build.make:76: CMakeFiles/ydlidar_ros2_driver_node.dir/src/ydlidar_ros2_driver_node.cpp.o] Error 1
[8.952s] gmake[1]: *** [CMakeFiles/Makefile2:139: CMakeFiles/ydlidar_ros2_driver_node.dir/all] Error 2
[8.952s] gmake: *** [Makefile:146: all] Error 2
[8.958s] Invoked command in '/home/geonmo/ydlidar_ws/build/ydlidar_ros2_driver' returned '2': CMAKE_PREFIX_PATH=/opt/ros/humble /usr/bin/cmake --build /home/geonmo/ydlidar_ws/build/ydlidar_ros2_driver -- -j4 -l4
