[0.000000] (-) TimerEvent: {}
[0.000947] (ydlidar_ros2_driver) JobQueued: {'identifier': 'ydlidar_ros2_driver', 'dependencies': OrderedDict()}
[0.001212] (ydlidar_ros2_driver) JobStarted: {'identifier': 'ydlidar_ros2_driver'}
[0.014974] (ydlidar_ros2_driver) JobProgress: {'identifier': 'ydlidar_ros2_driver', 'progress': 'cmake'}
[0.015982] (ydlidar_ros2_driver) Command: {'cmd': ['/usr/bin/cmake', '/home/geonmo/ydlidar_ws/src/ydlidar_ros2_driver', '-DAMENT_CMAKE_SYMLINK_INSTALL=1', '-DCMAKE_INSTALL_PREFIX=/home/geonmo/ydlidar_ws/install/ydlidar_ros2_driver'], 'cwd': '/home/geonmo/ydlidar_ws/build/ydlidar_ros2_driver', 'env': OrderedDict([('LESSOPEN', '| /usr/bin/lesspipe %s'), ('USER', 'geonmo'), ('SSH_CLIENT', '192.168.55.100 37708 22'), ('LC_TIME', 'ko_KR.UTF-8'), ('XDG_SESSION_TYPE', 'tty'), ('SHLVL', '1'), ('LD_LIBRARY_PATH', '/usr/local/cuda/lib64:/usr/local/cuda-12.6/lib64:/opt/ros/humble/opt/rviz_ogre_vendor/lib:/opt/ros/humble/lib/aarch64-linux-gnu:/opt/ros/humble/lib:/usr/local/cuda/lib64:/usr/local/cuda-12.6/lib64:'), ('MOTD_SHOWN', 'pam'), ('HOME', '/home/geonmo'), ('OLDPWD', '/home/geonmo/ydlidar_ws'), ('SSH_TTY', '/dev/pts/0'), ('ROS_PYTHON_VERSION', '3'), ('LC_MONETARY', 'ko_KR.UTF-8'), ('DBUS_SESSION_BUS_ADDRESS', 'unix:path=/run/user/1000/bus'), ('ROS_DISTRO', 'humble'), ('LOGNAME', 'geonmo'), ('_', '/usr/bin/colcon'), ('ROS_VERSION', '2'), ('XDG_SESSION_CLASS', 'user'), ('TERM', 'xterm-256color'), ('XDG_SESSION_ID', '3'), ('ROS_LOCALHOST_ONLY', '0'), ('PATH', '/usr/local/cuda/bin:/usr/local/cuda-12.6/bin:/opt/ros/humble/bin:/usr/local/cuda/bin:/usr/local/cuda-12.6/bin:/usr/local/sbin:/usr/local/bin:/usr/sbin:/usr/bin:/sbin:/bin:/usr/games:/usr/local/games:/snap/bin:/home/geonmo/.local/bin:/home/geonmo/.local/bin'), ('LC_ADDRESS', 'ko_KR.UTF-8'), ('XDG_RUNTIME_DIR', '/run/user/1000'), ('LANG', 'ko_KR.UTF-8'), ('LC_TELEPHONE', 'ko_KR.UTF-8'), ('LS_COLORS', 'rs=0:di=01;34:ln=01;36:mh=00:pi=40;33:so=01;35:do=01;35:bd=40;33;01:cd=40;33;01:or=40;31;01:mi=00:su=37;41:sg=30;43:ca=30;41:tw=30;42:ow=34;42:st=37;44:ex=01;32:*.tar=01;31:*.tgz=01;31:*.arc=01;31:*.arj=01;31:*.taz=01;31:*.lha=01;31:*.lz4=01;31:*.lzh=01;31:*.lzma=01;31:*.tlz=01;31:*.txz=01;31:*.tzo=01;31:*.t7z=01;31:*.zip=01;31:*.z=01;31:*.dz=01;31:*.gz=01;31:*.lrz=01;31:*.lz=01;31:*.lzo=01;31:*.xz=01;31:*.zst=01;31:*.tzst=01;31:*.bz2=01;31:*.bz=01;31:*.tbz=01;31:*.tbz2=01;31:*.tz=01;31:*.deb=01;31:*.rpm=01;31:*.jar=01;31:*.war=01;31:*.ear=01;31:*.sar=01;31:*.rar=01;31:*.alz=01;31:*.ace=01;31:*.zoo=01;31:*.cpio=01;31:*.7z=01;31:*.rz=01;31:*.cab=01;31:*.wim=01;31:*.swm=01;31:*.dwm=01;31:*.esd=01;31:*.jpg=01;35:*.jpeg=01;35:*.mjpg=01;35:*.mjpeg=01;35:*.gif=01;35:*.bmp=01;35:*.pbm=01;35:*.pgm=01;35:*.ppm=01;35:*.tga=01;35:*.xbm=01;35:*.xpm=01;35:*.tif=01;35:*.tiff=01;35:*.png=01;35:*.svg=01;35:*.svgz=01;35:*.mng=01;35:*.pcx=01;35:*.mov=01;35:*.mpg=01;35:*.mpeg=01;35:*.m2v=01;35:*.mkv=01;35:*.webm=01;35:*.webp=01;35:*.ogm=01;35:*.mp4=01;35:*.m4v=01;35:*.mp4v=01;35:*.vob=01;35:*.qt=01;35:*.nuv=01;35:*.wmv=01;35:*.asf=01;35:*.rm=01;35:*.rmvb=01;35:*.flc=01;35:*.avi=01;35:*.fli=01;35:*.flv=01;35:*.gl=01;35:*.dl=01;35:*.xcf=01;35:*.xwd=01;35:*.yuv=01;35:*.cgm=01;35:*.emf=01;35:*.ogv=01;35:*.ogx=01;35:*.aac=00;36:*.au=00;36:*.flac=00;36:*.m4a=00;36:*.mid=00;36:*.midi=00;36:*.mka=00;36:*.mp3=00;36:*.mpc=00;36:*.ogg=00;36:*.ra=00;36:*.wav=00;36:*.oga=00;36:*.opus=00;36:*.spx=00;36:*.xspf=00;36:'), ('AMENT_PREFIX_PATH', '/opt/ros/humble'), ('SHELL', '/bin/bash'), ('LC_NAME', 'ko_KR.UTF-8'), ('LESSCLOSE', '/usr/bin/lesspipe %s %s'), ('LC_MEASUREMENT', 'ko_KR.UTF-8'), ('LC_IDENTIFICATION', 'ko_KR.UTF-8'), ('PWD', '/home/geonmo/ydlidar_ws/build/ydlidar_ros2_driver'), ('LC_ALL', 'ko_KR.UTF-8'), ('SSH_CONNECTION', '192.168.55.100 37708 192.168.55.1 22'), ('PYTHONPATH', '/opt/ros/humble/lib/python3.10/site-packages:/opt/ros/humble/local/lib/python3.10/dist-packages'), ('LC_NUMERIC', 'ko_KR.UTF-8'), ('LC_PAPER', 'ko_KR.UTF-8'), ('COLCON', '1'), ('CMAKE_PREFIX_PATH', '/opt/ros/humble')]), 'shell': False}
[0.099157] (-) TimerEvent: {}
[0.118558] (ydlidar_ros2_driver) StdoutLine: {'line': b'-- The C compiler identification is GNU 11.4.0\n'}
[0.199353] (-) TimerEvent: {}
[0.222502] (ydlidar_ros2_driver) StdoutLine: {'line': b'-- The CXX compiler identification is GNU 11.4.0\n'}
[0.240548] (ydlidar_ros2_driver) StdoutLine: {'line': b'-- Detecting C compiler ABI info\n'}
[0.299557] (-) TimerEvent: {}
[0.381949] (ydlidar_ros2_driver) StdoutLine: {'line': b'-- Detecting C compiler ABI info - done\n'}
[0.399654] (-) TimerEvent: {}
[0.406820] (ydlidar_ros2_driver) StdoutLine: {'line': b'-- Check for working C compiler: /usr/bin/cc - skipped\n'}
[0.407734] (ydlidar_ros2_driver) StdoutLine: {'line': b'-- Detecting C compile features\n'}
[0.409113] (ydlidar_ros2_driver) StdoutLine: {'line': b'-- Detecting C compile features - done\n'}
[0.419756] (ydlidar_ros2_driver) StdoutLine: {'line': b'-- Detecting CXX compiler ABI info\n'}
[0.499884] (-) TimerEvent: {}
[0.569400] (ydlidar_ros2_driver) StdoutLine: {'line': b'-- Detecting CXX compiler ABI info - done\n'}
[0.594974] (ydlidar_ros2_driver) StdoutLine: {'line': b'-- Check for working CXX compiler: /usr/bin/c++ - skipped\n'}
[0.596065] (ydlidar_ros2_driver) StdoutLine: {'line': b'-- Detecting CXX compile features\n'}
[0.597648] (ydlidar_ros2_driver) StdoutLine: {'line': b'-- Detecting CXX compile features - done\n'}
[0.599942] (-) TimerEvent: {}
[0.613241] (ydlidar_ros2_driver) StdoutLine: {'line': b'-- Found ament_cmake: 1.3.12 (/opt/ros/humble/share/ament_cmake/cmake)\n'}
[0.700147] (-) TimerEvent: {}
[0.800889] (-) TimerEvent: {}
[0.901439] (-) TimerEvent: {}
[0.929766] (ydlidar_ros2_driver) StdoutLine: {'line': b'-- Found Python3: /usr/bin/python3 (found version "3.10.12") found components: Interpreter \n'}
[1.001571] (-) TimerEvent: {}
[1.074110] (ydlidar_ros2_driver) StdoutLine: {'line': b'-- Override CMake install command with custom implementation using symlinks instead of copying resources\n'}
[1.101667] (-) TimerEvent: {}
[1.134683] (ydlidar_ros2_driver) StdoutLine: {'line': b'-- Found rclcpp: 16.0.17 (/opt/ros/humble/share/rclcpp/cmake)\n'}
[1.201767] (-) TimerEvent: {}
[1.229832] (ydlidar_ros2_driver) StdoutLine: {'line': b'-- Found rosidl_generator_c: 3.1.8 (/opt/ros/humble/share/rosidl_generator_c/cmake)\n'}
[1.240065] (ydlidar_ros2_driver) StdoutLine: {'line': b'-- Found rosidl_adapter: 3.1.8 (/opt/ros/humble/share/rosidl_adapter/cmake)\n'}
[1.259383] (ydlidar_ros2_driver) StdoutLine: {'line': b'-- Found rosidl_generator_cpp: 3.1.8 (/opt/ros/humble/share/rosidl_generator_cpp/cmake)\n'}
[1.287837] (ydlidar_ros2_driver) StdoutLine: {'line': b'-- Using all available rosidl_typesupport_c: rosidl_typesupport_fastrtps_c;rosidl_typesupport_introspection_c\n'}
[1.301847] (-) TimerEvent: {}
[1.323942] (ydlidar_ros2_driver) StdoutLine: {'line': b'-- Using all available rosidl_typesupport_cpp: rosidl_typesupport_fastrtps_cpp;rosidl_typesupport_introspection_cpp\n'}
[1.401953] (-) TimerEvent: {}
[1.419466] (ydlidar_ros2_driver) StdoutLine: {'line': b'-- Found rmw_implementation_cmake: 6.1.2 (/opt/ros/humble/share/rmw_implementation_cmake/cmake)\n'}
[1.425318] (ydlidar_ros2_driver) StdoutLine: {'line': b'-- Found rmw_fastrtps_cpp: 6.2.9 (/opt/ros/humble/share/rmw_fastrtps_cpp/cmake)\n'}
[1.502061] (-) TimerEvent: {}
[1.587274] (ydlidar_ros2_driver) StdoutLine: {'line': b'-- Found OpenSSL: /usr/lib/aarch64-linux-gnu/libcrypto.so (found version "3.0.2")  \n'}
[1.602221] (-) TimerEvent: {}
[1.649192] (ydlidar_ros2_driver) StdoutLine: {'line': b'-- Found FastRTPS: /opt/ros/humble/include  \n'}
[1.702331] (-) TimerEvent: {}
[1.723275] (ydlidar_ros2_driver) StdoutLine: {'line': b"-- Using RMW implementation 'rmw_fastrtps_cpp' as default\n"}
[1.740179] (ydlidar_ros2_driver) StdoutLine: {'line': b'-- Looking for pthread.h\n'}
[1.802519] (-) TimerEvent: {}
[1.875391] (ydlidar_ros2_driver) StdoutLine: {'line': b'-- Looking for pthread.h - found\n'}
[1.876560] (ydlidar_ros2_driver) StdoutLine: {'line': b'-- Performing Test CMAKE_HAVE_LIBC_PTHREAD\n'}
[1.902682] (-) TimerEvent: {}
[2.003306] (-) TimerEvent: {}
[2.019854] (ydlidar_ros2_driver) StdoutLine: {'line': b'-- Performing Test CMAKE_HAVE_LIBC_PTHREAD - Success\n'}
[2.023232] (ydlidar_ros2_driver) StdoutLine: {'line': b'-- Found Threads: TRUE  \n'}
[2.103421] (-) TimerEvent: {}
[2.186134] (ydlidar_ros2_driver) StdoutLine: {'line': b'-- Found sensor_msgs: 4.9.0 (/opt/ros/humble/share/sensor_msgs/cmake)\n'}
[2.203509] (-) TimerEvent: {}
[2.255193] (ydlidar_ros2_driver) StdoutLine: {'line': b'-- Found visualization_msgs: 4.9.0 (/opt/ros/humble/share/visualization_msgs/cmake)\n'}
[2.297335] (ydlidar_ros2_driver) StdoutLine: {'line': b'-- Found std_srvs: 4.9.0 (/opt/ros/humble/share/std_srvs/cmake)\n'}
[2.303599] (-) TimerEvent: {}
[2.332099] (ydlidar_ros2_driver) StdoutLine: {'line': b'-- Found ament_lint_auto: 0.12.14 (/opt/ros/humble/share/ament_lint_auto/cmake)\n'}
[2.403822] (-) TimerEvent: {}
[2.504481] (-) TimerEvent: {}
[2.519374] (ydlidar_ros2_driver) StdoutLine: {'line': b"-- Added test 'copyright' to check source files copyright and LICENSE\n"}
[2.527311] (ydlidar_ros2_driver) StdoutLine: {'line': b"-- Added test 'cppcheck' to perform static code analysis on C / C++ code\n"}
[2.527922] (ydlidar_ros2_driver) StdoutLine: {'line': b'-- Configured cppcheck include dirs: /home/geonmo/ydlidar_ws/src/ydlidar_ros2_driver/src\n'}
[2.528228] (ydlidar_ros2_driver) StdoutLine: {'line': b'-- Configured cppcheck exclude dirs and/or files: \n'}
[2.536598] (ydlidar_ros2_driver) StdoutLine: {'line': b"-- Added test 'cpplint' to check C / C++ code against the Google style\n"}
[2.536858] (ydlidar_ros2_driver) StdoutLine: {'line': b'-- Configured cpplint exclude dirs and/or files: \n'}
[2.538656] (ydlidar_ros2_driver) StdoutLine: {'line': b"-- Added test 'flake8' to check Python code syntax and style conventions\n"}
[2.541755] (ydlidar_ros2_driver) StdoutLine: {'line': b"-- Added test 'lint_cmake' to check CMake code style\n"}
[2.543821] (ydlidar_ros2_driver) StdoutLine: {'line': b"-- Added test 'pep257' to check Python code against some of the docstring style conventions in PEP 257\n"}
[2.551929] (ydlidar_ros2_driver) StdoutLine: {'line': b"-- Added test 'uncrustify' to check C / C++ code style\n"}
[2.552152] (ydlidar_ros2_driver) StdoutLine: {'line': b'-- Configured uncrustify additional arguments: \n'}
[2.553957] (ydlidar_ros2_driver) StdoutLine: {'line': b"-- Added test 'xmllint' to check XML markup files\n"}
[2.557824] (ydlidar_ros2_driver) StdoutLine: {'line': b'-- Configuring done\n'}
[2.588714] (ydlidar_ros2_driver) StdoutLine: {'line': b'-- Generating done\n'}
[2.599434] (ydlidar_ros2_driver) StdoutLine: {'line': b'-- Build files have been written to: /home/geonmo/ydlidar_ws/build/ydlidar_ros2_driver\n'}
[2.604531] (-) TimerEvent: {}
[2.625675] (ydlidar_ros2_driver) CommandEnded: {'returncode': 0}
[2.627312] (ydlidar_ros2_driver) JobProgress: {'identifier': 'ydlidar_ros2_driver', 'progress': 'build'}
[2.629764] (ydlidar_ros2_driver) Command: {'cmd': ['/usr/bin/cmake', '--build', '/home/geonmo/ydlidar_ws/build/ydlidar_ros2_driver', '--', '-j4', '-l4'], 'cwd': '/home/geonmo/ydlidar_ws/build/ydlidar_ros2_driver', 'env': OrderedDict([('LESSOPEN', '| /usr/bin/lesspipe %s'), ('USER', 'geonmo'), ('SSH_CLIENT', '192.168.55.100 37708 22'), ('LC_TIME', 'ko_KR.UTF-8'), ('XDG_SESSION_TYPE', 'tty'), ('SHLVL', '1'), ('LD_LIBRARY_PATH', '/usr/local/cuda/lib64:/usr/local/cuda-12.6/lib64:/opt/ros/humble/opt/rviz_ogre_vendor/lib:/opt/ros/humble/lib/aarch64-linux-gnu:/opt/ros/humble/lib:/usr/local/cuda/lib64:/usr/local/cuda-12.6/lib64:'), ('MOTD_SHOWN', 'pam'), ('HOME', '/home/geonmo'), ('OLDPWD', '/home/geonmo/ydlidar_ws'), ('SSH_TTY', '/dev/pts/0'), ('ROS_PYTHON_VERSION', '3'), ('LC_MONETARY', 'ko_KR.UTF-8'), ('DBUS_SESSION_BUS_ADDRESS', 'unix:path=/run/user/1000/bus'), ('ROS_DISTRO', 'humble'), ('LOGNAME', 'geonmo'), ('_', '/usr/bin/colcon'), ('ROS_VERSION', '2'), ('XDG_SESSION_CLASS', 'user'), ('TERM', 'xterm-256color'), ('XDG_SESSION_ID', '3'), ('ROS_LOCALHOST_ONLY', '0'), ('PATH', '/usr/local/cuda/bin:/usr/local/cuda-12.6/bin:/opt/ros/humble/bin:/usr/local/cuda/bin:/usr/local/cuda-12.6/bin:/usr/local/sbin:/usr/local/bin:/usr/sbin:/usr/bin:/sbin:/bin:/usr/games:/usr/local/games:/snap/bin:/home/geonmo/.local/bin:/home/geonmo/.local/bin'), ('LC_ADDRESS', 'ko_KR.UTF-8'), ('XDG_RUNTIME_DIR', '/run/user/1000'), ('LANG', 'ko_KR.UTF-8'), ('LC_TELEPHONE', 'ko_KR.UTF-8'), ('LS_COLORS', 'rs=0:di=01;34:ln=01;36:mh=00:pi=40;33:so=01;35:do=01;35:bd=40;33;01:cd=40;33;01:or=40;31;01:mi=00:su=37;41:sg=30;43:ca=30;41:tw=30;42:ow=34;42:st=37;44:ex=01;32:*.tar=01;31:*.tgz=01;31:*.arc=01;31:*.arj=01;31:*.taz=01;31:*.lha=01;31:*.lz4=01;31:*.lzh=01;31:*.lzma=01;31:*.tlz=01;31:*.txz=01;31:*.tzo=01;31:*.t7z=01;31:*.zip=01;31:*.z=01;31:*.dz=01;31:*.gz=01;31:*.lrz=01;31:*.lz=01;31:*.lzo=01;31:*.xz=01;31:*.zst=01;31:*.tzst=01;31:*.bz2=01;31:*.bz=01;31:*.tbz=01;31:*.tbz2=01;31:*.tz=01;31:*.deb=01;31:*.rpm=01;31:*.jar=01;31:*.war=01;31:*.ear=01;31:*.sar=01;31:*.rar=01;31:*.alz=01;31:*.ace=01;31:*.zoo=01;31:*.cpio=01;31:*.7z=01;31:*.rz=01;31:*.cab=01;31:*.wim=01;31:*.swm=01;31:*.dwm=01;31:*.esd=01;31:*.jpg=01;35:*.jpeg=01;35:*.mjpg=01;35:*.mjpeg=01;35:*.gif=01;35:*.bmp=01;35:*.pbm=01;35:*.pgm=01;35:*.ppm=01;35:*.tga=01;35:*.xbm=01;35:*.xpm=01;35:*.tif=01;35:*.tiff=01;35:*.png=01;35:*.svg=01;35:*.svgz=01;35:*.mng=01;35:*.pcx=01;35:*.mov=01;35:*.mpg=01;35:*.mpeg=01;35:*.m2v=01;35:*.mkv=01;35:*.webm=01;35:*.webp=01;35:*.ogm=01;35:*.mp4=01;35:*.m4v=01;35:*.mp4v=01;35:*.vob=01;35:*.qt=01;35:*.nuv=01;35:*.wmv=01;35:*.asf=01;35:*.rm=01;35:*.rmvb=01;35:*.flc=01;35:*.avi=01;35:*.fli=01;35:*.flv=01;35:*.gl=01;35:*.dl=01;35:*.xcf=01;35:*.xwd=01;35:*.yuv=01;35:*.cgm=01;35:*.emf=01;35:*.ogv=01;35:*.ogx=01;35:*.aac=00;36:*.au=00;36:*.flac=00;36:*.m4a=00;36:*.mid=00;36:*.midi=00;36:*.mka=00;36:*.mp3=00;36:*.mpc=00;36:*.ogg=00;36:*.ra=00;36:*.wav=00;36:*.oga=00;36:*.opus=00;36:*.spx=00;36:*.xspf=00;36:'), ('AMENT_PREFIX_PATH', '/opt/ros/humble'), ('SHELL', '/bin/bash'), ('LC_NAME', 'ko_KR.UTF-8'), ('LESSCLOSE', '/usr/bin/lesspipe %s %s'), ('LC_MEASUREMENT', 'ko_KR.UTF-8'), ('LC_IDENTIFICATION', 'ko_KR.UTF-8'), ('PWD', '/home/geonmo/ydlidar_ws/build/ydlidar_ros2_driver'), ('LC_ALL', 'ko_KR.UTF-8'), ('SSH_CONNECTION', '192.168.55.100 37708 192.168.55.1 22'), ('PYTHONPATH', '/opt/ros/humble/lib/python3.10/site-packages:/opt/ros/humble/local/lib/python3.10/dist-packages'), ('LC_NUMERIC', 'ko_KR.UTF-8'), ('LC_PAPER', 'ko_KR.UTF-8'), ('COLCON', '1'), ('CMAKE_PREFIX_PATH', '/opt/ros/humble')]), 'shell': False}
[2.704752] (-) TimerEvent: {}
[2.726828] (ydlidar_ros2_driver) StdoutLine: {'line': b'[ 50%] \x1b[32mBuilding CXX object CMakeFiles/ydlidar_ros2_driver_node.dir/src/ydlidar_ros2_driver_node.cpp.o\x1b[0m\n'}
[2.727325] (ydlidar_ros2_driver) StdoutLine: {'line': b'[ 50%] \x1b[32mBuilding CXX object CMakeFiles/ydlidar_ros2_driver_client.dir/src/ydlidar_ros2_driver_client.cpp.o\x1b[0m\n'}
[2.804921] (-) TimerEvent: {}
[2.905599] (-) TimerEvent: {}
[3.006257] (-) TimerEvent: {}
[3.106875] (-) TimerEvent: {}
[3.207562] (-) TimerEvent: {}
[3.308244] (-) TimerEvent: {}
[3.408875] (-) TimerEvent: {}
[3.509557] (-) TimerEvent: {}
[3.610209] (-) TimerEvent: {}
[3.710920] (-) TimerEvent: {}
[3.811613] (-) TimerEvent: {}
[3.912338] (-) TimerEvent: {}
[4.013030] (-) TimerEvent: {}
[4.113706] (-) TimerEvent: {}
[4.214400] (-) TimerEvent: {}
[4.315089] (-) TimerEvent: {}
[4.415709] (-) TimerEvent: {}
[4.516480] (-) TimerEvent: {}
[4.617253] (-) TimerEvent: {}
[4.717973] (-) TimerEvent: {}
[4.818717] (-) TimerEvent: {}
[4.919467] (-) TimerEvent: {}
[5.020217] (-) TimerEvent: {}
[5.120928] (-) TimerEvent: {}
[5.221645] (-) TimerEvent: {}
[5.322382] (-) TimerEvent: {}
[5.423079] (-) TimerEvent: {}
[5.523831] (-) TimerEvent: {}
[5.624558] (-) TimerEvent: {}
[5.725268] (-) TimerEvent: {}
[5.826258] (-) TimerEvent: {}
[5.927258] (-) TimerEvent: {}
[6.027951] (-) TimerEvent: {}
[6.128590] (-) TimerEvent: {}
[6.229292] (-) TimerEvent: {}
[6.330001] (-) TimerEvent: {}
[6.430711] (-) TimerEvent: {}
[6.531434] (-) TimerEvent: {}
[6.632167] (-) TimerEvent: {}
[6.732902] (-) TimerEvent: {}
[6.833608] (-) TimerEvent: {}
[6.934336] (-) TimerEvent: {}
[7.035048] (-) TimerEvent: {}
[7.135701] (-) TimerEvent: {}
[7.236449] (-) TimerEvent: {}
[7.337270] (-) TimerEvent: {}
[7.437995] (-) TimerEvent: {}
[7.538741] (-) TimerEvent: {}
[7.639459] (-) TimerEvent: {}
[7.740139] (-) TimerEvent: {}
[7.841144] (-) TimerEvent: {}
[7.941861] (-) TimerEvent: {}
[8.042564] (-) TimerEvent: {}
[8.143250] (-) TimerEvent: {}
[8.243920] (-) TimerEvent: {}
[8.344643] (-) TimerEvent: {}
[8.445371] (-) TimerEvent: {}
[8.451873] (ydlidar_ros2_driver) StderrLine: {'line': b'\x1b[01m\x1b[K/home/geonmo/ydlidar_ws/src/ydlidar_ros2_driver/src/ydlidar_ros2_driver_node.cpp:\x1b[m\x1b[K In function \xe2\x80\x98\x1b[01m\x1b[Kint main(int, char**)\x1b[m\x1b[K\xe2\x80\x99:\n'}
[8.452416] (ydlidar_ros2_driver) StderrLine: {'line': b'\x1b[01m\x1b[K/home/geonmo/ydlidar_ws/src/ydlidar_ros2_driver/src/ydlidar_ros2_driver_node.cpp:44:26:\x1b[m\x1b[K \x1b[01;31m\x1b[Kerror: \x1b[m\x1b[Kno matching function for call to \xe2\x80\x98\x1b[01m\x1b[Krclcpp::Node::declare_parameter(const char [5])\x1b[m\x1b[K\xe2\x80\x99\n'}
[8.452592] (ydlidar_ros2_driver) StderrLine: {'line': b'   44 |   \x1b[01;31m\x1b[Knode->declare_parameter("port")\x1b[m\x1b[K;\n'}
[8.452735] (ydlidar_ros2_driver) StderrLine: {'line': b'      |   \x1b[01;31m\x1b[K~~~~~~~~~~~~~~~~~~~~~~~^~~~~~~~\x1b[m\x1b[K\n'}
[8.459788] (ydlidar_ros2_driver) StderrLine: {'line': b'In file included from \x1b[01m\x1b[K/opt/ros/humble/include/rclcpp/rclcpp/executors/single_threaded_executor.hpp:28\x1b[m\x1b[K,\n'}
[8.460147] (ydlidar_ros2_driver) StderrLine: {'line': b'                 from \x1b[01m\x1b[K/opt/ros/humble/include/rclcpp/rclcpp/executors.hpp:22\x1b[m\x1b[K,\n'}
[8.460294] (ydlidar_ros2_driver) StderrLine: {'line': b'                 from \x1b[01m\x1b[K/opt/ros/humble/include/rclcpp/rclcpp/rclcpp.hpp:155\x1b[m\x1b[K,\n'}
[8.460664] (ydlidar_ros2_driver) StderrLine: {'line': b'                 from \x1b[01m\x1b[K/home/geonmo/ydlidar_ws/src/ydlidar_ros2_driver/src/ydlidar_ros2_driver_node.cpp:23\x1b[m\x1b[K:\n'}
[8.461531] (ydlidar_ros2_driver) StderrLine: {'line': b'\x1b[01m\x1b[K/opt/ros/humble/include/rclcpp/rclcpp/node.hpp:421:3:\x1b[m\x1b[K \x1b[01;36m\x1b[Knote: \x1b[m\x1b[Kcandidate: \xe2\x80\x98\x1b[01m\x1b[Ktemplate<class ParameterT> auto rclcpp::Node::declare_parameter(const string&, const ParameterT&, const ParameterDescriptor&, bool)\x1b[m\x1b[K\xe2\x80\x99\n'}
[8.461936] (ydlidar_ros2_driver) StderrLine: {'line': b'  421 |   \x1b[01;36m\x1b[Kdeclare_parameter\x1b[m\x1b[K(\n'}
[8.462172] (ydlidar_ros2_driver) StderrLine: {'line': b'      |   \x1b[01;36m\x1b[K^~~~~~~~~~~~~~~~~\x1b[m\x1b[K\n'}
[8.462621] (ydlidar_ros2_driver) StderrLine: {'line': b'\x1b[01m\x1b[K/opt/ros/humble/include/rclcpp/rclcpp/node.hpp:421:3:\x1b[m\x1b[K \x1b[01;36m\x1b[Knote: \x1b[m\x1b[K  template argument deduction/substitution failed:\n'}
[8.462959] (ydlidar_ros2_driver) StderrLine: {'line': b'\x1b[01m\x1b[K/home/geonmo/ydlidar_ws/src/ydlidar_ros2_driver/src/ydlidar_ros2_driver_node.cpp:44:26:\x1b[m\x1b[K \x1b[01;36m\x1b[Knote: \x1b[m\x1b[K  candidate expects 4 arguments, 1 provided\n'}
[8.463211] (ydlidar_ros2_driver) StderrLine: {'line': b'   44 |   \x1b[01;36m\x1b[Knode->declare_parameter("port")\x1b[m\x1b[K;\n'}
[8.463661] (ydlidar_ros2_driver) StderrLine: {'line': b'      |   \x1b[01;36m\x1b[K~~~~~~~~~~~~~~~~~~~~~~~^~~~~~~~\x1b[m\x1b[K\n'}
[8.464129] (ydlidar_ros2_driver) StderrLine: {'line': b'In file included from \x1b[01m\x1b[K/opt/ros/humble/include/rclcpp/rclcpp/executors/single_threaded_executor.hpp:28\x1b[m\x1b[K,\n'}
[8.464270] (ydlidar_ros2_driver) StderrLine: {'line': b'                 from \x1b[01m\x1b[K/opt/ros/humble/include/rclcpp/rclcpp/executors.hpp:22\x1b[m\x1b[K,\n'}
[8.464711] (ydlidar_ros2_driver) StderrLine: {'line': b'                 from \x1b[01m\x1b[K/opt/ros/humble/include/rclcpp/rclcpp/rclcpp.hpp:155\x1b[m\x1b[K,\n'}
[8.465042] (ydlidar_ros2_driver) StderrLine: {'line': b'                 from \x1b[01m\x1b[K/home/geonmo/ydlidar_ws/src/ydlidar_ros2_driver/src/ydlidar_ros2_driver_node.cpp:23\x1b[m\x1b[K:\n'}
[8.465282] (ydlidar_ros2_driver) StderrLine: {'line': b'\x1b[01m\x1b[K/opt/ros/humble/include/rclcpp/rclcpp/node.hpp:434:3:\x1b[m\x1b[K \x1b[01;36m\x1b[Knote: \x1b[m\x1b[Kcandidate: \xe2\x80\x98\x1b[01m\x1b[Ktemplate<class ParameterT> auto rclcpp::Node::declare_parameter(const string&, const ParameterDescriptor&, bool)\x1b[m\x1b[K\xe2\x80\x99\n'}
[8.465738] (ydlidar_ros2_driver) StderrLine: {'line': b'  434 |   \x1b[01;36m\x1b[Kdeclare_parameter\x1b[m\x1b[K(\n'}
[8.466080] (ydlidar_ros2_driver) StderrLine: {'line': b'      |   \x1b[01;36m\x1b[K^~~~~~~~~~~~~~~~~\x1b[m\x1b[K\n'}
[8.466326] (ydlidar_ros2_driver) StderrLine: {'line': b'\x1b[01m\x1b[K/opt/ros/humble/include/rclcpp/rclcpp/node.hpp:434:3:\x1b[m\x1b[K \x1b[01;36m\x1b[Knote: \x1b[m\x1b[K  template argument deduction/substitution failed:\n'}
[8.466814] (ydlidar_ros2_driver) StderrLine: {'line': b'\x1b[01m\x1b[K/home/geonmo/ydlidar_ws/src/ydlidar_ros2_driver/src/ydlidar_ros2_driver_node.cpp:44:26:\x1b[m\x1b[K \x1b[01;36m\x1b[Knote: \x1b[m\x1b[K  couldn\xe2\x80\x99t deduce template parameter \xe2\x80\x98\x1b[01m\x1b[KParameterT\x1b[m\x1b[K\xe2\x80\x99\n'}
[8.467249] (ydlidar_ros2_driver) StderrLine: {'line': b'   44 |   \x1b[01;36m\x1b[Knode->declare_parameter("port")\x1b[m\x1b[K;\n'}
[8.467517] (ydlidar_ros2_driver) StderrLine: {'line': b'      |   \x1b[01;36m\x1b[K~~~~~~~~~~~~~~~~~~~~~~~^~~~~~~~\x1b[m\x1b[K\n'}
[8.467842] (ydlidar_ros2_driver) StderrLine: {'line': b'In file included from \x1b[01m\x1b[K/opt/ros/humble/include/rclcpp/rclcpp/executors/single_threaded_executor.hpp:28\x1b[m\x1b[K,\n'}
[8.468276] (ydlidar_ros2_driver) StderrLine: {'line': b'                 from \x1b[01m\x1b[K/opt/ros/humble/include/rclcpp/rclcpp/executors.hpp:22\x1b[m\x1b[K,\n'}
[8.468412] (ydlidar_ros2_driver) StderrLine: {'line': b'                 from \x1b[01m\x1b[K/opt/ros/humble/include/rclcpp/rclcpp/rclcpp.hpp:155\x1b[m\x1b[K,\n'}
[8.468849] (ydlidar_ros2_driver) StderrLine: {'line': b'                 from \x1b[01m\x1b[K/home/geonmo/ydlidar_ws/src/ydlidar_ros2_driver/src/ydlidar_ros2_driver_node.cpp:23\x1b[m\x1b[K:\n'}
[8.469286] (ydlidar_ros2_driver) StderrLine: {'line': b'\x1b[01m\x1b[K/opt/ros/humble/include/rclcpp/rclcpp/node.hpp:366:3:\x1b[m\x1b[K \x1b[01;36m\x1b[Knote: \x1b[m\x1b[Kcandidate: \xe2\x80\x98\x1b[01m\x1b[Kconst rclcpp::ParameterValue& rclcpp::Node::declare_parameter(const string&, const rclcpp::ParameterValue&, const ParameterDescriptor&, bool)\x1b[m\x1b[K\xe2\x80\x99\n'}
[8.469630] (ydlidar_ros2_driver) StderrLine: {'line': b'  366 |   \x1b[01;36m\x1b[Kdeclare_parameter\x1b[m\x1b[K(\n'}
[8.469885] (ydlidar_ros2_driver) StderrLine: {'line': b'      |   \x1b[01;36m\x1b[K^~~~~~~~~~~~~~~~~\x1b[m\x1b[K\n'}
[8.470236] (ydlidar_ros2_driver) StderrLine: {'line': b'\x1b[01m\x1b[K/opt/ros/humble/include/rclcpp/rclcpp/node.hpp:366:3:\x1b[m\x1b[K \x1b[01;36m\x1b[Knote: \x1b[m\x1b[K  candidate expects 4 arguments, 1 provided\n'}
[8.470508] (ydlidar_ros2_driver) StderrLine: {'line': b'\x1b[01m\x1b[K/opt/ros/humble/include/rclcpp/rclcpp/node.hpp:391:3:\x1b[m\x1b[K \x1b[01;36m\x1b[Knote: \x1b[m\x1b[Kcandidate: \xe2\x80\x98\x1b[01m\x1b[Kconst rclcpp::ParameterValue& rclcpp::Node::declare_parameter(const string&, rclcpp::ParameterType, const ParameterDescriptor&, bool)\x1b[m\x1b[K\xe2\x80\x99\n'}
[8.470913] (ydlidar_ros2_driver) StderrLine: {'line': b'  391 |   \x1b[01;36m\x1b[Kdeclare_parameter\x1b[m\x1b[K(\n'}
[8.471415] (ydlidar_ros2_driver) StderrLine: {'line': b'      |   \x1b[01;36m\x1b[K^~~~~~~~~~~~~~~~~\x1b[m\x1b[K\n'}
[8.471852] (ydlidar_ros2_driver) StderrLine: {'line': b'\x1b[01m\x1b[K/opt/ros/humble/include/rclcpp/rclcpp/node.hpp:391:3:\x1b[m\x1b[K \x1b[01;36m\x1b[Knote: \x1b[m\x1b[K  candidate expects 4 arguments, 1 provided\n'}
[8.472116] (ydlidar_ros2_driver) StderrLine: {'line': b'\x1b[01m\x1b[K/home/geonmo/ydlidar_ws/src/ydlidar_ros2_driver/src/ydlidar_ros2_driver_node.cpp:51:26:\x1b[m\x1b[K \x1b[01;31m\x1b[Kerror: \x1b[m\x1b[Kno matching function for call to \xe2\x80\x98\x1b[01m\x1b[Krclcpp::Node::declare_parameter(const char [13])\x1b[m\x1b[K\xe2\x80\x99\n'}
[8.472450] (ydlidar_ros2_driver) StderrLine: {'line': b'   51 |   \x1b[01;31m\x1b[Knode->declare_parameter("ignore_array")\x1b[m\x1b[K;\n'}
[8.472892] (ydlidar_ros2_driver) StderrLine: {'line': b'      |   \x1b[01;31m\x1b[K~~~~~~~~~~~~~~~~~~~~~~~^~~~~~~~~~~~~~~~\x1b[m\x1b[K\n'}
[8.473155] (ydlidar_ros2_driver) StderrLine: {'line': b'In file included from \x1b[01m\x1b[K/opt/ros/humble/include/rclcpp/rclcpp/executors/single_threaded_executor.hpp:28\x1b[m\x1b[K,\n'}
[8.473444] (ydlidar_ros2_driver) StderrLine: {'line': b'                 from \x1b[01m\x1b[K/opt/ros/humble/include/rclcpp/rclcpp/executors.hpp:22\x1b[m\x1b[K,\n'}
[8.473573] (ydlidar_ros2_driver) StderrLine: {'line': b'                 from \x1b[01m\x1b[K/opt/ros/humble/include/rclcpp/rclcpp/rclcpp.hpp:155\x1b[m\x1b[K,\n'}
[8.473720] (ydlidar_ros2_driver) StderrLine: {'line': b'                 from \x1b[01m\x1b[K/home/geonmo/ydlidar_ws/src/ydlidar_ros2_driver/src/ydlidar_ros2_driver_node.cpp:23\x1b[m\x1b[K:\n'}
[8.473844] (ydlidar_ros2_driver) StderrLine: {'line': b'\x1b[01m\x1b[K/opt/ros/humble/include/rclcpp/rclcpp/node.hpp:421:3:\x1b[m\x1b[K \x1b[01;36m\x1b[Knote: \x1b[m\x1b[Kcandidate: \xe2\x80\x98\x1b[01m\x1b[Ktemplate<class ParameterT> auto rclcpp::Node::declare_parameter(const string&, const ParameterT&, const ParameterDescriptor&, bool)\x1b[m\x1b[K\xe2\x80\x99\n'}
[8.473970] (ydlidar_ros2_driver) StderrLine: {'line': b'  421 |   \x1b[01;36m\x1b[Kdeclare_parameter\x1b[m\x1b[K(\n'}
[8.474090] (ydlidar_ros2_driver) StderrLine: {'line': b'      |   \x1b[01;36m\x1b[K^~~~~~~~~~~~~~~~~\x1b[m\x1b[K\n'}
[8.474208] (ydlidar_ros2_driver) StderrLine: {'line': b'\x1b[01m\x1b[K/opt/ros/humble/include/rclcpp/rclcpp/node.hpp:421:3:\x1b[m\x1b[K \x1b[01;36m\x1b[Knote: \x1b[m\x1b[K  template argument deduction/substitution failed:\n'}
[8.474328] (ydlidar_ros2_driver) StderrLine: {'line': b'\x1b[01m\x1b[K/home/geonmo/ydlidar_ws/src/ydlidar_ros2_driver/src/ydlidar_ros2_driver_node.cpp:51:26:\x1b[m\x1b[K \x1b[01;36m\x1b[Knote: \x1b[m\x1b[K  candidate expects 4 arguments, 1 provided\n'}
[8.474449] (ydlidar_ros2_driver) StderrLine: {'line': b'   51 |   \x1b[01;36m\x1b[Knode->declare_parameter("ignore_array")\x1b[m\x1b[K;\n'}
[8.474567] (ydlidar_ros2_driver) StderrLine: {'line': b'      |   \x1b[01;36m\x1b[K~~~~~~~~~~~~~~~~~~~~~~~^~~~~~~~~~~~~~~~\x1b[m\x1b[K\n'}
[8.474682] (ydlidar_ros2_driver) StderrLine: {'line': b'In file included from \x1b[01m\x1b[K/opt/ros/humble/include/rclcpp/rclcpp/executors/single_threaded_executor.hpp:28\x1b[m\x1b[K,\n'}
[8.474801] (ydlidar_ros2_driver) StderrLine: {'line': b'                 from \x1b[01m\x1b[K/opt/ros/humble/include/rclcpp/rclcpp/executors.hpp:22\x1b[m\x1b[K,\n'}
[8.474917] (ydlidar_ros2_driver) StderrLine: {'line': b'                 from \x1b[01m\x1b[K/opt/ros/humble/include/rclcpp/rclcpp/rclcpp.hpp:155\x1b[m\x1b[K,\n'}
[8.475033] (ydlidar_ros2_driver) StderrLine: {'line': b'                 from \x1b[01m\x1b[K/home/geonmo/ydlidar_ws/src/ydlidar_ros2_driver/src/ydlidar_ros2_driver_node.cpp:23\x1b[m\x1b[K:\n'}
[8.475151] (ydlidar_ros2_driver) StderrLine: {'line': b'\x1b[01m\x1b[K/opt/ros/humble/include/rclcpp/rclcpp/node.hpp:434:3:\x1b[m\x1b[K \x1b[01;36m\x1b[Knote: \x1b[m\x1b[Kcandidate: \xe2\x80\x98\x1b[01m\x1b[Ktemplate<class ParameterT> auto rclcpp::Node::declare_parameter(const string&, const ParameterDescriptor&, bool)\x1b[m\x1b[K\xe2\x80\x99\n'}
[8.475274] (ydlidar_ros2_driver) StderrLine: {'line': b'  434 |   \x1b[01;36m\x1b[Kdeclare_parameter\x1b[m\x1b[K(\n'}
[8.475391] (ydlidar_ros2_driver) StderrLine: {'line': b'      |   \x1b[01;36m\x1b[K^~~~~~~~~~~~~~~~~\x1b[m\x1b[K\n'}
[8.475504] (ydlidar_ros2_driver) StderrLine: {'line': b'\x1b[01m\x1b[K/opt/ros/humble/include/rclcpp/rclcpp/node.hpp:434:3:\x1b[m\x1b[K \x1b[01;36m\x1b[Knote: \x1b[m\x1b[K  template argument deduction/substitution failed:\n'}
[8.475621] (ydlidar_ros2_driver) StderrLine: {'line': b'\x1b[01m\x1b[K/home/geonmo/ydlidar_ws/src/ydlidar_ros2_driver/src/ydlidar_ros2_driver_node.cpp:51:26:\x1b[m\x1b[K \x1b[01;36m\x1b[Knote: \x1b[m\x1b[K  couldn\xe2\x80\x99t deduce template parameter \xe2\x80\x98\x1b[01m\x1b[KParameterT\x1b[m\x1b[K\xe2\x80\x99\n'}
[8.475738] (ydlidar_ros2_driver) StderrLine: {'line': b'   51 |   \x1b[01;36m\x1b[Knode->declare_parameter("ignore_array")\x1b[m\x1b[K;\n'}
[8.475918] (ydlidar_ros2_driver) StderrLine: {'line': b'      |   \x1b[01;36m\x1b[K~~~~~~~~~~~~~~~~~~~~~~~^~~~~~~~~~~~~~~~\x1b[m\x1b[K\n'}
[8.476040] (ydlidar_ros2_driver) StderrLine: {'line': b'In file included from \x1b[01m\x1b[K/opt/ros/humble/include/rclcpp/rclcpp/executors/single_threaded_executor.hpp:28\x1b[m\x1b[K,\n'}
[8.476184] (ydlidar_ros2_driver) StderrLine: {'line': b'                 from \x1b[01m\x1b[K/opt/ros/humble/include/rclcpp/rclcpp/executors.hpp:22\x1b[m\x1b[K,\n'}
[8.476308] (ydlidar_ros2_driver) StderrLine: {'line': b'                 from \x1b[01m\x1b[K/opt/ros/humble/include/rclcpp/rclcpp/rclcpp.hpp:155\x1b[m\x1b[K,\n'}
[8.476427] (ydlidar_ros2_driver) StderrLine: {'line': b'                 from \x1b[01m\x1b[K/home/geonmo/ydlidar_ws/src/ydlidar_ros2_driver/src/ydlidar_ros2_driver_node.cpp:23\x1b[m\x1b[K:\n'}
[8.476545] (ydlidar_ros2_driver) StderrLine: {'line': b'\x1b[01m\x1b[K/opt/ros/humble/include/rclcpp/rclcpp/node.hpp:366:3:\x1b[m\x1b[K \x1b[01;36m\x1b[Knote: \x1b[m\x1b[Kcandidate: \xe2\x80\x98\x1b[01m\x1b[Kconst rclcpp::ParameterValue& rclcpp::Node::declare_parameter(const string&, const rclcpp::ParameterValue&, const ParameterDescriptor&, bool)\x1b[m\x1b[K\xe2\x80\x99\n'}
[8.476669] (ydlidar_ros2_driver) StderrLine: {'line': b'  366 |   \x1b[01;36m\x1b[Kdeclare_parameter\x1b[m\x1b[K(\n'}
[8.476786] (ydlidar_ros2_driver) StderrLine: {'line': b'      |   \x1b[01;36m\x1b[K^~~~~~~~~~~~~~~~~\x1b[m\x1b[K\n'}
[8.476901] (ydlidar_ros2_driver) StderrLine: {'line': b'\x1b[01m\x1b[K/opt/ros/humble/include/rclcpp/rclcpp/node.hpp:366:3:\x1b[m\x1b[K \x1b[01;36m\x1b[Knote: \x1b[m\x1b[K  candidate expects 4 arguments, 1 provided\n'}
[8.477018] (ydlidar_ros2_driver) StderrLine: {'line': b'\x1b[01m\x1b[K/opt/ros/humble/include/rclcpp/rclcpp/node.hpp:391:3:\x1b[m\x1b[K \x1b[01;36m\x1b[Knote: \x1b[m\x1b[Kcandidate: \xe2\x80\x98\x1b[01m\x1b[Kconst rclcpp::ParameterValue& rclcpp::Node::declare_parameter(const string&, rclcpp::ParameterType, const ParameterDescriptor&, bool)\x1b[m\x1b[K\xe2\x80\x99\n'}
[8.477158] (ydlidar_ros2_driver) StderrLine: {'line': b'  391 |   \x1b[01;36m\x1b[Kdeclare_parameter\x1b[m\x1b[K(\n'}
[8.477276] (ydlidar_ros2_driver) StderrLine: {'line': b'      |   \x1b[01;36m\x1b[K^~~~~~~~~~~~~~~~~\x1b[m\x1b[K\n'}
[8.477396] (ydlidar_ros2_driver) StderrLine: {'line': b'\x1b[01m\x1b[K/opt/ros/humble/include/rclcpp/rclcpp/node.hpp:391:3:\x1b[m\x1b[K \x1b[01;36m\x1b[Knote: \x1b[m\x1b[K  candidate expects 4 arguments, 1 provided\n'}
[8.477513] (ydlidar_ros2_driver) StderrLine: {'line': b'\x1b[01m\x1b[K/home/geonmo/ydlidar_ws/src/ydlidar_ros2_driver/src/ydlidar_ros2_driver_node.cpp:56:26:\x1b[m\x1b[K \x1b[01;31m\x1b[Kerror: \x1b[m\x1b[Kno matching function for call to \xe2\x80\x98\x1b[01m\x1b[Krclcpp::Node::declare_parameter(const char [9])\x1b[m\x1b[K\xe2\x80\x99\n'}
[8.477636] (ydlidar_ros2_driver) StderrLine: {'line': b'   56 |   \x1b[01;31m\x1b[Knode->declare_parameter("frame_id")\x1b[m\x1b[K;\n'}
[8.477753] (ydlidar_ros2_driver) StderrLine: {'line': b'      |   \x1b[01;31m\x1b[K~~~~~~~~~~~~~~~~~~~~~~~^~~~~~~~~~~~\x1b[m\x1b[K\n'}
[8.477871] (ydlidar_ros2_driver) StderrLine: {'line': b'In file included from \x1b[01m\x1b[K/opt/ros/humble/include/rclcpp/rclcpp/executors/single_threaded_executor.hpp:28\x1b[m\x1b[K,\n'}
[8.477989] (ydlidar_ros2_driver) StderrLine: {'line': b'                 from \x1b[01m\x1b[K/opt/ros/humble/include/rclcpp/rclcpp/executors.hpp:22\x1b[m\x1b[K,\n'}
[8.478126] (ydlidar_ros2_driver) StderrLine: {'line': b'                 from \x1b[01m\x1b[K/opt/ros/humble/include/rclcpp/rclcpp/rclcpp.hpp:155\x1b[m\x1b[K,\n'}
[8.478243] (ydlidar_ros2_driver) StderrLine: {'line': b'                 from \x1b[01m\x1b[K/home/geonmo/ydlidar_ws/src/ydlidar_ros2_driver/src/ydlidar_ros2_driver_node.cpp:23\x1b[m\x1b[K:\n'}
[8.478360] (ydlidar_ros2_driver) StderrLine: {'line': b'\x1b[01m\x1b[K/opt/ros/humble/include/rclcpp/rclcpp/node.hpp:421:3:\x1b[m\x1b[K \x1b[01;36m\x1b[Knote: \x1b[m\x1b[Kcandidate: \xe2\x80\x98\x1b[01m\x1b[Ktemplate<class ParameterT> auto rclcpp::Node::declare_parameter(const string&, const ParameterT&, const ParameterDescriptor&, bool)\x1b[m\x1b[K\xe2\x80\x99\n'}
[8.478496] (ydlidar_ros2_driver) StderrLine: {'line': b'  421 |   \x1b[01;36m\x1b[Kdeclare_parameter\x1b[m\x1b[K(\n'}
[8.478615] (ydlidar_ros2_driver) StderrLine: {'line': b'      |   \x1b[01;36m\x1b[K^~~~~~~~~~~~~~~~~\x1b[m\x1b[K\n'}
[8.478732] (ydlidar_ros2_driver) StderrLine: {'line': b'\x1b[01m\x1b[K/opt/ros/humble/include/rclcpp/rclcpp/node.hpp:421:3:\x1b[m\x1b[K \x1b[01;36m\x1b[Knote: \x1b[m\x1b[K  template argument deduction/substitution failed:\n'}
[8.478847] (ydlidar_ros2_driver) StderrLine: {'line': b'\x1b[01m\x1b[K/home/geonmo/ydlidar_ws/src/ydlidar_ros2_driver/src/ydlidar_ros2_driver_node.cpp:56:26:\x1b[m\x1b[K \x1b[01;36m\x1b[Knote: \x1b[m\x1b[K  candidate expects 4 arguments, 1 provided\n'}
[8.478968] (ydlidar_ros2_driver) StderrLine: {'line': b'   56 |   \x1b[01;36m\x1b[Knode->declare_parameter("frame_id")\x1b[m\x1b[K;\n'}
[8.479085] (ydlidar_ros2_driver) StderrLine: {'line': b'      |   \x1b[01;36m\x1b[K~~~~~~~~~~~~~~~~~~~~~~~^~~~~~~~~~~~\x1b[m\x1b[K\n'}
[8.479203] (ydlidar_ros2_driver) StderrLine: {'line': b'In file included from \x1b[01m\x1b[K/opt/ros/humble/include/rclcpp/rclcpp/executors/single_threaded_executor.hpp:28\x1b[m\x1b[K,\n'}
[8.479322] (ydlidar_ros2_driver) StderrLine: {'line': b'                 from \x1b[01m\x1b[K/opt/ros/humble/include/rclcpp/rclcpp/executors.hpp:22\x1b[m\x1b[K,\n'}
[8.479438] (ydlidar_ros2_driver) StderrLine: {'line': b'                 from \x1b[01m\x1b[K/opt/ros/humble/include/rclcpp/rclcpp/rclcpp.hpp:155\x1b[m\x1b[K,\n'}
[8.479550] (ydlidar_ros2_driver) StderrLine: {'line': b'                 from \x1b[01m\x1b[K/home/geonmo/ydlidar_ws/src/ydlidar_ros2_driver/src/ydlidar_ros2_driver_node.cpp:23\x1b[m\x1b[K:\n'}
[8.479665] (ydlidar_ros2_driver) StderrLine: {'line': b'\x1b[01m\x1b[K/opt/ros/humble/include/rclcpp/rclcpp/node.hpp:434:3:\x1b[m\x1b[K \x1b[01;36m\x1b[Knote: \x1b[m\x1b[Kcandidate: \xe2\x80\x98\x1b[01m\x1b[Ktemplate<class ParameterT> auto rclcpp::Node::declare_parameter(const string&, const ParameterDescriptor&, bool)\x1b[m\x1b[K\xe2\x80\x99\n'}
[8.479786] (ydlidar_ros2_driver) StderrLine: {'line': b'  434 |   \x1b[01;36m\x1b[Kdeclare_parameter\x1b[m\x1b[K(\n'}
[8.479936] (ydlidar_ros2_driver) StderrLine: {'line': b'      |   \x1b[01;36m\x1b[K^~~~~~~~~~~~~~~~~\x1b[m\x1b[K\n'}
[8.480052] (ydlidar_ros2_driver) StderrLine: {'line': b'\x1b[01m\x1b[K/opt/ros/humble/include/rclcpp/rclcpp/node.hpp:434:3:\x1b[m\x1b[K \x1b[01;36m\x1b[Knote: \x1b[m\x1b[K  template argument deduction/substitution failed:\n'}
[8.480170] (ydlidar_ros2_driver) StderrLine: {'line': b'\x1b[01m\x1b[K/home/geonmo/ydlidar_ws/src/ydlidar_ros2_driver/src/ydlidar_ros2_driver_node.cpp:56:26:\x1b[m\x1b[K \x1b[01;36m\x1b[Knote: \x1b[m\x1b[K  couldn\xe2\x80\x99t deduce template parameter \xe2\x80\x98\x1b[01m\x1b[KParameterT\x1b[m\x1b[K\xe2\x80\x99\n'}
[8.480307] (ydlidar_ros2_driver) StderrLine: {'line': b'   56 |   \x1b[01;36m\x1b[Knode->declare_parameter("frame_id")\x1b[m\x1b[K;\n'}
[8.480427] (ydlidar_ros2_driver) StderrLine: {'line': b'      |   \x1b[01;36m\x1b[K~~~~~~~~~~~~~~~~~~~~~~~^~~~~~~~~~~~\x1b[m\x1b[K\n'}
[8.480543] (ydlidar_ros2_driver) StderrLine: {'line': b'In file included from \x1b[01m\x1b[K/opt/ros/humble/include/rclcpp/rclcpp/executors/single_threaded_executor.hpp:28\x1b[m\x1b[K,\n'}
[8.480657] (ydlidar_ros2_driver) StderrLine: {'line': b'                 from \x1b[01m\x1b[K/opt/ros/humble/include/rclcpp/rclcpp/executors.hpp:22\x1b[m\x1b[K,\n'}
[8.480772] (ydlidar_ros2_driver) StderrLine: {'line': b'                 from \x1b[01m\x1b[K/opt/ros/humble/include/rclcpp/rclcpp/rclcpp.hpp:155\x1b[m\x1b[K,\n'}
[8.480886] (ydlidar_ros2_driver) StderrLine: {'line': b'                 from \x1b[01m\x1b[K/home/geonmo/ydlidar_ws/src/ydlidar_ros2_driver/src/ydlidar_ros2_driver_node.cpp:23\x1b[m\x1b[K:\n'}
[8.481001] (ydlidar_ros2_driver) StderrLine: {'line': b'\x1b[01m\x1b[K/opt/ros/humble/include/rclcpp/rclcpp/node.hpp:366:3:\x1b[m\x1b[K \x1b[01;36m\x1b[Knote: \x1b[m\x1b[Kcandidate: \xe2\x80\x98\x1b[01m\x1b[Kconst rclcpp::ParameterValue& rclcpp::Node::declare_parameter(const string&, const rclcpp::ParameterValue&, const ParameterDescriptor&, bool)\x1b[m\x1b[K\xe2\x80\x99\n'}
[8.481145] (ydlidar_ros2_driver) StderrLine: {'line': b'  366 |   \x1b[01;36m\x1b[Kdeclare_parameter\x1b[m\x1b[K(\n'}
[8.481263] (ydlidar_ros2_driver) StderrLine: {'line': b'      |   \x1b[01;36m\x1b[K^~~~~~~~~~~~~~~~~\x1b[m\x1b[K\n'}
[8.481377] (ydlidar_ros2_driver) StderrLine: {'line': b'\x1b[01m\x1b[K/opt/ros/humble/include/rclcpp/rclcpp/node.hpp:366:3:\x1b[m\x1b[K \x1b[01;36m\x1b[Knote: \x1b[m\x1b[K  candidate expects 4 arguments, 1 provided\n'}
[8.481492] (ydlidar_ros2_driver) StderrLine: {'line': b'\x1b[01m\x1b[K/opt/ros/humble/include/rclcpp/rclcpp/node.hpp:391:3:\x1b[m\x1b[K \x1b[01;36m\x1b[Knote: \x1b[m\x1b[Kcandidate: \xe2\x80\x98\x1b[01m\x1b[Kconst rclcpp::ParameterValue& rclcpp::Node::declare_parameter(const string&, rclcpp::ParameterType, const ParameterDescriptor&, bool)\x1b[m\x1b[K\xe2\x80\x99\n'}
[8.481629] (ydlidar_ros2_driver) StderrLine: {'line': b'  391 |   \x1b[01;36m\x1b[Kdeclare_parameter\x1b[m\x1b[K(\n'}
[8.481749] (ydlidar_ros2_driver) StderrLine: {'line': b'      |   \x1b[01;36m\x1b[K^~~~~~~~~~~~~~~~~\x1b[m\x1b[K\n'}
[8.481863] (ydlidar_ros2_driver) StderrLine: {'line': b'\x1b[01m\x1b[K/opt/ros/humble/include/rclcpp/rclcpp/node.hpp:391:3:\x1b[m\x1b[K \x1b[01;36m\x1b[Knote: \x1b[m\x1b[K  candidate expects 4 arguments, 1 provided\n'}
[8.481979] (ydlidar_ros2_driver) StderrLine: {'line': b'\x1b[01m\x1b[K/home/geonmo/ydlidar_ws/src/ydlidar_ros2_driver/src/ydlidar_ros2_driver_node.cpp:62:26:\x1b[m\x1b[K \x1b[01;31m\x1b[Kerror: \x1b[m\x1b[Kno matching function for call to \xe2\x80\x98\x1b[01m\x1b[Krclcpp::Node::declare_parameter(const char [9])\x1b[m\x1b[K\xe2\x80\x99\n'}
[8.482094] (ydlidar_ros2_driver) StderrLine: {'line': b'   62 |   \x1b[01;31m\x1b[Knode->declare_parameter("baudrate")\x1b[m\x1b[K;\n'}
[8.482207] (ydlidar_ros2_driver) StderrLine: {'line': b'      |   \x1b[01;31m\x1b[K~~~~~~~~~~~~~~~~~~~~~~~^~~~~~~~~~~~\x1b[m\x1b[K\n'}
[8.482323] (ydlidar_ros2_driver) StderrLine: {'line': b'In file included from \x1b[01m\x1b[K/opt/ros/humble/include/rclcpp/rclcpp/executors/single_threaded_executor.hpp:28\x1b[m\x1b[K,\n'}
[8.482456] (ydlidar_ros2_driver) StderrLine: {'line': b'                 from \x1b[01m\x1b[K/opt/ros/humble/include/rclcpp/rclcpp/executors.hpp:22\x1b[m\x1b[K,\n'}
[8.482574] (ydlidar_ros2_driver) StderrLine: {'line': b'                 from \x1b[01m\x1b[K/opt/ros/humble/include/rclcpp/rclcpp/rclcpp.hpp:155\x1b[m\x1b[K,\n'}
[8.482691] (ydlidar_ros2_driver) StderrLine: {'line': b'                 from \x1b[01m\x1b[K/home/geonmo/ydlidar_ws/src/ydlidar_ros2_driver/src/ydlidar_ros2_driver_node.cpp:23\x1b[m\x1b[K:\n'}
[8.482806] (ydlidar_ros2_driver) StderrLine: {'line': b'\x1b[01m\x1b[K/opt/ros/humble/include/rclcpp/rclcpp/node.hpp:421:3:\x1b[m\x1b[K \x1b[01;36m\x1b[Knote: \x1b[m\x1b[Kcandidate: \xe2\x80\x98\x1b[01m\x1b[Ktemplate<class ParameterT> auto rclcpp::Node::declare_parameter(const string&, const ParameterT&, const ParameterDescriptor&, bool)\x1b[m\x1b[K\xe2\x80\x99\n'}
[8.482926] (ydlidar_ros2_driver) StderrLine: {'line': b'  421 |   \x1b[01;36m\x1b[Kdeclare_parameter\x1b[m\x1b[K(\n'}
[8.483040] (ydlidar_ros2_driver) StderrLine: {'line': b'      |   \x1b[01;36m\x1b[K^~~~~~~~~~~~~~~~~\x1b[m\x1b[K\n'}
[8.483154] (ydlidar_ros2_driver) StderrLine: {'line': b'\x1b[01m\x1b[K/opt/ros/humble/include/rclcpp/rclcpp/node.hpp:421:3:\x1b[m\x1b[K \x1b[01;36m\x1b[Knote: \x1b[m\x1b[K  template argument deduction/substitution failed:\n'}
[8.483270] (ydlidar_ros2_driver) StderrLine: {'line': b'\x1b[01m\x1b[K/home/geonmo/ydlidar_ws/src/ydlidar_ros2_driver/src/ydlidar_ros2_driver_node.cpp:62:26:\x1b[m\x1b[K \x1b[01;36m\x1b[Knote: \x1b[m\x1b[K  candidate expects 4 arguments, 1 provided\n'}
[8.483389] (ydlidar_ros2_driver) StderrLine: {'line': b'   62 |   \x1b[01;36m\x1b[Knode->declare_parameter("baudrate")\x1b[m\x1b[K;\n'}
[8.483519] (ydlidar_ros2_driver) StderrLine: {'line': b'      |   \x1b[01;36m\x1b[K~~~~~~~~~~~~~~~~~~~~~~~^~~~~~~~~~~~\x1b[m\x1b[K\n'}
[8.483635] (ydlidar_ros2_driver) StderrLine: {'line': b'In file included from \x1b[01m\x1b[K/opt/ros/humble/include/rclcpp/rclcpp/executors/single_threaded_executor.hpp:28\x1b[m\x1b[K,\n'}
[8.483751] (ydlidar_ros2_driver) StderrLine: {'line': b'                 from \x1b[01m\x1b[K/opt/ros/humble/include/rclcpp/rclcpp/executors.hpp:22\x1b[m\x1b[K,\n'}
[8.483899] (ydlidar_ros2_driver) StderrLine: {'line': b'                 from \x1b[01m\x1b[K/opt/ros/humble/include/rclcpp/rclcpp/rclcpp.hpp:155\x1b[m\x1b[K,\n'}
[8.484022] (ydlidar_ros2_driver) StderrLine: {'line': b'                 from \x1b[01m\x1b[K/home/geonmo/ydlidar_ws/src/ydlidar_ros2_driver/src/ydlidar_ros2_driver_node.cpp:23\x1b[m\x1b[K:\n'}
[8.484142] (ydlidar_ros2_driver) StderrLine: {'line': b'\x1b[01m\x1b[K/opt/ros/humble/include/rclcpp/rclcpp/node.hpp:434:3:\x1b[m\x1b[K \x1b[01;36m\x1b[Knote: \x1b[m\x1b[Kcandidate: \xe2\x80\x98\x1b[01m\x1b[Ktemplate<class ParameterT> auto rclcpp::Node::declare_parameter(const string&, const ParameterDescriptor&, bool)\x1b[m\x1b[K\xe2\x80\x99\n'}
[8.484276] (ydlidar_ros2_driver) StderrLine: {'line': b'  434 |   \x1b[01;36m\x1b[Kdeclare_parameter\x1b[m\x1b[K(\n'}
[8.484393] (ydlidar_ros2_driver) StderrLine: {'line': b'      |   \x1b[01;36m\x1b[K^~~~~~~~~~~~~~~~~\x1b[m\x1b[K\n'}
[8.484509] (ydlidar_ros2_driver) StderrLine: {'line': b'\x1b[01m\x1b[K/opt/ros/humble/include/rclcpp/rclcpp/node.hpp:434:3:\x1b[m\x1b[K \x1b[01;36m\x1b[Knote: \x1b[m\x1b[K  template argument deduction/substitution failed:\n'}
[8.484629] (ydlidar_ros2_driver) StderrLine: {'line': b'\x1b[01m\x1b[K/home/geonmo/ydlidar_ws/src/ydlidar_ros2_driver/src/ydlidar_ros2_driver_node.cpp:62:26:\x1b[m\x1b[K \x1b[01;36m\x1b[Knote: \x1b[m\x1b[K  couldn\xe2\x80\x99t deduce template parameter \xe2\x80\x98\x1b[01m\x1b[KParameterT\x1b[m\x1b[K\xe2\x80\x99\n'}
[8.484750] (ydlidar_ros2_driver) StderrLine: {'line': b'   62 |   \x1b[01;36m\x1b[Knode->declare_parameter("baudrate")\x1b[m\x1b[K;\n'}
[8.484867] (ydlidar_ros2_driver) StderrLine: {'line': b'      |   \x1b[01;36m\x1b[K~~~~~~~~~~~~~~~~~~~~~~~^~~~~~~~~~~~\x1b[m\x1b[K\n'}
[8.484982] (ydlidar_ros2_driver) StderrLine: {'line': b'In file included from \x1b[01m\x1b[K/opt/ros/humble/include/rclcpp/rclcpp/executors/single_threaded_executor.hpp:28\x1b[m\x1b[K,\n'}
[8.485097] (ydlidar_ros2_driver) StderrLine: {'line': b'                 from \x1b[01m\x1b[K/opt/ros/humble/include/rclcpp/rclcpp/executors.hpp:22\x1b[m\x1b[K,\n'}
[8.485209] (ydlidar_ros2_driver) StderrLine: {'line': b'                 from \x1b[01m\x1b[K/opt/ros/humble/include/rclcpp/rclcpp/rclcpp.hpp:155\x1b[m\x1b[K,\n'}
[8.485322] (ydlidar_ros2_driver) StderrLine: {'line': b'                 from \x1b[01m\x1b[K/home/geonmo/ydlidar_ws/src/ydlidar_ros2_driver/src/ydlidar_ros2_driver_node.cpp:23\x1b[m\x1b[K:\n'}
[8.485438] (ydlidar_ros2_driver) StderrLine: {'line': b'\x1b[01m\x1b[K/opt/ros/humble/include/rclcpp/rclcpp/node.hpp:366:3:\x1b[m\x1b[K \x1b[01;36m\x1b[Knote: \x1b[m\x1b[Kcandidate: \xe2\x80\x98\x1b[01m\x1b[Kconst rclcpp::ParameterValue& rclcpp::Node::declare_parameter(const string&, const rclcpp::ParameterValue&, const ParameterDescriptor&, bool)\x1b[m\x1b[K\xe2\x80\x99\n'}
[8.485561] (ydlidar_ros2_driver) StderrLine: {'line': b'  366 |   \x1b[01;36m\x1b[Kdeclare_parameter\x1b[m\x1b[K(\n'}
[8.485677] (ydlidar_ros2_driver) StderrLine: {'line': b'      |   \x1b[01;36m\x1b[K^~~~~~~~~~~~~~~~~\x1b[m\x1b[K\n'}
[8.485793] (ydlidar_ros2_driver) StderrLine: {'line': b'\x1b[01m\x1b[K/opt/ros/humble/include/rclcpp/rclcpp/node.hpp:366:3:\x1b[m\x1b[K \x1b[01;36m\x1b[Knote: \x1b[m\x1b[K  candidate expects 4 arguments, 1 provided\n'}
[8.485910] (ydlidar_ros2_driver) StderrLine: {'line': b'\x1b[01m\x1b[K/opt/ros/humble/include/rclcpp/rclcpp/node.hpp:391:3:\x1b[m\x1b[K \x1b[01;36m\x1b[Knote: \x1b[m\x1b[Kcandidate: \xe2\x80\x98\x1b[01m\x1b[Kconst rclcpp::ParameterValue& rclcpp::Node::declare_parameter(const string&, rclcpp::ParameterType, const ParameterDescriptor&, bool)\x1b[m\x1b[K\xe2\x80\x99\n'}
[8.486060] (ydlidar_ros2_driver) StderrLine: {'line': b'  391 |   \x1b[01;36m\x1b[Kdeclare_parameter\x1b[m\x1b[K(\n'}
[8.486177] (ydlidar_ros2_driver) StderrLine: {'line': b'      |   \x1b[01;36m\x1b[K^~~~~~~~~~~~~~~~~\x1b[m\x1b[K\n'}
[8.486294] (ydlidar_ros2_driver) StderrLine: {'line': b'\x1b[01m\x1b[K/opt/ros/humble/include/rclcpp/rclcpp/node.hpp:391:3:\x1b[m\x1b[K \x1b[01;36m\x1b[Knote: \x1b[m\x1b[K  candidate expects 4 arguments, 1 provided\n'}
[8.486413] (ydlidar_ros2_driver) StderrLine: {'line': b'\x1b[01m\x1b[K/home/geonmo/ydlidar_ws/src/ydlidar_ros2_driver/src/ydlidar_ros2_driver_node.cpp:67:26:\x1b[m\x1b[K \x1b[01;31m\x1b[Kerror: \x1b[m\x1b[Kno matching function for call to \xe2\x80\x98\x1b[01m\x1b[Krclcpp::Node::declare_parameter(const char [11])\x1b[m\x1b[K\xe2\x80\x99\n'}
[8.486533] (ydlidar_ros2_driver) StderrLine: {'line': b'   67 |   \x1b[01;31m\x1b[Knode->declare_parameter("lidar_type")\x1b[m\x1b[K;\n'}
[8.486650] (ydlidar_ros2_driver) StderrLine: {'line': b'      |   \x1b[01;31m\x1b[K~~~~~~~~~~~~~~~~~~~~~~~^~~~~~~~~~~~~~\x1b[m\x1b[K\n'}
[8.486766] (ydlidar_ros2_driver) StderrLine: {'line': b'In file included from \x1b[01m\x1b[K/opt/ros/humble/include/rclcpp/rclcpp/executors/single_threaded_executor.hpp:28\x1b[m\x1b[K,\n'}
[8.486897] (ydlidar_ros2_driver) StderrLine: {'line': b'                 from \x1b[01m\x1b[K/opt/ros/humble/include/rclcpp/rclcpp/executors.hpp:22\x1b[m\x1b[K,\n'}
[8.487010] (ydlidar_ros2_driver) StderrLine: {'line': b'                 from \x1b[01m\x1b[K/opt/ros/humble/include/rclcpp/rclcpp/rclcpp.hpp:155\x1b[m\x1b[K,\n'}
[8.487123] (ydlidar_ros2_driver) StderrLine: {'line': b'                 from \x1b[01m\x1b[K/home/geonmo/ydlidar_ws/src/ydlidar_ros2_driver/src/ydlidar_ros2_driver_node.cpp:23\x1b[m\x1b[K:\n'}
[8.487239] (ydlidar_ros2_driver) StderrLine: {'line': b'\x1b[01m\x1b[K/opt/ros/humble/include/rclcpp/rclcpp/node.hpp:421:3:\x1b[m\x1b[K \x1b[01;36m\x1b[Knote: \x1b[m\x1b[Kcandidate: \xe2\x80\x98\x1b[01m\x1b[Ktemplate<class ParameterT> auto rclcpp::Node::declare_parameter(const string&, const ParameterT&, const ParameterDescriptor&, bool)\x1b[m\x1b[K\xe2\x80\x99\n'}
[8.487356] (ydlidar_ros2_driver) StderrLine: {'line': b'  421 |   \x1b[01;36m\x1b[Kdeclare_parameter\x1b[m\x1b[K(\n'}
[8.487471] (ydlidar_ros2_driver) StderrLine: {'line': b'      |   \x1b[01;36m\x1b[K^~~~~~~~~~~~~~~~~\x1b[m\x1b[K\n'}
[8.487586] (ydlidar_ros2_driver) StderrLine: {'line': b'\x1b[01m\x1b[K/opt/ros/humble/include/rclcpp/rclcpp/node.hpp:421:3:\x1b[m\x1b[K \x1b[01;36m\x1b[Knote: \x1b[m\x1b[K  template argument deduction/substitution failed:\n'}
[8.487703] (ydlidar_ros2_driver) StderrLine: {'line': b'\x1b[01m\x1b[K/home/geonmo/ydlidar_ws/src/ydlidar_ros2_driver/src/ydlidar_ros2_driver_node.cpp:67:26:\x1b[m\x1b[K \x1b[01;36m\x1b[Knote: \x1b[m\x1b[K  candidate expects 4 arguments, 1 provided\n'}
[8.487840] (ydlidar_ros2_driver) StderrLine: {'line': b'   67 |   \x1b[01;36m\x1b[Knode->declare_parameter("lidar_type")\x1b[m\x1b[K;\n'}
[8.487963] (ydlidar_ros2_driver) StderrLine: {'line': b'      |   \x1b[01;36m\x1b[K~~~~~~~~~~~~~~~~~~~~~~~^~~~~~~~~~~~~~\x1b[m\x1b[K\n'}
[8.488079] (ydlidar_ros2_driver) StderrLine: {'line': b'In file included from \x1b[01m\x1b[K/opt/ros/humble/include/rclcpp/rclcpp/executors/single_threaded_executor.hpp:28\x1b[m\x1b[K,\n'}
[8.488196] (ydlidar_ros2_driver) StderrLine: {'line': b'                 from \x1b[01m\x1b[K/opt/ros/humble/include/rclcpp/rclcpp/executors.hpp:22\x1b[m\x1b[K,\n'}
[8.488327] (ydlidar_ros2_driver) StderrLine: {'line': b'                 from \x1b[01m\x1b[K/opt/ros/humble/include/rclcpp/rclcpp/rclcpp.hpp:155\x1b[m\x1b[K,\n'}
[8.488447] (ydlidar_ros2_driver) StderrLine: {'line': b'                 from \x1b[01m\x1b[K/home/geonmo/ydlidar_ws/src/ydlidar_ros2_driver/src/ydlidar_ros2_driver_node.cpp:23\x1b[m\x1b[K:\n'}
[8.488565] (ydlidar_ros2_driver) StderrLine: {'line': b'\x1b[01m\x1b[K/opt/ros/humble/include/rclcpp/rclcpp/node.hpp:434:3:\x1b[m\x1b[K \x1b[01;36m\x1b[Knote: \x1b[m\x1b[Kcandidate: \xe2\x80\x98\x1b[01m\x1b[Ktemplate<class ParameterT> auto rclcpp::Node::declare_parameter(const string&, const ParameterDescriptor&, bool)\x1b[m\x1b[K\xe2\x80\x99\n'}
[8.488699] (ydlidar_ros2_driver) StderrLine: {'line': b'  434 |   \x1b[01;36m\x1b[Kdeclare_parameter\x1b[m\x1b[K(\n'}
[8.488814] (ydlidar_ros2_driver) StderrLine: {'line': b'      |   \x1b[01;36m\x1b[K^~~~~~~~~~~~~~~~~\x1b[m\x1b[K\n'}
[8.488928] (ydlidar_ros2_driver) StderrLine: {'line': b'\x1b[01m\x1b[K/opt/ros/humble/include/rclcpp/rclcpp/node.hpp:434:3:\x1b[m\x1b[K \x1b[01;36m\x1b[Knote: \x1b[m\x1b[K  template argument deduction/substitution failed:\n'}
[8.489045] (ydlidar_ros2_driver) StderrLine: {'line': b'\x1b[01m\x1b[K/home/geonmo/ydlidar_ws/src/ydlidar_ros2_driver/src/ydlidar_ros2_driver_node.cpp:67:26:\x1b[m\x1b[K \x1b[01;36m\x1b[Knote: \x1b[m\x1b[K  couldn\xe2\x80\x99t deduce template parameter \xe2\x80\x98\x1b[01m\x1b[KParameterT\x1b[m\x1b[K\xe2\x80\x99\n'}
[8.489164] (ydlidar_ros2_driver) StderrLine: {'line': b'   67 |   \x1b[01;36m\x1b[Knode->declare_parameter("lidar_type")\x1b[m\x1b[K;\n'}
[8.489283] (ydlidar_ros2_driver) StderrLine: {'line': b'      |   \x1b[01;36m\x1b[K~~~~~~~~~~~~~~~~~~~~~~~^~~~~~~~~~~~~~\x1b[m\x1b[K\n'}
[8.489400] (ydlidar_ros2_driver) StderrLine: {'line': b'In file included from \x1b[01m\x1b[K/opt/ros/humble/include/rclcpp/rclcpp/executors/single_threaded_executor.hpp:28\x1b[m\x1b[K,\n'}
[8.489516] (ydlidar_ros2_driver) StderrLine: {'line': b'                 from \x1b[01m\x1b[K/opt/ros/humble/include/rclcpp/rclcpp/executors.hpp:22\x1b[m\x1b[K,\n'}
[8.489633] (ydlidar_ros2_driver) StderrLine: {'line': b'                 from \x1b[01m\x1b[K/opt/ros/humble/include/rclcpp/rclcpp/rclcpp.hpp:155\x1b[m\x1b[K,\n'}
[8.489748] (ydlidar_ros2_driver) StderrLine: {'line': b'                 from \x1b[01m\x1b[K/home/geonmo/ydlidar_ws/src/ydlidar_ros2_driver/src/ydlidar_ros2_driver_node.cpp:23\x1b[m\x1b[K:\n'}
[8.489862] (ydlidar_ros2_driver) StderrLine: {'line': b'\x1b[01m\x1b[K/opt/ros/humble/include/rclcpp/rclcpp/node.hpp:366:3:\x1b[m\x1b[K \x1b[01;36m\x1b[Knote: \x1b[m\x1b[Kcandidate: \xe2\x80\x98\x1b[01m\x1b[Kconst rclcpp::ParameterValue& rclcpp::Node::declare_parameter(const string&, const rclcpp::ParameterValue&, const ParameterDescriptor&, bool)\x1b[m\x1b[K\xe2\x80\x99\n'}
[8.489986] (ydlidar_ros2_driver) StderrLine: {'line': b'  366 |   \x1b[01;36m\x1b[Kdeclare_parameter\x1b[m\x1b[K(\n'}
[8.490100] (ydlidar_ros2_driver) StderrLine: {'line': b'      |   \x1b[01;36m\x1b[K^~~~~~~~~~~~~~~~~\x1b[m\x1b[K\n'}
[8.490216] (ydlidar_ros2_driver) StderrLine: {'line': b'\x1b[01m\x1b[K/opt/ros/humble/include/rclcpp/rclcpp/node.hpp:366:3:\x1b[m\x1b[K \x1b[01;36m\x1b[Knote: \x1b[m\x1b[K  candidate expects 4 arguments, 1 provided\n'}
[8.490332] (ydlidar_ros2_driver) StderrLine: {'line': b'\x1b[01m\x1b[K/opt/ros/humble/include/rclcpp/rclcpp/node.hpp:391:3:\x1b[m\x1b[K \x1b[01;36m\x1b[Knote: \x1b[m\x1b[Kcandidate: \xe2\x80\x98\x1b[01m\x1b[Kconst rclcpp::ParameterValue& rclcpp::Node::declare_parameter(const string&, rclcpp::ParameterType, const ParameterDescriptor&, bool)\x1b[m\x1b[K\xe2\x80\x99\n'}
[8.490481] (ydlidar_ros2_driver) StderrLine: {'line': b'  391 |   \x1b[01;36m\x1b[Kdeclare_parameter\x1b[m\x1b[K(\n'}
[8.490603] (ydlidar_ros2_driver) StderrLine: {'line': b'      |   \x1b[01;36m\x1b[K^~~~~~~~~~~~~~~~~\x1b[m\x1b[K\n'}
[8.490720] (ydlidar_ros2_driver) StderrLine: {'line': b'\x1b[01m\x1b[K/opt/ros/humble/include/rclcpp/rclcpp/node.hpp:391:3:\x1b[m\x1b[K \x1b[01;36m\x1b[Knote: \x1b[m\x1b[K  candidate expects 4 arguments, 1 provided\n'}
[8.490837] (ydlidar_ros2_driver) StderrLine: {'line': b'\x1b[01m\x1b[K/home/geonmo/ydlidar_ws/src/ydlidar_ros2_driver/src/ydlidar_ros2_driver_node.cpp:72:26:\x1b[m\x1b[K \x1b[01;31m\x1b[Kerror: \x1b[m\x1b[Kno matching function for call to \xe2\x80\x98\x1b[01m\x1b[Krclcpp::Node::declare_parameter(const char [12])\x1b[m\x1b[K\xe2\x80\x99\n'}
[8.490960] (ydlidar_ros2_driver) StderrLine: {'line': b'   72 |   \x1b[01;31m\x1b[Knode->declare_parameter("device_type")\x1b[m\x1b[K;\n'}
[8.491079] (ydlidar_ros2_driver) StderrLine: {'line': b'      |   \x1b[01;31m\x1b[K~~~~~~~~~~~~~~~~~~~~~~~^~~~~~~~~~~~~~~\x1b[m\x1b[K\n'}
[8.491226] (ydlidar_ros2_driver) StderrLine: {'line': b'In file included from \x1b[01m\x1b[K/opt/ros/humble/include/rclcpp/rclcpp/executors/single_threaded_executor.hpp:28\x1b[m\x1b[K,\n'}
[8.491346] (ydlidar_ros2_driver) StderrLine: {'line': b'                 from \x1b[01m\x1b[K/opt/ros/humble/include/rclcpp/rclcpp/executors.hpp:22\x1b[m\x1b[K,\n'}
[8.491463] (ydlidar_ros2_driver) StderrLine: {'line': b'                 from \x1b[01m\x1b[K/opt/ros/humble/include/rclcpp/rclcpp/rclcpp.hpp:155\x1b[m\x1b[K,\n'}
[8.491579] (ydlidar_ros2_driver) StderrLine: {'line': b'                 from \x1b[01m\x1b[K/home/geonmo/ydlidar_ws/src/ydlidar_ros2_driver/src/ydlidar_ros2_driver_node.cpp:23\x1b[m\x1b[K:\n'}
[8.491695] (ydlidar_ros2_driver) StderrLine: {'line': b'\x1b[01m\x1b[K/opt/ros/humble/include/rclcpp/rclcpp/node.hpp:421:3:\x1b[m\x1b[K \x1b[01;36m\x1b[Knote: \x1b[m\x1b[Kcandidate: \xe2\x80\x98\x1b[01m\x1b[Ktemplate<class ParameterT> auto rclcpp::Node::declare_parameter(const string&, const ParameterT&, const ParameterDescriptor&, bool)\x1b[m\x1b[K\xe2\x80\x99\n'}
[8.491846] (ydlidar_ros2_driver) StderrLine: {'line': b'  421 |   \x1b[01;36m\x1b[Kdeclare_parameter\x1b[m\x1b[K(\n'}
[8.491970] (ydlidar_ros2_driver) StderrLine: {'line': b'      |   \x1b[01;36m\x1b[K^~~~~~~~~~~~~~~~~\x1b[m\x1b[K\n'}
[8.492086] (ydlidar_ros2_driver) StderrLine: {'line': b'\x1b[01m\x1b[K/opt/ros/humble/include/rclcpp/rclcpp/node.hpp:421:3:\x1b[m\x1b[K \x1b[01;36m\x1b[Knote: \x1b[m\x1b[K  template argument deduction/substitution failed:\n'}
[8.492202] (ydlidar_ros2_driver) StderrLine: {'line': b'\x1b[01m\x1b[K/home/geonmo/ydlidar_ws/src/ydlidar_ros2_driver/src/ydlidar_ros2_driver_node.cpp:72:26:\x1b[m\x1b[K \x1b[01;36m\x1b[Knote: \x1b[m\x1b[K  candidate expects 4 arguments, 1 provided\n'}
[8.492335] (ydlidar_ros2_driver) StderrLine: {'line': b'   72 |   \x1b[01;36m\x1b[Knode->declare_parameter("device_type")\x1b[m\x1b[K;\n'}
[8.492455] (ydlidar_ros2_driver) StderrLine: {'line': b'      |   \x1b[01;36m\x1b[K~~~~~~~~~~~~~~~~~~~~~~~^~~~~~~~~~~~~~~\x1b[m\x1b[K\n'}
[8.492571] (ydlidar_ros2_driver) StderrLine: {'line': b'In file included from \x1b[01m\x1b[K/opt/ros/humble/include/rclcpp/rclcpp/executors/single_threaded_executor.hpp:28\x1b[m\x1b[K,\n'}
[8.492689] (ydlidar_ros2_driver) StderrLine: {'line': b'                 from \x1b[01m\x1b[K/opt/ros/humble/include/rclcpp/rclcpp/executors.hpp:22\x1b[m\x1b[K,\n'}
[8.492805] (ydlidar_ros2_driver) StderrLine: {'line': b'                 from \x1b[01m\x1b[K/opt/ros/humble/include/rclcpp/rclcpp/rclcpp.hpp:155\x1b[m\x1b[K,\n'}
[8.492919] (ydlidar_ros2_driver) StderrLine: {'line': b'                 from \x1b[01m\x1b[K/home/geonmo/ydlidar_ws/src/ydlidar_ros2_driver/src/ydlidar_ros2_driver_node.cpp:23\x1b[m\x1b[K:\n'}
[8.493034] (ydlidar_ros2_driver) StderrLine: {'line': b'\x1b[01m\x1b[K/opt/ros/humble/include/rclcpp/rclcpp/node.hpp:434:3:\x1b[m\x1b[K \x1b[01;36m\x1b[Knote: \x1b[m\x1b[Kcandidate: \xe2\x80\x98\x1b[01m\x1b[Ktemplate<class ParameterT> auto rclcpp::Node::declare_parameter(const string&, const ParameterDescriptor&, bool)\x1b[m\x1b[K\xe2\x80\x99\n'}
[8.493155] (ydlidar_ros2_driver) StderrLine: {'line': b'  434 |   \x1b[01;36m\x1b[Kdeclare_parameter\x1b[m\x1b[K(\n'}
[8.493270] (ydlidar_ros2_driver) StderrLine: {'line': b'      |   \x1b[01;36m\x1b[K^~~~~~~~~~~~~~~~~\x1b[m\x1b[K\n'}
[8.493384] (ydlidar_ros2_driver) StderrLine: {'line': b'\x1b[01m\x1b[K/opt/ros/humble/include/rclcpp/rclcpp/node.hpp:434:3:\x1b[m\x1b[K \x1b[01;36m\x1b[Knote: \x1b[m\x1b[K  template argument deduction/substitution failed:\n'}
[8.493501] (ydlidar_ros2_driver) StderrLine: {'line': b'\x1b[01m\x1b[K/home/geonmo/ydlidar_ws/src/ydlidar_ros2_driver/src/ydlidar_ros2_driver_node.cpp:72:26:\x1b[m\x1b[K \x1b[01;36m\x1b[Knote: \x1b[m\x1b[K  couldn\xe2\x80\x99t deduce template parameter \xe2\x80\x98\x1b[01m\x1b[KParameterT\x1b[m\x1b[K\xe2\x80\x99\n'}
[8.493621] (ydlidar_ros2_driver) StderrLine: {'line': b'   72 |   \x1b[01;36m\x1b[Knode->declare_parameter("device_type")\x1b[m\x1b[K;\n'}
[8.493755] (ydlidar_ros2_driver) StderrLine: {'line': b'      |   \x1b[01;36m\x1b[K~~~~~~~~~~~~~~~~~~~~~~~^~~~~~~~~~~~~~~\x1b[m\x1b[K\n'}
[8.493873] (ydlidar_ros2_driver) StderrLine: {'line': b'In file included from \x1b[01m\x1b[K/opt/ros/humble/include/rclcpp/rclcpp/executors/single_threaded_executor.hpp:28\x1b[m\x1b[K,\n'}
[8.493991] (ydlidar_ros2_driver) StderrLine: {'line': b'                 from \x1b[01m\x1b[K/opt/ros/humble/include/rclcpp/rclcpp/executors.hpp:22\x1b[m\x1b[K,\n'}
[8.494105] (ydlidar_ros2_driver) StderrLine: {'line': b'                 from \x1b[01m\x1b[K/opt/ros/humble/include/rclcpp/rclcpp/rclcpp.hpp:155\x1b[m\x1b[K,\n'}
[8.494221] (ydlidar_ros2_driver) StderrLine: {'line': b'                 from \x1b[01m\x1b[K/home/geonmo/ydlidar_ws/src/ydlidar_ros2_driver/src/ydlidar_ros2_driver_node.cpp:23\x1b[m\x1b[K:\n'}
[8.494337] (ydlidar_ros2_driver) StderrLine: {'line': b'\x1b[01m\x1b[K/opt/ros/humble/include/rclcpp/rclcpp/node.hpp:366:3:\x1b[m\x1b[K \x1b[01;36m\x1b[Knote: \x1b[m\x1b[Kcandidate: \xe2\x80\x98\x1b[01m\x1b[Kconst rclcpp::ParameterValue& rclcpp::Node::declare_parameter(const string&, const rclcpp::ParameterValue&, const ParameterDescriptor&, bool)\x1b[m\x1b[K\xe2\x80\x99\n'}
[8.494461] (ydlidar_ros2_driver) StderrLine: {'line': b'  366 |   \x1b[01;36m\x1b[Kdeclare_parameter\x1b[m\x1b[K(\n'}
[8.494577] (ydlidar_ros2_driver) StderrLine: {'line': b'      |   \x1b[01;36m\x1b[K^~~~~~~~~~~~~~~~~\x1b[m\x1b[K\n'}
[8.494691] (ydlidar_ros2_driver) StderrLine: {'line': b'\x1b[01m\x1b[K/opt/ros/humble/include/rclcpp/rclcpp/node.hpp:366:3:\x1b[m\x1b[K \x1b[01;36m\x1b[Knote: \x1b[m\x1b[K  candidate expects 4 arguments, 1 provided\n'}
[8.494827] (ydlidar_ros2_driver) StderrLine: {'line': b'\x1b[01m\x1b[K/opt/ros/humble/include/rclcpp/rclcpp/node.hpp:391:3:\x1b[m\x1b[K \x1b[01;36m\x1b[Knote: \x1b[m\x1b[Kcandidate: \xe2\x80\x98\x1b[01m\x1b[Kconst rclcpp::ParameterValue& rclcpp::Node::declare_parameter(const string&, rclcpp::ParameterType, const ParameterDescriptor&, bool)\x1b[m\x1b[K\xe2\x80\x99\n'}
[8.494947] (ydlidar_ros2_driver) StderrLine: {'line': b'  391 |   \x1b[01;36m\x1b[Kdeclare_parameter\x1b[m\x1b[K(\n'}
[8.495061] (ydlidar_ros2_driver) StderrLine: {'line': b'      |   \x1b[01;36m\x1b[K^~~~~~~~~~~~~~~~~\x1b[m\x1b[K\n'}
[8.495174] (ydlidar_ros2_driver) StderrLine: {'line': b'\x1b[01m\x1b[K/opt/ros/humble/include/rclcpp/rclcpp/node.hpp:391:3:\x1b[m\x1b[K \x1b[01;36m\x1b[Knote: \x1b[m\x1b[K  candidate expects 4 arguments, 1 provided\n'}
[8.495290] (ydlidar_ros2_driver) StderrLine: {'line': b'\x1b[01m\x1b[K/home/geonmo/ydlidar_ws/src/ydlidar_ros2_driver/src/ydlidar_ros2_driver_node.cpp:77:26:\x1b[m\x1b[K \x1b[01;31m\x1b[Kerror: \x1b[m\x1b[Kno matching function for call to \xe2\x80\x98\x1b[01m\x1b[Krclcpp::Node::declare_parameter(const char [12])\x1b[m\x1b[K\xe2\x80\x99\n'}
[8.495409] (ydlidar_ros2_driver) StderrLine: {'line': b'   77 |   \x1b[01;31m\x1b[Knode->declare_parameter("sample_rate")\x1b[m\x1b[K;\n'}
[8.495541] (ydlidar_ros2_driver) StderrLine: {'line': b'      |   \x1b[01;31m\x1b[K~~~~~~~~~~~~~~~~~~~~~~~^~~~~~~~~~~~~~~\x1b[m\x1b[K\n'}
[8.495658] (ydlidar_ros2_driver) StderrLine: {'line': b'In file included from \x1b[01m\x1b[K/opt/ros/humble/include/rclcpp/rclcpp/executors/single_threaded_executor.hpp:28\x1b[m\x1b[K,\n'}
[8.495773] (ydlidar_ros2_driver) StderrLine: {'line': b'                 from \x1b[01m\x1b[K/opt/ros/humble/include/rclcpp/rclcpp/executors.hpp:22\x1b[m\x1b[K,\n'}
[8.495950] (ydlidar_ros2_driver) StderrLine: {'line': b'                 from \x1b[01m\x1b[K/opt/ros/humble/include/rclcpp/rclcpp/rclcpp.hpp:155\x1b[m\x1b[K,\n'}
[8.496075] (ydlidar_ros2_driver) StderrLine: {'line': b'                 from \x1b[01m\x1b[K/home/geonmo/ydlidar_ws/src/ydlidar_ros2_driver/src/ydlidar_ros2_driver_node.cpp:23\x1b[m\x1b[K:\n'}
[8.496367] (ydlidar_ros2_driver) StderrLine: {'line': b'\x1b[01m\x1b[K/opt/ros/humble/include/rclcpp/rclcpp/node.hpp:421:3:\x1b[m\x1b[K \x1b[01;36m\x1b[Knote: \x1b[m\x1b[Kcandidate: \xe2\x80\x98\x1b[01m\x1b[Ktemplate<class ParameterT> auto rclcpp::Node::declare_parameter(const string&, const ParameterT&, const ParameterDescriptor&, bool)\x1b[m\x1b[K\xe2\x80\x99\n'}
[8.496536] (ydlidar_ros2_driver) StderrLine: {'line': b'  421 |   \x1b[01;36m\x1b[Kdeclare_parameter\x1b[m\x1b[K(\n'}
[8.496660] (ydlidar_ros2_driver) StderrLine: {'line': b'      |   \x1b[01;36m\x1b[K^~~~~~~~~~~~~~~~~\x1b[m\x1b[K\n'}
[8.496781] (ydlidar_ros2_driver) StderrLine: {'line': b'\x1b[01m\x1b[K/opt/ros/humble/include/rclcpp/rclcpp/node.hpp:421:3:\x1b[m\x1b[K \x1b[01;36m\x1b[Knote: \x1b[m\x1b[K  template argument deduction/substitution failed:\n'}
[8.496901] (ydlidar_ros2_driver) StderrLine: {'line': b'\x1b[01m\x1b[K/home/geonmo/ydlidar_ws/src/ydlidar_ros2_driver/src/ydlidar_ros2_driver_node.cpp:77:26:\x1b[m\x1b[K \x1b[01;36m\x1b[Knote: \x1b[m\x1b[K  candidate expects 4 arguments, 1 provided\n'}
[8.497020] (ydlidar_ros2_driver) StderrLine: {'line': b'   77 |   \x1b[01;36m\x1b[Knode->declare_parameter("sample_rate")\x1b[m\x1b[K;\n'}
[8.497137] (ydlidar_ros2_driver) StderrLine: {'line': b'      |   \x1b[01;36m\x1b[K~~~~~~~~~~~~~~~~~~~~~~~^~~~~~~~~~~~~~~\x1b[m\x1b[K\n'}
[8.497251] (ydlidar_ros2_driver) StderrLine: {'line': b'In file included from \x1b[01m\x1b[K/opt/ros/humble/include/rclcpp/rclcpp/executors/single_threaded_executor.hpp:28\x1b[m\x1b[K,\n'}
[8.497368] (ydlidar_ros2_driver) StderrLine: {'line': b'                 from \x1b[01m\x1b[K/opt/ros/humble/include/rclcpp/rclcpp/executors.hpp:22\x1b[m\x1b[K,\n'}
[8.497484] (ydlidar_ros2_driver) StderrLine: {'line': b'                 from \x1b[01m\x1b[K/opt/ros/humble/include/rclcpp/rclcpp/rclcpp.hpp:155\x1b[m\x1b[K,\n'}
[8.497600] (ydlidar_ros2_driver) StderrLine: {'line': b'                 from \x1b[01m\x1b[K/home/geonmo/ydlidar_ws/src/ydlidar_ros2_driver/src/ydlidar_ros2_driver_node.cpp:23\x1b[m\x1b[K:\n'}
[8.497717] (ydlidar_ros2_driver) StderrLine: {'line': b'\x1b[01m\x1b[K/opt/ros/humble/include/rclcpp/rclcpp/node.hpp:434:3:\x1b[m\x1b[K \x1b[01;36m\x1b[Knote: \x1b[m\x1b[Kcandidate: \xe2\x80\x98\x1b[01m\x1b[Ktemplate<class ParameterT> auto rclcpp::Node::declare_parameter(const string&, const ParameterDescriptor&, bool)\x1b[m\x1b[K\xe2\x80\x99\n'}
[8.497833] (ydlidar_ros2_driver) StderrLine: {'line': b'  434 |   \x1b[01;36m\x1b[Kdeclare_parameter\x1b[m\x1b[K(\n'}
[8.497947] (ydlidar_ros2_driver) StderrLine: {'line': b'      |   \x1b[01;36m\x1b[K^~~~~~~~~~~~~~~~~\x1b[m\x1b[K\n'}
[8.498061] (ydlidar_ros2_driver) StderrLine: {'line': b'\x1b[01m\x1b[K/opt/ros/humble/include/rclcpp/rclcpp/node.hpp:434:3:\x1b[m\x1b[K \x1b[01;36m\x1b[Knote: \x1b[m\x1b[K  template argument deduction/substitution failed:\n'}
[8.498176] (ydlidar_ros2_driver) StderrLine: {'line': b'\x1b[01m\x1b[K/home/geonmo/ydlidar_ws/src/ydlidar_ros2_driver/src/ydlidar_ros2_driver_node.cpp:77:26:\x1b[m\x1b[K \x1b[01;36m\x1b[Knote: \x1b[m\x1b[K  couldn\xe2\x80\x99t deduce template parameter \xe2\x80\x98\x1b[01m\x1b[KParameterT\x1b[m\x1b[K\xe2\x80\x99\n'}
[8.498292] (ydlidar_ros2_driver) StderrLine: {'line': b'   77 |   \x1b[01;36m\x1b[Knode->declare_parameter("sample_rate")\x1b[m\x1b[K;\n'}
[8.498407] (ydlidar_ros2_driver) StderrLine: {'line': b'      |   \x1b[01;36m\x1b[K~~~~~~~~~~~~~~~~~~~~~~~^~~~~~~~~~~~~~~\x1b[m\x1b[K\n'}
[8.498519] (ydlidar_ros2_driver) StderrLine: {'line': b'In file included from \x1b[01m\x1b[K/opt/ros/humble/include/rclcpp/rclcpp/executors/single_threaded_executor.hpp:28\x1b[m\x1b[K,\n'}
[8.498634] (ydlidar_ros2_driver) StderrLine: {'line': b'                 from \x1b[01m\x1b[K/opt/ros/humble/include/rclcpp/rclcpp/executors.hpp:22\x1b[m\x1b[K,\n'}
[8.498749] (ydlidar_ros2_driver) StderrLine: {'line': b'                 from \x1b[01m\x1b[K/opt/ros/humble/include/rclcpp/rclcpp/rclcpp.hpp:155\x1b[m\x1b[K,\n'}
[8.498864] (ydlidar_ros2_driver) StderrLine: {'line': b'                 from \x1b[01m\x1b[K/home/geonmo/ydlidar_ws/src/ydlidar_ros2_driver/src/ydlidar_ros2_driver_node.cpp:23\x1b[m\x1b[K:\n'}
[8.498980] (ydlidar_ros2_driver) StderrLine: {'line': b'\x1b[01m\x1b[K/opt/ros/humble/include/rclcpp/rclcpp/node.hpp:366:3:\x1b[m\x1b[K \x1b[01;36m\x1b[Knote: \x1b[m\x1b[Kcandidate: \xe2\x80\x98\x1b[01m\x1b[Kconst rclcpp::ParameterValue& rclcpp::Node::declare_parameter(const string&, const rclcpp::ParameterValue&, const ParameterDescriptor&, bool)\x1b[m\x1b[K\xe2\x80\x99\n'}
[8.499124] (ydlidar_ros2_driver) StderrLine: {'line': b'  366 |   \x1b[01;36m\x1b[Kdeclare_parameter\x1b[m\x1b[K(\n'}
[8.499241] (ydlidar_ros2_driver) StderrLine: {'line': b'      |   \x1b[01;36m\x1b[K^~~~~~~~~~~~~~~~~\x1b[m\x1b[K\n'}
[8.499373] (ydlidar_ros2_driver) StderrLine: {'line': b'\x1b[01m\x1b[K/opt/ros/humble/include/rclcpp/rclcpp/node.hpp:366:3:\x1b[m\x1b[K \x1b[01;36m\x1b[Knote: \x1b[m\x1b[K  candidate expects 4 arguments, 1 provided\n'}
[8.499491] (ydlidar_ros2_driver) StderrLine: {'line': b'\x1b[01m\x1b[K/opt/ros/humble/include/rclcpp/rclcpp/node.hpp:391:3:\x1b[m\x1b[K \x1b[01;36m\x1b[Knote: \x1b[m\x1b[Kcandidate: \xe2\x80\x98\x1b[01m\x1b[Kconst rclcpp::ParameterValue& rclcpp::Node::declare_parameter(const string&, rclcpp::ParameterType, const ParameterDescriptor&, bool)\x1b[m\x1b[K\xe2\x80\x99\n'}
[8.499611] (ydlidar_ros2_driver) StderrLine: {'line': b'  391 |   \x1b[01;36m\x1b[Kdeclare_parameter\x1b[m\x1b[K(\n'}
[8.499726] (ydlidar_ros2_driver) StderrLine: {'line': b'      |   \x1b[01;36m\x1b[K^~~~~~~~~~~~~~~~~\x1b[m\x1b[K\n'}
[8.499918] (ydlidar_ros2_driver) StderrLine: {'line': b'\x1b[01m\x1b[K/opt/ros/humble/include/rclcpp/rclcpp/node.hpp:391:3:\x1b[m\x1b[K \x1b[01;36m\x1b[Knote: \x1b[m\x1b[K  candidate expects 4 arguments, 1 provided\n'}
[8.500049] (ydlidar_ros2_driver) StderrLine: {'line': b'\x1b[01m\x1b[K/home/geonmo/ydlidar_ws/src/ydlidar_ros2_driver/src/ydlidar_ros2_driver_node.cpp:82:26:\x1b[m\x1b[K \x1b[01;31m\x1b[Kerror: \x1b[m\x1b[Kno matching function for call to \xe2\x80\x98\x1b[01m\x1b[Krclcpp::Node::declare_parameter(const char [21])\x1b[m\x1b[K\xe2\x80\x99\n'}
[8.500190] (ydlidar_ros2_driver) StderrLine: {'line': b'   82 |   \x1b[01;31m\x1b[Knode->declare_parameter("abnormal_check_count")\x1b[m\x1b[K;\n'}
[8.500312] (ydlidar_ros2_driver) StderrLine: {'line': b'      |   \x1b[01;31m\x1b[K~~~~~~~~~~~~~~~~~~~~~~~^~~~~~~~~~~~~~~~~~~~~~~~\x1b[m\x1b[K\n'}
[8.500429] (ydlidar_ros2_driver) StderrLine: {'line': b'In file included from \x1b[01m\x1b[K/opt/ros/humble/include/rclcpp/rclcpp/executors/single_threaded_executor.hpp:28\x1b[m\x1b[K,\n'}
[8.500547] (ydlidar_ros2_driver) StderrLine: {'line': b'                 from \x1b[01m\x1b[K/opt/ros/humble/include/rclcpp/rclcpp/executors.hpp:22\x1b[m\x1b[K,\n'}
[8.500662] (ydlidar_ros2_driver) StderrLine: {'line': b'                 from \x1b[01m\x1b[K/opt/ros/humble/include/rclcpp/rclcpp/rclcpp.hpp:155\x1b[m\x1b[K,\n'}
[8.500789] (ydlidar_ros2_driver) StderrLine: {'line': b'                 from \x1b[01m\x1b[K/home/geonmo/ydlidar_ws/src/ydlidar_ros2_driver/src/ydlidar_ros2_driver_node.cpp:23\x1b[m\x1b[K:\n'}
[8.500909] (ydlidar_ros2_driver) StderrLine: {'line': b'\x1b[01m\x1b[K/opt/ros/humble/include/rclcpp/rclcpp/node.hpp:421:3:\x1b[m\x1b[K \x1b[01;36m\x1b[Knote: \x1b[m\x1b[Kcandidate: \xe2\x80\x98\x1b[01m\x1b[Ktemplate<class ParameterT> auto rclcpp::Node::declare_parameter(const string&, const ParameterT&, const ParameterDescriptor&, bool)\x1b[m\x1b[K\xe2\x80\x99\n'}
[8.501030] (ydlidar_ros2_driver) StderrLine: {'line': b'  421 |   \x1b[01;36m\x1b[Kdeclare_parameter\x1b[m\x1b[K(\n'}
[8.501147] (ydlidar_ros2_driver) StderrLine: {'line': b'      |   \x1b[01;36m\x1b[K^~~~~~~~~~~~~~~~~\x1b[m\x1b[K\n'}
[8.501262] (ydlidar_ros2_driver) StderrLine: {'line': b'\x1b[01m\x1b[K/opt/ros/humble/include/rclcpp/rclcpp/node.hpp:421:3:\x1b[m\x1b[K \x1b[01;36m\x1b[Knote: \x1b[m\x1b[K  template argument deduction/substitution failed:\n'}
[8.501378] (ydlidar_ros2_driver) StderrLine: {'line': b'\x1b[01m\x1b[K/home/geonmo/ydlidar_ws/src/ydlidar_ros2_driver/src/ydlidar_ros2_driver_node.cpp:82:26:\x1b[m\x1b[K \x1b[01;36m\x1b[Knote: \x1b[m\x1b[K  candidate expects 4 arguments, 1 provided\n'}
[8.501494] (ydlidar_ros2_driver) StderrLine: {'line': b'   82 |   \x1b[01;36m\x1b[Knode->declare_parameter("abnormal_check_count")\x1b[m\x1b[K;\n'}
[8.501626] (ydlidar_ros2_driver) StderrLine: {'line': b'      |   \x1b[01;36m\x1b[K~~~~~~~~~~~~~~~~~~~~~~~^~~~~~~~~~~~~~~~~~~~~~~~\x1b[m\x1b[K\n'}
[8.501741] (ydlidar_ros2_driver) StderrLine: {'line': b'In file included from \x1b[01m\x1b[K/opt/ros/humble/include/rclcpp/rclcpp/executors/single_threaded_executor.hpp:28\x1b[m\x1b[K,\n'}
[8.501856] (ydlidar_ros2_driver) StderrLine: {'line': b'                 from \x1b[01m\x1b[K/opt/ros/humble/include/rclcpp/rclcpp/executors.hpp:22\x1b[m\x1b[K,\n'}
[8.501972] (ydlidar_ros2_driver) StderrLine: {'line': b'                 from \x1b[01m\x1b[K/opt/ros/humble/include/rclcpp/rclcpp/rclcpp.hpp:155\x1b[m\x1b[K,\n'}
[8.502085] (ydlidar_ros2_driver) StderrLine: {'line': b'                 from \x1b[01m\x1b[K/home/geonmo/ydlidar_ws/src/ydlidar_ros2_driver/src/ydlidar_ros2_driver_node.cpp:23\x1b[m\x1b[K:\n'}
[8.502199] (ydlidar_ros2_driver) StderrLine: {'line': b'\x1b[01m\x1b[K/opt/ros/humble/include/rclcpp/rclcpp/node.hpp:434:3:\x1b[m\x1b[K \x1b[01;36m\x1b[Knote: \x1b[m\x1b[Kcandidate: \xe2\x80\x98\x1b[01m\x1b[Ktemplate<class ParameterT> auto rclcpp::Node::declare_parameter(const string&, const ParameterDescriptor&, bool)\x1b[m\x1b[K\xe2\x80\x99\n'}
[8.502317] (ydlidar_ros2_driver) StderrLine: {'line': b'  434 |   \x1b[01;36m\x1b[Kdeclare_parameter\x1b[m\x1b[K(\n'}
[8.502430] (ydlidar_ros2_driver) StderrLine: {'line': b'      |   \x1b[01;36m\x1b[K^~~~~~~~~~~~~~~~~\x1b[m\x1b[K\n'}
[8.502544] (ydlidar_ros2_driver) StderrLine: {'line': b'\x1b[01m\x1b[K/opt/ros/humble/include/rclcpp/rclcpp/node.hpp:434:3:\x1b[m\x1b[K \x1b[01;36m\x1b[Knote: \x1b[m\x1b[K  template argument deduction/substitution failed:\n'}
[8.502659] (ydlidar_ros2_driver) StderrLine: {'line': b'\x1b[01m\x1b[K/home/geonmo/ydlidar_ws/src/ydlidar_ros2_driver/src/ydlidar_ros2_driver_node.cpp:82:26:\x1b[m\x1b[K \x1b[01;36m\x1b[Knote: \x1b[m\x1b[K  couldn\xe2\x80\x99t deduce template parameter \xe2\x80\x98\x1b[01m\x1b[KParameterT\x1b[m\x1b[K\xe2\x80\x99\n'}
[8.502776] (ydlidar_ros2_driver) StderrLine: {'line': b'   82 |   \x1b[01;36m\x1b[Knode->declare_parameter("abnormal_check_count")\x1b[m\x1b[K;\n'}
[8.502890] (ydlidar_ros2_driver) StderrLine: {'line': b'      |   \x1b[01;36m\x1b[K~~~~~~~~~~~~~~~~~~~~~~~^~~~~~~~~~~~~~~~~~~~~~~~\x1b[m\x1b[K\n'}
[8.503004] (ydlidar_ros2_driver) StderrLine: {'line': b'In file included from \x1b[01m\x1b[K/opt/ros/humble/include/rclcpp/rclcpp/executors/single_threaded_executor.hpp:28\x1b[m\x1b[K,\n'}
[8.503122] (ydlidar_ros2_driver) StderrLine: {'line': b'                 from \x1b[01m\x1b[K/opt/ros/humble/include/rclcpp/rclcpp/executors.hpp:22\x1b[m\x1b[K,\n'}
[8.503236] (ydlidar_ros2_driver) StderrLine: {'line': b'                 from \x1b[01m\x1b[K/opt/ros/humble/include/rclcpp/rclcpp/rclcpp.hpp:155\x1b[m\x1b[K,\n'}
[8.503350] (ydlidar_ros2_driver) StderrLine: {'line': b'                 from \x1b[01m\x1b[K/home/geonmo/ydlidar_ws/src/ydlidar_ros2_driver/src/ydlidar_ros2_driver_node.cpp:23\x1b[m\x1b[K:\n'}
[8.503465] (ydlidar_ros2_driver) StderrLine: {'line': b'\x1b[01m\x1b[K/opt/ros/humble/include/rclcpp/rclcpp/node.hpp:366:3:\x1b[m\x1b[K \x1b[01;36m\x1b[Knote: \x1b[m\x1b[Kcandidate: \xe2\x80\x98\x1b[01m\x1b[Kconst rclcpp::ParameterValue& rclcpp::Node::declare_parameter(const string&, const rclcpp::ParameterValue&, const ParameterDescriptor&, bool)\x1b[m\x1b[K\xe2\x80\x99\n'}
[8.503607] (ydlidar_ros2_driver) StderrLine: {'line': b'  366 |   \x1b[01;36m\x1b[Kdeclare_parameter\x1b[m\x1b[K(\n'}
[8.503721] (ydlidar_ros2_driver) StderrLine: {'line': b'      |   \x1b[01;36m\x1b[K^~~~~~~~~~~~~~~~~\x1b[m\x1b[K\n'}
[8.503856] (ydlidar_ros2_driver) StderrLine: {'line': b'\x1b[01m\x1b[K/opt/ros/humble/include/rclcpp/rclcpp/node.hpp:366:3:\x1b[m\x1b[K \x1b[01;36m\x1b[Knote: \x1b[m\x1b[K  candidate expects 4 arguments, 1 provided\n'}
[8.503976] (ydlidar_ros2_driver) StderrLine: {'line': b'\x1b[01m\x1b[K/opt/ros/humble/include/rclcpp/rclcpp/node.hpp:391:3:\x1b[m\x1b[K \x1b[01;36m\x1b[Knote: \x1b[m\x1b[Kcandidate: \xe2\x80\x98\x1b[01m\x1b[Kconst rclcpp::ParameterValue& rclcpp::Node::declare_parameter(const string&, rclcpp::ParameterType, const ParameterDescriptor&, bool)\x1b[m\x1b[K\xe2\x80\x99\n'}
[8.504122] (ydlidar_ros2_driver) StderrLine: {'line': b'  391 |   \x1b[01;36m\x1b[Kdeclare_parameter\x1b[m\x1b[K(\n'}
[8.504238] (ydlidar_ros2_driver) StderrLine: {'line': b'      |   \x1b[01;36m\x1b[K^~~~~~~~~~~~~~~~~\x1b[m\x1b[K\n'}
[8.504353] (ydlidar_ros2_driver) StderrLine: {'line': b'\x1b[01m\x1b[K/opt/ros/humble/include/rclcpp/rclcpp/node.hpp:391:3:\x1b[m\x1b[K \x1b[01;36m\x1b[Knote: \x1b[m\x1b[K  candidate expects 4 arguments, 1 provided\n'}
[8.504469] (ydlidar_ros2_driver) StderrLine: {'line': b'\x1b[01m\x1b[K/home/geonmo/ydlidar_ws/src/ydlidar_ros2_driver/src/ydlidar_ros2_driver_node.cpp:88:26:\x1b[m\x1b[K \x1b[01;31m\x1b[Kerror: \x1b[m\x1b[Kno matching function for call to \xe2\x80\x98\x1b[01m\x1b[Krclcpp::Node::declare_parameter(const char [14])\x1b[m\x1b[K\xe2\x80\x99\n'}
[8.504613] (ydlidar_ros2_driver) StderrLine: {'line': b'   88 |   \x1b[01;31m\x1b[Knode->declare_parameter("intensity_bit")\x1b[m\x1b[K;\n'}
[8.504734] (ydlidar_ros2_driver) StderrLine: {'line': b'      |   \x1b[01;31m\x1b[K~~~~~~~~~~~~~~~~~~~~~~~^~~~~~~~~~~~~~~~~\x1b[m\x1b[K\n'}
[8.504851] (ydlidar_ros2_driver) StderrLine: {'line': b'In file included from \x1b[01m\x1b[K/opt/ros/humble/include/rclcpp/rclcpp/executors/single_threaded_executor.hpp:28\x1b[m\x1b[K,\n'}
[8.504965] (ydlidar_ros2_driver) StderrLine: {'line': b'                 from \x1b[01m\x1b[K/opt/ros/humble/include/rclcpp/rclcpp/executors.hpp:22\x1b[m\x1b[K,\n'}
[8.505080] (ydlidar_ros2_driver) StderrLine: {'line': b'                 from \x1b[01m\x1b[K/opt/ros/humble/include/rclcpp/rclcpp/rclcpp.hpp:155\x1b[m\x1b[K,\n'}
[8.505195] (ydlidar_ros2_driver) StderrLine: {'line': b'                 from \x1b[01m\x1b[K/home/geonmo/ydlidar_ws/src/ydlidar_ros2_driver/src/ydlidar_ros2_driver_node.cpp:23\x1b[m\x1b[K:\n'}
[8.505309] (ydlidar_ros2_driver) StderrLine: {'line': b'\x1b[01m\x1b[K/opt/ros/humble/include/rclcpp/rclcpp/node.hpp:421:3:\x1b[m\x1b[K \x1b[01;36m\x1b[Knote: \x1b[m\x1b[Kcandidate: \xe2\x80\x98\x1b[01m\x1b[Ktemplate<class ParameterT> auto rclcpp::Node::declare_parameter(const string&, const ParameterT&, const ParameterDescriptor&, bool)\x1b[m\x1b[K\xe2\x80\x99\n'}
[8.505426] (ydlidar_ros2_driver) StderrLine: {'line': b'  421 |   \x1b[01;36m\x1b[Kdeclare_parameter\x1b[m\x1b[K(\n'}
[8.505541] (ydlidar_ros2_driver) StderrLine: {'line': b'      |   \x1b[01;36m\x1b[K^~~~~~~~~~~~~~~~~\x1b[m\x1b[K\n'}
[8.505654] (ydlidar_ros2_driver) StderrLine: {'line': b'\x1b[01m\x1b[K/opt/ros/humble/include/rclcpp/rclcpp/node.hpp:421:3:\x1b[m\x1b[K \x1b[01;36m\x1b[Knote: \x1b[m\x1b[K  template argument deduction/substitution failed:\n'}
[8.505768] (ydlidar_ros2_driver) StderrLine: {'line': b'\x1b[01m\x1b[K/home/geonmo/ydlidar_ws/src/ydlidar_ros2_driver/src/ydlidar_ros2_driver_node.cpp:88:26:\x1b[m\x1b[K \x1b[01;36m\x1b[Knote: \x1b[m\x1b[K  candidate expects 4 arguments, 1 provided\n'}
[8.505884] (ydlidar_ros2_driver) StderrLine: {'line': b'   88 |   \x1b[01;36m\x1b[Knode->declare_parameter("intensity_bit")\x1b[m\x1b[K;\n'}
[8.505999] (ydlidar_ros2_driver) StderrLine: {'line': b'      |   \x1b[01;36m\x1b[K~~~~~~~~~~~~~~~~~~~~~~~^~~~~~~~~~~~~~~~~\x1b[m\x1b[K\n'}
[8.506111] (ydlidar_ros2_driver) StderrLine: {'line': b'In file included from \x1b[01m\x1b[K/opt/ros/humble/include/rclcpp/rclcpp/executors/single_threaded_executor.hpp:28\x1b[m\x1b[K,\n'}
[8.506225] (ydlidar_ros2_driver) StderrLine: {'line': b'                 from \x1b[01m\x1b[K/opt/ros/humble/include/rclcpp/rclcpp/executors.hpp:22\x1b[m\x1b[K,\n'}
[8.506337] (ydlidar_ros2_driver) StderrLine: {'line': b'                 from \x1b[01m\x1b[K/opt/ros/humble/include/rclcpp/rclcpp/rclcpp.hpp:155\x1b[m\x1b[K,\n'}
[8.506451] (ydlidar_ros2_driver) StderrLine: {'line': b'                 from \x1b[01m\x1b[K/home/geonmo/ydlidar_ws/src/ydlidar_ros2_driver/src/ydlidar_ros2_driver_node.cpp:23\x1b[m\x1b[K:\n'}
[8.506565] (ydlidar_ros2_driver) StderrLine: {'line': b'\x1b[01m\x1b[K/opt/ros/humble/include/rclcpp/rclcpp/node.hpp:434:3:\x1b[m\x1b[K \x1b[01;36m\x1b[Knote: \x1b[m\x1b[Kcandidate: \xe2\x80\x98\x1b[01m\x1b[Ktemplate<class ParameterT> auto rclcpp::Node::declare_parameter(const string&, const ParameterDescriptor&, bool)\x1b[m\x1b[K\xe2\x80\x99\n'}
[8.506704] (ydlidar_ros2_driver) StderrLine: {'line': b'  434 |   \x1b[01;36m\x1b[Kdeclare_parameter\x1b[m\x1b[K(\n'}
[8.506818] (ydlidar_ros2_driver) StderrLine: {'line': b'      |   \x1b[01;36m\x1b[K^~~~~~~~~~~~~~~~~\x1b[m\x1b[K\n'}
[8.506932] (ydlidar_ros2_driver) StderrLine: {'line': b'\x1b[01m\x1b[K/opt/ros/humble/include/rclcpp/rclcpp/node.hpp:434:3:\x1b[m\x1b[K \x1b[01;36m\x1b[Knote: \x1b[m\x1b[K  template argument deduction/substitution failed:\n'}
[8.507047] (ydlidar_ros2_driver) StderrLine: {'line': b'\x1b[01m\x1b[K/home/geonmo/ydlidar_ws/src/ydlidar_ros2_driver/src/ydlidar_ros2_driver_node.cpp:88:26:\x1b[m\x1b[K \x1b[01;36m\x1b[Knote: \x1b[m\x1b[K  couldn\xe2\x80\x99t deduce template parameter \xe2\x80\x98\x1b[01m\x1b[KParameterT\x1b[m\x1b[K\xe2\x80\x99\n'}
[8.507164] (ydlidar_ros2_driver) StderrLine: {'line': b'   88 |   \x1b[01;36m\x1b[Knode->declare_parameter("intensity_bit")\x1b[m\x1b[K;\n'}
[8.507278] (ydlidar_ros2_driver) StderrLine: {'line': b'      |   \x1b[01;36m\x1b[K~~~~~~~~~~~~~~~~~~~~~~~^~~~~~~~~~~~~~~~~\x1b[m\x1b[K\n'}
[8.507392] (ydlidar_ros2_driver) StderrLine: {'line': b'In file included from \x1b[01m\x1b[K/opt/ros/humble/include/rclcpp/rclcpp/executors/single_threaded_executor.hpp:28\x1b[m\x1b[K,\n'}
[8.507506] (ydlidar_ros2_driver) StderrLine: {'line': b'                 from \x1b[01m\x1b[K/opt/ros/humble/include/rclcpp/rclcpp/executors.hpp:22\x1b[m\x1b[K,\n'}
[8.507621] (ydlidar_ros2_driver) StderrLine: {'line': b'                 from \x1b[01m\x1b[K/opt/ros/humble/include/rclcpp/rclcpp/rclcpp.hpp:155\x1b[m\x1b[K,\n'}
[8.507735] (ydlidar_ros2_driver) StderrLine: {'line': b'                 from \x1b[01m\x1b[K/home/geonmo/ydlidar_ws/src/ydlidar_ros2_driver/src/ydlidar_ros2_driver_node.cpp:23\x1b[m\x1b[K:\n'}
[8.507880] (ydlidar_ros2_driver) StderrLine: {'line': b'\x1b[01m\x1b[K/opt/ros/humble/include/rclcpp/rclcpp/node.hpp:366:3:\x1b[m\x1b[K \x1b[01;36m\x1b[Knote: \x1b[m\x1b[Kcandidate: \xe2\x80\x98\x1b[01m\x1b[Kconst rclcpp::ParameterValue& rclcpp::Node::declare_parameter(const string&, const rclcpp::ParameterValue&, const ParameterDescriptor&, bool)\x1b[m\x1b[K\xe2\x80\x99\n'}
[8.508029] (ydlidar_ros2_driver) StderrLine: {'line': b'  366 |   \x1b[01;36m\x1b[Kdeclare_parameter\x1b[m\x1b[K(\n'}
[8.508149] (ydlidar_ros2_driver) StderrLine: {'line': b'      |   \x1b[01;36m\x1b[K^~~~~~~~~~~~~~~~~\x1b[m\x1b[K\n'}
[8.508265] (ydlidar_ros2_driver) StderrLine: {'line': b'\x1b[01m\x1b[K/opt/ros/humble/include/rclcpp/rclcpp/node.hpp:366:3:\x1b[m\x1b[K \x1b[01;36m\x1b[Knote: \x1b[m\x1b[K  candidate expects 4 arguments, 1 provided\n'}
[8.508382] (ydlidar_ros2_driver) StderrLine: {'line': b'\x1b[01m\x1b[K/opt/ros/humble/include/rclcpp/rclcpp/node.hpp:391:3:\x1b[m\x1b[K \x1b[01;36m\x1b[Knote: \x1b[m\x1b[Kcandidate: \xe2\x80\x98\x1b[01m\x1b[Kconst rclcpp::ParameterValue& rclcpp::Node::declare_parameter(const string&, rclcpp::ParameterType, const ParameterDescriptor&, bool)\x1b[m\x1b[K\xe2\x80\x99\n'}
[8.508499] (ydlidar_ros2_driver) StderrLine: {'line': b'  391 |   \x1b[01;36m\x1b[Kdeclare_parameter\x1b[m\x1b[K(\n'}
[8.508628] (ydlidar_ros2_driver) StderrLine: {'line': b'      |   \x1b[01;36m\x1b[K^~~~~~~~~~~~~~~~~\x1b[m\x1b[K\n'}
[8.508747] (ydlidar_ros2_driver) StderrLine: {'line': b'\x1b[01m\x1b[K/opt/ros/humble/include/rclcpp/rclcpp/node.hpp:391:3:\x1b[m\x1b[K \x1b[01;36m\x1b[Knote: \x1b[m\x1b[K  candidate expects 4 arguments, 1 provided\n'}
[8.508877] (ydlidar_ros2_driver) StderrLine: {'line': b'\x1b[01m\x1b[K/home/geonmo/ydlidar_ws/src/ydlidar_ros2_driver/src/ydlidar_ros2_driver_node.cpp:95:26:\x1b[m\x1b[K \x1b[01;31m\x1b[Kerror: \x1b[m\x1b[Kno matching function for call to \xe2\x80\x98\x1b[01m\x1b[Krclcpp::Node::declare_parameter(const char [17])\x1b[m\x1b[K\xe2\x80\x99\n'}
[8.508997] (ydlidar_ros2_driver) StderrLine: {'line': b'   95 |   \x1b[01;31m\x1b[Knode->declare_parameter("fixed_resolution")\x1b[m\x1b[K;\n'}
[8.509127] (ydlidar_ros2_driver) StderrLine: {'line': b'      |   \x1b[01;31m\x1b[K~~~~~~~~~~~~~~~~~~~~~~~^~~~~~~~~~~~~~~~~~~~\x1b[m\x1b[K\n'}
[8.509241] (ydlidar_ros2_driver) StderrLine: {'line': b'In file included from \x1b[01m\x1b[K/opt/ros/humble/include/rclcpp/rclcpp/executors/single_threaded_executor.hpp:28\x1b[m\x1b[K,\n'}
[8.509356] (ydlidar_ros2_driver) StderrLine: {'line': b'                 from \x1b[01m\x1b[K/opt/ros/humble/include/rclcpp/rclcpp/executors.hpp:22\x1b[m\x1b[K,\n'}
[8.509470] (ydlidar_ros2_driver) StderrLine: {'line': b'                 from \x1b[01m\x1b[K/opt/ros/humble/include/rclcpp/rclcpp/rclcpp.hpp:155\x1b[m\x1b[K,\n'}
[8.509585] (ydlidar_ros2_driver) StderrLine: {'line': b'                 from \x1b[01m\x1b[K/home/geonmo/ydlidar_ws/src/ydlidar_ros2_driver/src/ydlidar_ros2_driver_node.cpp:23\x1b[m\x1b[K:\n'}
[8.509699] (ydlidar_ros2_driver) StderrLine: {'line': b'\x1b[01m\x1b[K/opt/ros/humble/include/rclcpp/rclcpp/node.hpp:421:3:\x1b[m\x1b[K \x1b[01;36m\x1b[Knote: \x1b[m\x1b[Kcandidate: \xe2\x80\x98\x1b[01m\x1b[Ktemplate<class ParameterT> auto rclcpp::Node::declare_parameter(const string&, const ParameterT&, const ParameterDescriptor&, bool)\x1b[m\x1b[K\xe2\x80\x99\n'}
[8.509818] (ydlidar_ros2_driver) StderrLine: {'line': b'  421 |   \x1b[01;36m\x1b[Kdeclare_parameter\x1b[m\x1b[K(\n'}
[8.509935] (ydlidar_ros2_driver) StderrLine: {'line': b'      |   \x1b[01;36m\x1b[K^~~~~~~~~~~~~~~~~\x1b[m\x1b[K\n'}
[8.510050] (ydlidar_ros2_driver) StderrLine: {'line': b'\x1b[01m\x1b[K/opt/ros/humble/include/rclcpp/rclcpp/node.hpp:421:3:\x1b[m\x1b[K \x1b[01;36m\x1b[Knote: \x1b[m\x1b[K  template argument deduction/substitution failed:\n'}
[8.510168] (ydlidar_ros2_driver) StderrLine: {'line': b'\x1b[01m\x1b[K/home/geonmo/ydlidar_ws/src/ydlidar_ros2_driver/src/ydlidar_ros2_driver_node.cpp:95:26:\x1b[m\x1b[K \x1b[01;36m\x1b[Knote: \x1b[m\x1b[K  candidate expects 4 arguments, 1 provided\n'}
[8.510283] (ydlidar_ros2_driver) StderrLine: {'line': b'   95 |   \x1b[01;36m\x1b[Knode->declare_parameter("fixed_resolution")\x1b[m\x1b[K;\n'}
[8.510397] (ydlidar_ros2_driver) StderrLine: {'line': b'      |   \x1b[01;36m\x1b[K~~~~~~~~~~~~~~~~~~~~~~~^~~~~~~~~~~~~~~~~~~~\x1b[m\x1b[K\n'}
[8.510511] (ydlidar_ros2_driver) StderrLine: {'line': b'In file included from \x1b[01m\x1b[K/opt/ros/humble/include/rclcpp/rclcpp/executors/single_threaded_executor.hpp:28\x1b[m\x1b[K,\n'}
[8.510626] (ydlidar_ros2_driver) StderrLine: {'line': b'                 from \x1b[01m\x1b[K/opt/ros/humble/include/rclcpp/rclcpp/executors.hpp:22\x1b[m\x1b[K,\n'}
[8.510741] (ydlidar_ros2_driver) StderrLine: {'line': b'                 from \x1b[01m\x1b[K/opt/ros/humble/include/rclcpp/rclcpp/rclcpp.hpp:155\x1b[m\x1b[K,\n'}
[8.510854] (ydlidar_ros2_driver) StderrLine: {'line': b'                 from \x1b[01m\x1b[K/home/geonmo/ydlidar_ws/src/ydlidar_ros2_driver/src/ydlidar_ros2_driver_node.cpp:23\x1b[m\x1b[K:\n'}
[8.510969] (ydlidar_ros2_driver) StderrLine: {'line': b'\x1b[01m\x1b[K/opt/ros/humble/include/rclcpp/rclcpp/node.hpp:434:3:\x1b[m\x1b[K \x1b[01;36m\x1b[Knote: \x1b[m\x1b[Kcandidate: \xe2\x80\x98\x1b[01m\x1b[Ktemplate<class ParameterT> auto rclcpp::Node::declare_parameter(const string&, const ParameterDescriptor&, bool)\x1b[m\x1b[K\xe2\x80\x99\n'}
[8.511091] (ydlidar_ros2_driver) StderrLine: {'line': b'  434 |   \x1b[01;36m\x1b[Kdeclare_parameter\x1b[m\x1b[K(\n'}
[8.511208] (ydlidar_ros2_driver) StderrLine: {'line': b'      |   \x1b[01;36m\x1b[K^~~~~~~~~~~~~~~~~\x1b[m\x1b[K\n'}
[8.511324] (ydlidar_ros2_driver) StderrLine: {'line': b'\x1b[01m\x1b[K/opt/ros/humble/include/rclcpp/rclcpp/node.hpp:434:3:\x1b[m\x1b[K \x1b[01;36m\x1b[Knote: \x1b[m\x1b[K  template argument deduction/substitution failed:\n'}
[8.511440] (ydlidar_ros2_driver) StderrLine: {'line': b'\x1b[01m\x1b[K/home/geonmo/ydlidar_ws/src/ydlidar_ros2_driver/src/ydlidar_ros2_driver_node.cpp:95:26:\x1b[m\x1b[K \x1b[01;36m\x1b[Knote: \x1b[m\x1b[K  couldn\xe2\x80\x99t deduce template parameter \xe2\x80\x98\x1b[01m\x1b[KParameterT\x1b[m\x1b[K\xe2\x80\x99\n'}
[8.511559] (ydlidar_ros2_driver) StderrLine: {'line': b'   95 |   \x1b[01;36m\x1b[Knode->declare_parameter("fixed_resolution")\x1b[m\x1b[K;\n'}
[8.511694] (ydlidar_ros2_driver) StderrLine: {'line': b'      |   \x1b[01;36m\x1b[K~~~~~~~~~~~~~~~~~~~~~~~^~~~~~~~~~~~~~~~~~~~\x1b[m\x1b[K\n'}
[8.511830] (ydlidar_ros2_driver) StderrLine: {'line': b'In file included from \x1b[01m\x1b[K/opt/ros/humble/include/rclcpp/rclcpp/executors/single_threaded_executor.hpp:28\x1b[m\x1b[K,\n'}
[8.512043] (ydlidar_ros2_driver) StderrLine: {'line': b'                 from \x1b[01m\x1b[K/opt/ros/humble/include/rclcpp/rclcpp/executors.hpp:22\x1b[m\x1b[K,\n'}
[8.512199] (ydlidar_ros2_driver) StderrLine: {'line': b'                 from \x1b[01m\x1b[K/opt/ros/humble/include/rclcpp/rclcpp/rclcpp.hpp:155\x1b[m\x1b[K,\n'}
[8.512327] (ydlidar_ros2_driver) StderrLine: {'line': b'                 from \x1b[01m\x1b[K/home/geonmo/ydlidar_ws/src/ydlidar_ros2_driver/src/ydlidar_ros2_driver_node.cpp:23\x1b[m\x1b[K:\n'}
[8.512470] (ydlidar_ros2_driver) StderrLine: {'line': b'\x1b[01m\x1b[K/opt/ros/humble/include/rclcpp/rclcpp/node.hpp:366:3:\x1b[m\x1b[K \x1b[01;36m\x1b[Knote: \x1b[m\x1b[Kcandidate: \xe2\x80\x98\x1b[01m\x1b[Kconst rclcpp::ParameterValue& rclcpp::Node::declare_parameter(const string&, const rclcpp::ParameterValue&, const ParameterDescriptor&, bool)\x1b[m\x1b[K\xe2\x80\x99\n'}
[8.512612] (ydlidar_ros2_driver) StderrLine: {'line': b'  366 |   \x1b[01;36m\x1b[Kdeclare_parameter\x1b[m\x1b[K(\n'}
[8.512734] (ydlidar_ros2_driver) StderrLine: {'line': b'      |   \x1b[01;36m\x1b[K^~~~~~~~~~~~~~~~~\x1b[m\x1b[K\n'}
[8.512868] (ydlidar_ros2_driver) StderrLine: {'line': b'\x1b[01m\x1b[K/opt/ros/humble/include/rclcpp/rclcpp/node.hpp:366:3:\x1b[m\x1b[K \x1b[01;36m\x1b[Knote: \x1b[m\x1b[K  candidate expects 4 arguments, 1 provided\n'}
[8.512992] (ydlidar_ros2_driver) StderrLine: {'line': b'\x1b[01m\x1b[K/opt/ros/humble/include/rclcpp/rclcpp/node.hpp:391:3:\x1b[m\x1b[K \x1b[01;36m\x1b[Knote: \x1b[m\x1b[Kcandidate: \xe2\x80\x98\x1b[01m\x1b[Kconst rclcpp::ParameterValue& rclcpp::Node::declare_parameter(const string&, rclcpp::ParameterType, const ParameterDescriptor&, bool)\x1b[m\x1b[K\xe2\x80\x99\n'}
[8.513275] (ydlidar_ros2_driver) StderrLine: {'line': b'  391 |   \x1b[01;36m\x1b[Kdeclare_parameter\x1b[m\x1b[K(\n'}
[8.513433] (ydlidar_ros2_driver) StderrLine: {'line': b'      |   \x1b[01;36m\x1b[K^~~~~~~~~~~~~~~~~\x1b[m\x1b[K\n'}
[8.513581] (ydlidar_ros2_driver) StderrLine: {'line': b'\x1b[01m\x1b[K/opt/ros/humble/include/rclcpp/rclcpp/node.hpp:391:3:\x1b[m\x1b[K \x1b[01;36m\x1b[Knote: \x1b[m\x1b[K  candidate expects 4 arguments, 1 provided\n'}
[8.513707] (ydlidar_ros2_driver) StderrLine: {'line': b'\x1b[01m\x1b[K/home/geonmo/ydlidar_ws/src/ydlidar_ros2_driver/src/ydlidar_ros2_driver_node.cpp:100:26:\x1b[m\x1b[K \x1b[01;31m\x1b[Kerror: \x1b[m\x1b[Kno matching function for call to \xe2\x80\x98\x1b[01m\x1b[Krclcpp::Node::declare_parameter(const char [10])\x1b[m\x1b[K\xe2\x80\x99\n'}
[8.513831] (ydlidar_ros2_driver) StderrLine: {'line': b'  100 |   \x1b[01;31m\x1b[Knode->declare_parameter("reversion")\x1b[m\x1b[K;\n'}
[8.513949] (ydlidar_ros2_driver) StderrLine: {'line': b'      |   \x1b[01;31m\x1b[K~~~~~~~~~~~~~~~~~~~~~~~^~~~~~~~~~~~~\x1b[m\x1b[K\n'}
[8.514063] (ydlidar_ros2_driver) StderrLine: {'line': b'In file included from \x1b[01m\x1b[K/opt/ros/humble/include/rclcpp/rclcpp/executors/single_threaded_executor.hpp:28\x1b[m\x1b[K,\n'}
[8.514178] (ydlidar_ros2_driver) StderrLine: {'line': b'                 from \x1b[01m\x1b[K/opt/ros/humble/include/rclcpp/rclcpp/executors.hpp:22\x1b[m\x1b[K,\n'}
[8.514295] (ydlidar_ros2_driver) StderrLine: {'line': b'                 from \x1b[01m\x1b[K/opt/ros/humble/include/rclcpp/rclcpp/rclcpp.hpp:155\x1b[m\x1b[K,\n'}
[8.514410] (ydlidar_ros2_driver) StderrLine: {'line': b'                 from \x1b[01m\x1b[K/home/geonmo/ydlidar_ws/src/ydlidar_ros2_driver/src/ydlidar_ros2_driver_node.cpp:23\x1b[m\x1b[K:\n'}
[8.514526] (ydlidar_ros2_driver) StderrLine: {'line': b'\x1b[01m\x1b[K/opt/ros/humble/include/rclcpp/rclcpp/node.hpp:421:3:\x1b[m\x1b[K \x1b[01;36m\x1b[Knote: \x1b[m\x1b[Kcandidate: \xe2\x80\x98\x1b[01m\x1b[Ktemplate<class ParameterT> auto rclcpp::Node::declare_parameter(const string&, const ParameterT&, const ParameterDescriptor&, bool)\x1b[m\x1b[K\xe2\x80\x99\n'}
[8.514666] (ydlidar_ros2_driver) StderrLine: {'line': b'  421 |   \x1b[01;36m\x1b[Kdeclare_parameter\x1b[m\x1b[K(\n'}
[8.514783] (ydlidar_ros2_driver) StderrLine: {'line': b'      |   \x1b[01;36m\x1b[K^~~~~~~~~~~~~~~~~\x1b[m\x1b[K\n'}
[8.514898] (ydlidar_ros2_driver) StderrLine: {'line': b'\x1b[01m\x1b[K/opt/ros/humble/include/rclcpp/rclcpp/node.hpp:421:3:\x1b[m\x1b[K \x1b[01;36m\x1b[Knote: \x1b[m\x1b[K  template argument deduction/substitution failed:\n'}
[8.515014] (ydlidar_ros2_driver) StderrLine: {'line': b'\x1b[01m\x1b[K/home/geonmo/ydlidar_ws/src/ydlidar_ros2_driver/src/ydlidar_ros2_driver_node.cpp:100:26:\x1b[m\x1b[K \x1b[01;36m\x1b[Knote: \x1b[m\x1b[K  candidate expects 4 arguments, 1 provided\n'}
[8.515131] (ydlidar_ros2_driver) StderrLine: {'line': b'  100 |   \x1b[01;36m\x1b[Knode->declare_parameter("reversion")\x1b[m\x1b[K;\n'}
[8.515246] (ydlidar_ros2_driver) StderrLine: {'line': b'      |   \x1b[01;36m\x1b[K~~~~~~~~~~~~~~~~~~~~~~~^~~~~~~~~~~~~\x1b[m\x1b[K\n'}
[8.515359] (ydlidar_ros2_driver) StderrLine: {'line': b'In file included from \x1b[01m\x1b[K/opt/ros/humble/include/rclcpp/rclcpp/executors/single_threaded_executor.hpp:28\x1b[m\x1b[K,\n'}
[8.515473] (ydlidar_ros2_driver) StderrLine: {'line': b'                 from \x1b[01m\x1b[K/opt/ros/humble/include/rclcpp/rclcpp/executors.hpp:22\x1b[m\x1b[K,\n'}
[8.515586] (ydlidar_ros2_driver) StderrLine: {'line': b'                 from \x1b[01m\x1b[K/opt/ros/humble/include/rclcpp/rclcpp/rclcpp.hpp:155\x1b[m\x1b[K,\n'}
[8.515698] (ydlidar_ros2_driver) StderrLine: {'line': b'                 from \x1b[01m\x1b[K/home/geonmo/ydlidar_ws/src/ydlidar_ros2_driver/src/ydlidar_ros2_driver_node.cpp:23\x1b[m\x1b[K:\n'}
[8.515835] (ydlidar_ros2_driver) StderrLine: {'line': b'\x1b[01m\x1b[K/opt/ros/humble/include/rclcpp/rclcpp/node.hpp:434:3:\x1b[m\x1b[K \x1b[01;36m\x1b[Knote: \x1b[m\x1b[Kcandidate: \xe2\x80\x98\x1b[01m\x1b[Ktemplate<class ParameterT> auto rclcpp::Node::declare_parameter(const string&, const ParameterDescriptor&, bool)\x1b[m\x1b[K\xe2\x80\x99\n'}
[8.515964] (ydlidar_ros2_driver) StderrLine: {'line': b'  434 |   \x1b[01;36m\x1b[Kdeclare_parameter\x1b[m\x1b[K(\n'}
[8.516080] (ydlidar_ros2_driver) StderrLine: {'line': b'      |   \x1b[01;36m\x1b[K^~~~~~~~~~~~~~~~~\x1b[m\x1b[K\n'}
[8.516194] (ydlidar_ros2_driver) StderrLine: {'line': b'\x1b[01m\x1b[K/opt/ros/humble/include/rclcpp/rclcpp/node.hpp:434:3:\x1b[m\x1b[K \x1b[01;36m\x1b[Knote: \x1b[m\x1b[K  template argument deduction/substitution failed:\n'}
[8.516309] (ydlidar_ros2_driver) StderrLine: {'line': b'\x1b[01m\x1b[K/home/geonmo/ydlidar_ws/src/ydlidar_ros2_driver/src/ydlidar_ros2_driver_node.cpp:100:26:\x1b[m\x1b[K \x1b[01;36m\x1b[Knote: \x1b[m\x1b[K  couldn\xe2\x80\x99t deduce template parameter \xe2\x80\x98\x1b[01m\x1b[KParameterT\x1b[m\x1b[K\xe2\x80\x99\n'}
[8.516427] (ydlidar_ros2_driver) StderrLine: {'line': b'  100 |   \x1b[01;36m\x1b[Knode->declare_parameter("reversion")\x1b[m\x1b[K;\n'}
[8.516542] (ydlidar_ros2_driver) StderrLine: {'line': b'      |   \x1b[01;36m\x1b[K~~~~~~~~~~~~~~~~~~~~~~~^~~~~~~~~~~~~\x1b[m\x1b[K\n'}
[8.516655] (ydlidar_ros2_driver) StderrLine: {'line': b'In file included from \x1b[01m\x1b[K/opt/ros/humble/include/rclcpp/rclcpp/executors/single_threaded_executor.hpp:28\x1b[m\x1b[K,\n'}
[8.516767] (ydlidar_ros2_driver) StderrLine: {'line': b'                 from \x1b[01m\x1b[K/opt/ros/humble/include/rclcpp/rclcpp/executors.hpp:22\x1b[m\x1b[K,\n'}
[8.516882] (ydlidar_ros2_driver) StderrLine: {'line': b'                 from \x1b[01m\x1b[K/opt/ros/humble/include/rclcpp/rclcpp/rclcpp.hpp:155\x1b[m\x1b[K,\n'}
[8.516996] (ydlidar_ros2_driver) StderrLine: {'line': b'                 from \x1b[01m\x1b[K/home/geonmo/ydlidar_ws/src/ydlidar_ros2_driver/src/ydlidar_ros2_driver_node.cpp:23\x1b[m\x1b[K:\n'}
[8.517144] (ydlidar_ros2_driver) StderrLine: {'line': b'\x1b[01m\x1b[K/opt/ros/humble/include/rclcpp/rclcpp/node.hpp:366:3:\x1b[m\x1b[K \x1b[01;36m\x1b[Knote: \x1b[m\x1b[Kcandidate: \xe2\x80\x98\x1b[01m\x1b[Kconst rclcpp::ParameterValue& rclcpp::Node::declare_parameter(const string&, const rclcpp::ParameterValue&, const ParameterDescriptor&, bool)\x1b[m\x1b[K\xe2\x80\x99\n'}
[8.517291] (ydlidar_ros2_driver) StderrLine: {'line': b'  366 |   \x1b[01;36m\x1b[Kdeclare_parameter\x1b[m\x1b[K(\n'}
[8.517412] (ydlidar_ros2_driver) StderrLine: {'line': b'      |   \x1b[01;36m\x1b[K^~~~~~~~~~~~~~~~~\x1b[m\x1b[K\n'}
[8.517528] (ydlidar_ros2_driver) StderrLine: {'line': b'\x1b[01m\x1b[K/opt/ros/humble/include/rclcpp/rclcpp/node.hpp:366:3:\x1b[m\x1b[K \x1b[01;36m\x1b[Knote: \x1b[m\x1b[K  candidate expects 4 arguments, 1 provided\n'}
[8.517644] (ydlidar_ros2_driver) StderrLine: {'line': b'\x1b[01m\x1b[K/opt/ros/humble/include/rclcpp/rclcpp/node.hpp:391:3:\x1b[m\x1b[K \x1b[01;36m\x1b[Knote: \x1b[m\x1b[Kcandidate: \xe2\x80\x98\x1b[01m\x1b[Kconst rclcpp::ParameterValue& rclcpp::Node::declare_parameter(const string&, rclcpp::ParameterType, const ParameterDescriptor&, bool)\x1b[m\x1b[K\xe2\x80\x99\n'}
[8.517778] (ydlidar_ros2_driver) StderrLine: {'line': b'  391 |   \x1b[01;36m\x1b[Kdeclare_parameter\x1b[m\x1b[K(\n'}
[8.517894] (ydlidar_ros2_driver) StderrLine: {'line': b'      |   \x1b[01;36m\x1b[K^~~~~~~~~~~~~~~~~\x1b[m\x1b[K\n'}
[8.518008] (ydlidar_ros2_driver) StderrLine: {'line': b'\x1b[01m\x1b[K/opt/ros/humble/include/rclcpp/rclcpp/node.hpp:391:3:\x1b[m\x1b[K \x1b[01;36m\x1b[Knote: \x1b[m\x1b[K  candidate expects 4 arguments, 1 provided\n'}
[8.518123] (ydlidar_ros2_driver) StderrLine: {'line': b'\x1b[01m\x1b[K/home/geonmo/ydlidar_ws/src/ydlidar_ros2_driver/src/ydlidar_ros2_driver_node.cpp:105:26:\x1b[m\x1b[K \x1b[01;31m\x1b[Kerror: \x1b[m\x1b[Kno matching function for call to \xe2\x80\x98\x1b[01m\x1b[Krclcpp::Node::declare_parameter(const char [9])\x1b[m\x1b[K\xe2\x80\x99\n'}
[8.518240] (ydlidar_ros2_driver) StderrLine: {'line': b'  105 |   \x1b[01;31m\x1b[Knode->declare_parameter("inverted")\x1b[m\x1b[K;\n'}
[8.518353] (ydlidar_ros2_driver) StderrLine: {'line': b'      |   \x1b[01;31m\x1b[K~~~~~~~~~~~~~~~~~~~~~~~^~~~~~~~~~~~\x1b[m\x1b[K\n'}
[8.518466] (ydlidar_ros2_driver) StderrLine: {'line': b'In file included from \x1b[01m\x1b[K/opt/ros/humble/include/rclcpp/rclcpp/executors/single_threaded_executor.hpp:28\x1b[m\x1b[K,\n'}
[8.518580] (ydlidar_ros2_driver) StderrLine: {'line': b'                 from \x1b[01m\x1b[K/opt/ros/humble/include/rclcpp/rclcpp/executors.hpp:22\x1b[m\x1b[K,\n'}
[8.518695] (ydlidar_ros2_driver) StderrLine: {'line': b'                 from \x1b[01m\x1b[K/opt/ros/humble/include/rclcpp/rclcpp/rclcpp.hpp:155\x1b[m\x1b[K,\n'}
[8.518809] (ydlidar_ros2_driver) StderrLine: {'line': b'                 from \x1b[01m\x1b[K/home/geonmo/ydlidar_ws/src/ydlidar_ros2_driver/src/ydlidar_ros2_driver_node.cpp:23\x1b[m\x1b[K:\n'}
[8.518922] (ydlidar_ros2_driver) StderrLine: {'line': b'\x1b[01m\x1b[K/opt/ros/humble/include/rclcpp/rclcpp/node.hpp:421:3:\x1b[m\x1b[K \x1b[01;36m\x1b[Knote: \x1b[m\x1b[Kcandidate: \xe2\x80\x98\x1b[01m\x1b[Ktemplate<class ParameterT> auto rclcpp::Node::declare_parameter(const string&, const ParameterT&, const ParameterDescriptor&, bool)\x1b[m\x1b[K\xe2\x80\x99\n'}
[8.519038] (ydlidar_ros2_driver) StderrLine: {'line': b'  421 |   \x1b[01;36m\x1b[Kdeclare_parameter\x1b[m\x1b[K(\n'}
[8.519151] (ydlidar_ros2_driver) StderrLine: {'line': b'      |   \x1b[01;36m\x1b[K^~~~~~~~~~~~~~~~~\x1b[m\x1b[K\n'}
[8.519262] (ydlidar_ros2_driver) StderrLine: {'line': b'\x1b[01m\x1b[K/opt/ros/humble/include/rclcpp/rclcpp/node.hpp:421:3:\x1b[m\x1b[K \x1b[01;36m\x1b[Knote: \x1b[m\x1b[K  template argument deduction/substitution failed:\n'}
[8.519377] (ydlidar_ros2_driver) StderrLine: {'line': b'\x1b[01m\x1b[K/home/geonmo/ydlidar_ws/src/ydlidar_ros2_driver/src/ydlidar_ros2_driver_node.cpp:105:26:\x1b[m\x1b[K \x1b[01;36m\x1b[Knote: \x1b[m\x1b[K  candidate expects 4 arguments, 1 provided\n'}
[8.519492] (ydlidar_ros2_driver) StderrLine: {'line': b'  105 |   \x1b[01;36m\x1b[Knode->declare_parameter("inverted")\x1b[m\x1b[K;\n'}
[8.519623] (ydlidar_ros2_driver) StderrLine: {'line': b'      |   \x1b[01;36m\x1b[K~~~~~~~~~~~~~~~~~~~~~~~^~~~~~~~~~~~\x1b[m\x1b[K\n'}
[8.519738] (ydlidar_ros2_driver) StderrLine: {'line': b'In file included from \x1b[01m\x1b[K/opt/ros/humble/include/rclcpp/rclcpp/executors/single_threaded_executor.hpp:28\x1b[m\x1b[K,\n'}
[8.519882] (ydlidar_ros2_driver) StderrLine: {'line': b'                 from \x1b[01m\x1b[K/opt/ros/humble/include/rclcpp/rclcpp/executors.hpp:22\x1b[m\x1b[K,\n'}
[8.519999] (ydlidar_ros2_driver) StderrLine: {'line': b'                 from \x1b[01m\x1b[K/opt/ros/humble/include/rclcpp/rclcpp/rclcpp.hpp:155\x1b[m\x1b[K,\n'}
[8.520113] (ydlidar_ros2_driver) StderrLine: {'line': b'                 from \x1b[01m\x1b[K/home/geonmo/ydlidar_ws/src/ydlidar_ros2_driver/src/ydlidar_ros2_driver_node.cpp:23\x1b[m\x1b[K:\n'}
[8.520227] (ydlidar_ros2_driver) StderrLine: {'line': b'\x1b[01m\x1b[K/opt/ros/humble/include/rclcpp/rclcpp/node.hpp:434:3:\x1b[m\x1b[K \x1b[01;36m\x1b[Knote: \x1b[m\x1b[Kcandidate: \xe2\x80\x98\x1b[01m\x1b[Ktemplate<class ParameterT> auto rclcpp::Node::declare_parameter(const string&, const ParameterDescriptor&, bool)\x1b[m\x1b[K\xe2\x80\x99\n'}
[8.520346] (ydlidar_ros2_driver) StderrLine: {'line': b'  434 |   \x1b[01;36m\x1b[Kdeclare_parameter\x1b[m\x1b[K(\n'}
[8.520460] (ydlidar_ros2_driver) StderrLine: {'line': b'      |   \x1b[01;36m\x1b[K^~~~~~~~~~~~~~~~~\x1b[m\x1b[K\n'}
[8.520573] (ydlidar_ros2_driver) StderrLine: {'line': b'\x1b[01m\x1b[K/opt/ros/humble/include/rclcpp/rclcpp/node.hpp:434:3:\x1b[m\x1b[K \x1b[01;36m\x1b[Knote: \x1b[m\x1b[K  template argument deduction/substitution failed:\n'}
[8.520687] (ydlidar_ros2_driver) StderrLine: {'line': b'\x1b[01m\x1b[K/home/geonmo/ydlidar_ws/src/ydlidar_ros2_driver/src/ydlidar_ros2_driver_node.cpp:105:26:\x1b[m\x1b[K \x1b[01;36m\x1b[Knote: \x1b[m\x1b[K  couldn\xe2\x80\x99t deduce template parameter \xe2\x80\x98\x1b[01m\x1b[KParameterT\x1b[m\x1b[K\xe2\x80\x99\n'}
[8.520801] (ydlidar_ros2_driver) StderrLine: {'line': b'  105 |   \x1b[01;36m\x1b[Knode->declare_parameter("inverted")\x1b[m\x1b[K;\n'}
[8.520912] (ydlidar_ros2_driver) StderrLine: {'line': b'      |   \x1b[01;36m\x1b[K~~~~~~~~~~~~~~~~~~~~~~~^~~~~~~~~~~~\x1b[m\x1b[K\n'}
[8.521024] (ydlidar_ros2_driver) StderrLine: {'line': b'In file included from \x1b[01m\x1b[K/opt/ros/humble/include/rclcpp/rclcpp/executors/single_threaded_executor.hpp:28\x1b[m\x1b[K,\n'}
[8.521153] (ydlidar_ros2_driver) StderrLine: {'line': b'                 from \x1b[01m\x1b[K/opt/ros/humble/include/rclcpp/rclcpp/executors.hpp:22\x1b[m\x1b[K,\n'}
[8.521272] (ydlidar_ros2_driver) StderrLine: {'line': b'                 from \x1b[01m\x1b[K/opt/ros/humble/include/rclcpp/rclcpp/rclcpp.hpp:155\x1b[m\x1b[K,\n'}
[8.521404] (ydlidar_ros2_driver) StderrLine: {'line': b'                 from \x1b[01m\x1b[K/home/geonmo/ydlidar_ws/src/ydlidar_ros2_driver/src/ydlidar_ros2_driver_node.cpp:23\x1b[m\x1b[K:\n'}
[8.521519] (ydlidar_ros2_driver) StderrLine: {'line': b'\x1b[01m\x1b[K/opt/ros/humble/include/rclcpp/rclcpp/node.hpp:366:3:\x1b[m\x1b[K \x1b[01;36m\x1b[Knote: \x1b[m\x1b[Kcandidate: \xe2\x80\x98\x1b[01m\x1b[Kconst rclcpp::ParameterValue& rclcpp::Node::declare_parameter(const string&, const rclcpp::ParameterValue&, const ParameterDescriptor&, bool)\x1b[m\x1b[K\xe2\x80\x99\n'}
[8.521641] (ydlidar_ros2_driver) StderrLine: {'line': b'  366 |   \x1b[01;36m\x1b[Kdeclare_parameter\x1b[m\x1b[K(\n'}
[8.521755] (ydlidar_ros2_driver) StderrLine: {'line': b'      |   \x1b[01;36m\x1b[K^~~~~~~~~~~~~~~~~\x1b[m\x1b[K\n'}
[8.521869] (ydlidar_ros2_driver) StderrLine: {'line': b'\x1b[01m\x1b[K/opt/ros/humble/include/rclcpp/rclcpp/node.hpp:366:3:\x1b[m\x1b[K \x1b[01;36m\x1b[Knote: \x1b[m\x1b[K  candidate expects 4 arguments, 1 provided\n'}
[8.521985] (ydlidar_ros2_driver) StderrLine: {'line': b'\x1b[01m\x1b[K/opt/ros/humble/include/rclcpp/rclcpp/node.hpp:391:3:\x1b[m\x1b[K \x1b[01;36m\x1b[Knote: \x1b[m\x1b[Kcandidate: \xe2\x80\x98\x1b[01m\x1b[Kconst rclcpp::ParameterValue& rclcpp::Node::declare_parameter(const string&, rclcpp::ParameterType, const ParameterDescriptor&, bool)\x1b[m\x1b[K\xe2\x80\x99\n'}
[8.522125] (ydlidar_ros2_driver) StderrLine: {'line': b'  391 |   \x1b[01;36m\x1b[Kdeclare_parameter\x1b[m\x1b[K(\n'}
[8.522239] (ydlidar_ros2_driver) StderrLine: {'line': b'      |   \x1b[01;36m\x1b[K^~~~~~~~~~~~~~~~~\x1b[m\x1b[K\n'}
[8.522352] (ydlidar_ros2_driver) StderrLine: {'line': b'\x1b[01m\x1b[K/opt/ros/humble/include/rclcpp/rclcpp/node.hpp:391:3:\x1b[m\x1b[K \x1b[01;36m\x1b[Knote: \x1b[m\x1b[K  candidate expects 4 arguments, 1 provided\n'}
[8.522466] (ydlidar_ros2_driver) StderrLine: {'line': b'\x1b[01m\x1b[K/home/geonmo/ydlidar_ws/src/ydlidar_ros2_driver/src/ydlidar_ros2_driver_node.cpp:109:26:\x1b[m\x1b[K \x1b[01;31m\x1b[Kerror: \x1b[m\x1b[Kno matching function for call to \xe2\x80\x98\x1b[01m\x1b[Krclcpp::Node::declare_parameter(const char [15])\x1b[m\x1b[K\xe2\x80\x99\n'}
[8.522582] (ydlidar_ros2_driver) StderrLine: {'line': b'  109 |   \x1b[01;31m\x1b[Knode->declare_parameter("auto_reconnect")\x1b[m\x1b[K;\n'}
[8.522694] (ydlidar_ros2_driver) StderrLine: {'line': b'      |   \x1b[01;31m\x1b[K~~~~~~~~~~~~~~~~~~~~~~~^~~~~~~~~~~~~~~~~~\x1b[m\x1b[K\n'}
[8.522806] (ydlidar_ros2_driver) StderrLine: {'line': b'In file included from \x1b[01m\x1b[K/opt/ros/humble/include/rclcpp/rclcpp/executors/single_threaded_executor.hpp:28\x1b[m\x1b[K,\n'}
[8.522919] (ydlidar_ros2_driver) StderrLine: {'line': b'                 from \x1b[01m\x1b[K/opt/ros/humble/include/rclcpp/rclcpp/executors.hpp:22\x1b[m\x1b[K,\n'}
[8.523034] (ydlidar_ros2_driver) StderrLine: {'line': b'                 from \x1b[01m\x1b[K/opt/ros/humble/include/rclcpp/rclcpp/rclcpp.hpp:155\x1b[m\x1b[K,\n'}
[8.523147] (ydlidar_ros2_driver) StderrLine: {'line': b'                 from \x1b[01m\x1b[K/home/geonmo/ydlidar_ws/src/ydlidar_ros2_driver/src/ydlidar_ros2_driver_node.cpp:23\x1b[m\x1b[K:\n'}
[8.523260] (ydlidar_ros2_driver) StderrLine: {'line': b'\x1b[01m\x1b[K/opt/ros/humble/include/rclcpp/rclcpp/node.hpp:421:3:\x1b[m\x1b[K \x1b[01;36m\x1b[Knote: \x1b[m\x1b[Kcandidate: \xe2\x80\x98\x1b[01m\x1b[Ktemplate<class ParameterT> auto rclcpp::Node::declare_parameter(const string&, const ParameterT&, const ParameterDescriptor&, bool)\x1b[m\x1b[K\xe2\x80\x99\n'}
[8.523377] (ydlidar_ros2_driver) StderrLine: {'line': b'  421 |   \x1b[01;36m\x1b[Kdeclare_parameter\x1b[m\x1b[K(\n'}
[8.523489] (ydlidar_ros2_driver) StderrLine: {'line': b'      |   \x1b[01;36m\x1b[K^~~~~~~~~~~~~~~~~\x1b[m\x1b[K\n'}
[8.523600] (ydlidar_ros2_driver) StderrLine: {'line': b'\x1b[01m\x1b[K/opt/ros/humble/include/rclcpp/rclcpp/node.hpp:421:3:\x1b[m\x1b[K \x1b[01;36m\x1b[Knote: \x1b[m\x1b[K  template argument deduction/substitution failed:\n'}
[8.523716] (ydlidar_ros2_driver) StderrLine: {'line': b'\x1b[01m\x1b[K/home/geonmo/ydlidar_ws/src/ydlidar_ros2_driver/src/ydlidar_ros2_driver_node.cpp:109:26:\x1b[m\x1b[K \x1b[01;36m\x1b[Knote: \x1b[m\x1b[K  candidate expects 4 arguments, 1 provided\n'}
[8.523873] (ydlidar_ros2_driver) StderrLine: {'line': b'  109 |   \x1b[01;36m\x1b[Knode->declare_parameter("auto_reconnect")\x1b[m\x1b[K;\n'}
[8.523997] (ydlidar_ros2_driver) StderrLine: {'line': b'      |   \x1b[01;36m\x1b[K~~~~~~~~~~~~~~~~~~~~~~~^~~~~~~~~~~~~~~~~~\x1b[m\x1b[K\n'}
[8.524112] (ydlidar_ros2_driver) StderrLine: {'line': b'In file included from \x1b[01m\x1b[K/opt/ros/humble/include/rclcpp/rclcpp/executors/single_threaded_executor.hpp:28\x1b[m\x1b[K,\n'}
[8.524225] (ydlidar_ros2_driver) StderrLine: {'line': b'                 from \x1b[01m\x1b[K/opt/ros/humble/include/rclcpp/rclcpp/executors.hpp:22\x1b[m\x1b[K,\n'}
[8.524339] (ydlidar_ros2_driver) StderrLine: {'line': b'                 from \x1b[01m\x1b[K/opt/ros/humble/include/rclcpp/rclcpp/rclcpp.hpp:155\x1b[m\x1b[K,\n'}
[8.524452] (ydlidar_ros2_driver) StderrLine: {'line': b'                 from \x1b[01m\x1b[K/home/geonmo/ydlidar_ws/src/ydlidar_ros2_driver/src/ydlidar_ros2_driver_node.cpp:23\x1b[m\x1b[K:\n'}
[8.524566] (ydlidar_ros2_driver) StderrLine: {'line': b'\x1b[01m\x1b[K/opt/ros/humble/include/rclcpp/rclcpp/node.hpp:434:3:\x1b[m\x1b[K \x1b[01;36m\x1b[Knote: \x1b[m\x1b[Kcandidate: \xe2\x80\x98\x1b[01m\x1b[Ktemplate<class ParameterT> auto rclcpp::Node::declare_parameter(const string&, const ParameterDescriptor&, bool)\x1b[m\x1b[K\xe2\x80\x99\n'}
[8.524704] (ydlidar_ros2_driver) StderrLine: {'line': b'  434 |   \x1b[01;36m\x1b[Kdeclare_parameter\x1b[m\x1b[K(\n'}
[8.524819] (ydlidar_ros2_driver) StderrLine: {'line': b'      |   \x1b[01;36m\x1b[K^~~~~~~~~~~~~~~~~\x1b[m\x1b[K\n'}
[8.524935] (ydlidar_ros2_driver) StderrLine: {'line': b'\x1b[01m\x1b[K/opt/ros/humble/include/rclcpp/rclcpp/node.hpp:434:3:\x1b[m\x1b[K \x1b[01;36m\x1b[Knote: \x1b[m\x1b[K  template argument deduction/substitution failed:\n'}
[8.525064] (ydlidar_ros2_driver) StderrLine: {'line': b'\x1b[01m\x1b[K/home/geonmo/ydlidar_ws/src/ydlidar_ros2_driver/src/ydlidar_ros2_driver_node.cpp:109:26:\x1b[m\x1b[K \x1b[01;36m\x1b[Knote: \x1b[m\x1b[K  couldn\xe2\x80\x99t deduce template parameter \xe2\x80\x98\x1b[01m\x1b[KParameterT\x1b[m\x1b[K\xe2\x80\x99\n'}
[8.525185] (ydlidar_ros2_driver) StderrLine: {'line': b'  109 |   \x1b[01;36m\x1b[Knode->declare_parameter("auto_reconnect")\x1b[m\x1b[K;\n'}
[8.525300] (ydlidar_ros2_driver) StderrLine: {'line': b'      |   \x1b[01;36m\x1b[K~~~~~~~~~~~~~~~~~~~~~~~^~~~~~~~~~~~~~~~~~\x1b[m\x1b[K\n'}
[8.525415] (ydlidar_ros2_driver) StderrLine: {'line': b'In file included from \x1b[01m\x1b[K/opt/ros/humble/include/rclcpp/rclcpp/executors/single_threaded_executor.hpp:28\x1b[m\x1b[K,\n'}
[8.525528] (ydlidar_ros2_driver) StderrLine: {'line': b'                 from \x1b[01m\x1b[K/opt/ros/humble/include/rclcpp/rclcpp/executors.hpp:22\x1b[m\x1b[K,\n'}
[8.525660] (ydlidar_ros2_driver) StderrLine: {'line': b'                 from \x1b[01m\x1b[K/opt/ros/humble/include/rclcpp/rclcpp/rclcpp.hpp:155\x1b[m\x1b[K,\n'}
[8.525776] (ydlidar_ros2_driver) StderrLine: {'line': b'                 from \x1b[01m\x1b[K/home/geonmo/ydlidar_ws/src/ydlidar_ros2_driver/src/ydlidar_ros2_driver_node.cpp:23\x1b[m\x1b[K:\n'}
[8.525891] (ydlidar_ros2_driver) StderrLine: {'line': b'\x1b[01m\x1b[K/opt/ros/humble/include/rclcpp/rclcpp/node.hpp:366:3:\x1b[m\x1b[K \x1b[01;36m\x1b[Knote: \x1b[m\x1b[Kcandidate: \xe2\x80\x98\x1b[01m\x1b[Kconst rclcpp::ParameterValue& rclcpp::Node::declare_parameter(const string&, const rclcpp::ParameterValue&, const ParameterDescriptor&, bool)\x1b[m\x1b[K\xe2\x80\x99\n'}
[8.526014] (ydlidar_ros2_driver) StderrLine: {'line': b'  366 |   \x1b[01;36m\x1b[Kdeclare_parameter\x1b[m\x1b[K(\n'}
[8.526130] (ydlidar_ros2_driver) StderrLine: {'line': b'      |   \x1b[01;36m\x1b[K^~~~~~~~~~~~~~~~~\x1b[m\x1b[K\n'}
[8.526246] (ydlidar_ros2_driver) StderrLine: {'line': b'\x1b[01m\x1b[K/opt/ros/humble/include/rclcpp/rclcpp/node.hpp:366:3:\x1b[m\x1b[K \x1b[01;36m\x1b[Knote: \x1b[m\x1b[K  candidate expects 4 arguments, 1 provided\n'}
[8.526362] (ydlidar_ros2_driver) StderrLine: {'line': b'\x1b[01m\x1b[K/opt/ros/humble/include/rclcpp/rclcpp/node.hpp:391:3:\x1b[m\x1b[K \x1b[01;36m\x1b[Knote: \x1b[m\x1b[Kcandidate: \xe2\x80\x98\x1b[01m\x1b[Kconst rclcpp::ParameterValue& rclcpp::Node::declare_parameter(const string&, rclcpp::ParameterType, const ParameterDescriptor&, bool)\x1b[m\x1b[K\xe2\x80\x99\n'}
[8.526498] (ydlidar_ros2_driver) StderrLine: {'line': b'  391 |   \x1b[01;36m\x1b[Kdeclare_parameter\x1b[m\x1b[K(\n'}
[8.526614] (ydlidar_ros2_driver) StderrLine: {'line': b'      |   \x1b[01;36m\x1b[K^~~~~~~~~~~~~~~~~\x1b[m\x1b[K\n'}
[8.526729] (ydlidar_ros2_driver) StderrLine: {'line': b'\x1b[01m\x1b[K/opt/ros/humble/include/rclcpp/rclcpp/node.hpp:391:3:\x1b[m\x1b[K \x1b[01;36m\x1b[Knote: \x1b[m\x1b[K  candidate expects 4 arguments, 1 provided\n'}
[8.526845] (ydlidar_ros2_driver) StderrLine: {'line': b'\x1b[01m\x1b[K/home/geonmo/ydlidar_ws/src/ydlidar_ros2_driver/src/ydlidar_ros2_driver_node.cpp:114:26:\x1b[m\x1b[K \x1b[01;31m\x1b[Kerror: \x1b[m\x1b[Kno matching function for call to \xe2\x80\x98\x1b[01m\x1b[Krclcpp::Node::declare_parameter(const char [16])\x1b[m\x1b[K\xe2\x80\x99\n'}
[8.526962] (ydlidar_ros2_driver) StderrLine: {'line': b'  114 |   \x1b[01;31m\x1b[Knode->declare_parameter("isSingleChannel")\x1b[m\x1b[K;\n'}
[8.527093] (ydlidar_ros2_driver) StderrLine: {'line': b'      |   \x1b[01;31m\x1b[K~~~~~~~~~~~~~~~~~~~~~~~^~~~~~~~~~~~~~~~~~~\x1b[m\x1b[K\n'}
[8.527206] (ydlidar_ros2_driver) StderrLine: {'line': b'In file included from \x1b[01m\x1b[K/opt/ros/humble/include/rclcpp/rclcpp/executors/single_threaded_executor.hpp:28\x1b[m\x1b[K,\n'}
[8.527321] (ydlidar_ros2_driver) StderrLine: {'line': b'                 from \x1b[01m\x1b[K/opt/ros/humble/include/rclcpp/rclcpp/executors.hpp:22\x1b[m\x1b[K,\n'}
[8.527436] (ydlidar_ros2_driver) StderrLine: {'line': b'                 from \x1b[01m\x1b[K/opt/ros/humble/include/rclcpp/rclcpp/rclcpp.hpp:155\x1b[m\x1b[K,\n'}
[8.527550] (ydlidar_ros2_driver) StderrLine: {'line': b'                 from \x1b[01m\x1b[K/home/geonmo/ydlidar_ws/src/ydlidar_ros2_driver/src/ydlidar_ros2_driver_node.cpp:23\x1b[m\x1b[K:\n'}
[8.527665] (ydlidar_ros2_driver) StderrLine: {'line': b'\x1b[01m\x1b[K/opt/ros/humble/include/rclcpp/rclcpp/node.hpp:421:3:\x1b[m\x1b[K \x1b[01;36m\x1b[Knote: \x1b[m\x1b[Kcandidate: \xe2\x80\x98\x1b[01m\x1b[Ktemplate<class ParameterT> auto rclcpp::Node::declare_parameter(const string&, const ParameterT&, const ParameterDescriptor&, bool)\x1b[m\x1b[K\xe2\x80\x99\n'}
[8.527782] (ydlidar_ros2_driver) StderrLine: {'line': b'  421 |   \x1b[01;36m\x1b[Kdeclare_parameter\x1b[m\x1b[K(\n'}
[8.527926] (ydlidar_ros2_driver) StderrLine: {'line': b'      |   \x1b[01;36m\x1b[K^~~~~~~~~~~~~~~~~\x1b[m\x1b[K\n'}
[8.528043] (ydlidar_ros2_driver) StderrLine: {'line': b'\x1b[01m\x1b[K/opt/ros/humble/include/rclcpp/rclcpp/node.hpp:421:3:\x1b[m\x1b[K \x1b[01;36m\x1b[Knote: \x1b[m\x1b[K  template argument deduction/substitution failed:\n'}
[8.528159] (ydlidar_ros2_driver) StderrLine: {'line': b'\x1b[01m\x1b[K/home/geonmo/ydlidar_ws/src/ydlidar_ros2_driver/src/ydlidar_ros2_driver_node.cpp:114:26:\x1b[m\x1b[K \x1b[01;36m\x1b[Knote: \x1b[m\x1b[K  candidate expects 4 arguments, 1 provided\n'}
[8.528276] (ydlidar_ros2_driver) StderrLine: {'line': b'  114 |   \x1b[01;36m\x1b[Knode->declare_parameter("isSingleChannel")\x1b[m\x1b[K;\n'}
[8.528390] (ydlidar_ros2_driver) StderrLine: {'line': b'      |   \x1b[01;36m\x1b[K~~~~~~~~~~~~~~~~~~~~~~~^~~~~~~~~~~~~~~~~~~\x1b[m\x1b[K\n'}
[8.528504] (ydlidar_ros2_driver) StderrLine: {'line': b'In file included from \x1b[01m\x1b[K/opt/ros/humble/include/rclcpp/rclcpp/executors/single_threaded_executor.hpp:28\x1b[m\x1b[K,\n'}
[8.528618] (ydlidar_ros2_driver) StderrLine: {'line': b'                 from \x1b[01m\x1b[K/opt/ros/humble/include/rclcpp/rclcpp/executors.hpp:22\x1b[m\x1b[K,\n'}
[8.528733] (ydlidar_ros2_driver) StderrLine: {'line': b'                 from \x1b[01m\x1b[K/opt/ros/humble/include/rclcpp/rclcpp/rclcpp.hpp:155\x1b[m\x1b[K,\n'}
[8.528847] (ydlidar_ros2_driver) StderrLine: {'line': b'                 from \x1b[01m\x1b[K/home/geonmo/ydlidar_ws/src/ydlidar_ros2_driver/src/ydlidar_ros2_driver_node.cpp:23\x1b[m\x1b[K:\n'}
[8.528962] (ydlidar_ros2_driver) StderrLine: {'line': b'\x1b[01m\x1b[K/opt/ros/humble/include/rclcpp/rclcpp/node.hpp:434:3:\x1b[m\x1b[K \x1b[01;36m\x1b[Knote: \x1b[m\x1b[Kcandidate: \xe2\x80\x98\x1b[01m\x1b[Ktemplate<class ParameterT> auto rclcpp::Node::declare_parameter(const string&, const ParameterDescriptor&, bool)\x1b[m\x1b[K\xe2\x80\x99\n'}
[8.529097] (ydlidar_ros2_driver) StderrLine: {'line': b'  434 |   \x1b[01;36m\x1b[Kdeclare_parameter\x1b[m\x1b[K(\n'}
[8.529215] (ydlidar_ros2_driver) StderrLine: {'line': b'      |   \x1b[01;36m\x1b[K^~~~~~~~~~~~~~~~~\x1b[m\x1b[K\n'}
[8.529329] (ydlidar_ros2_driver) StderrLine: {'line': b'\x1b[01m\x1b[K/opt/ros/humble/include/rclcpp/rclcpp/node.hpp:434:3:\x1b[m\x1b[K \x1b[01;36m\x1b[Knote: \x1b[m\x1b[K  template argument deduction/substitution failed:\n'}
[8.529446] (ydlidar_ros2_driver) StderrLine: {'line': b'\x1b[01m\x1b[K/home/geonmo/ydlidar_ws/src/ydlidar_ros2_driver/src/ydlidar_ros2_driver_node.cpp:114:26:\x1b[m\x1b[K \x1b[01;36m\x1b[Knote: \x1b[m\x1b[K  couldn\xe2\x80\x99t deduce template parameter \xe2\x80\x98\x1b[01m\x1b[KParameterT\x1b[m\x1b[K\xe2\x80\x99\n'}
[8.529563] (ydlidar_ros2_driver) StderrLine: {'line': b'  114 |   \x1b[01;36m\x1b[Knode->declare_parameter("isSingleChannel")\x1b[m\x1b[K;\n'}
[8.529694] (ydlidar_ros2_driver) StderrLine: {'line': b'      |   \x1b[01;36m\x1b[K~~~~~~~~~~~~~~~~~~~~~~~^~~~~~~~~~~~~~~~~~~\x1b[m\x1b[K\n'}
[8.529811] (ydlidar_ros2_driver) StderrLine: {'line': b'In file included from \x1b[01m\x1b[K/opt/ros/humble/include/rclcpp/rclcpp/executors/single_threaded_executor.hpp:28\x1b[m\x1b[K,\n'}
[8.529951] (ydlidar_ros2_driver) StderrLine: {'line': b'                 from \x1b[01m\x1b[K/opt/ros/humble/include/rclcpp/rclcpp/executors.hpp:22\x1b[m\x1b[K,\n'}
[8.530068] (ydlidar_ros2_driver) StderrLine: {'line': b'                 from \x1b[01m\x1b[K/opt/ros/humble/include/rclcpp/rclcpp/rclcpp.hpp:155\x1b[m\x1b[K,\n'}
[8.530184] (ydlidar_ros2_driver) StderrLine: {'line': b'                 from \x1b[01m\x1b[K/home/geonmo/ydlidar_ws/src/ydlidar_ros2_driver/src/ydlidar_ros2_driver_node.cpp:23\x1b[m\x1b[K:\n'}
[8.530298] (ydlidar_ros2_driver) StderrLine: {'line': b'\x1b[01m\x1b[K/opt/ros/humble/include/rclcpp/rclcpp/node.hpp:366:3:\x1b[m\x1b[K \x1b[01;36m\x1b[Knote: \x1b[m\x1b[Kcandidate: \xe2\x80\x98\x1b[01m\x1b[Kconst rclcpp::ParameterValue& rclcpp::Node::declare_parameter(const string&, const rclcpp::ParameterValue&, const ParameterDescriptor&, bool)\x1b[m\x1b[K\xe2\x80\x99\n'}
[8.530418] (ydlidar_ros2_driver) StderrLine: {'line': b'  366 |   \x1b[01;36m\x1b[Kdeclare_parameter\x1b[m\x1b[K(\n'}
[8.530534] (ydlidar_ros2_driver) StderrLine: {'line': b'      |   \x1b[01;36m\x1b[K^~~~~~~~~~~~~~~~~\x1b[m\x1b[K\n'}
[8.530647] (ydlidar_ros2_driver) StderrLine: {'line': b'\x1b[01m\x1b[K/opt/ros/humble/include/rclcpp/rclcpp/node.hpp:366:3:\x1b[m\x1b[K \x1b[01;36m\x1b[Knote: \x1b[m\x1b[K  candidate expects 4 arguments, 1 provided\n'}
[8.530781] (ydlidar_ros2_driver) StderrLine: {'line': b'\x1b[01m\x1b[K/opt/ros/humble/include/rclcpp/rclcpp/node.hpp:391:3:\x1b[m\x1b[K \x1b[01;36m\x1b[Knote: \x1b[m\x1b[Kcandidate: \xe2\x80\x98\x1b[01m\x1b[Kconst rclcpp::ParameterValue& rclcpp::Node::declare_parameter(const string&, rclcpp::ParameterType, const ParameterDescriptor&, bool)\x1b[m\x1b[K\xe2\x80\x99\n'}
[8.530900] (ydlidar_ros2_driver) StderrLine: {'line': b'  391 |   \x1b[01;36m\x1b[Kdeclare_parameter\x1b[m\x1b[K(\n'}
[8.531016] (ydlidar_ros2_driver) StderrLine: {'line': b'      |   \x1b[01;36m\x1b[K^~~~~~~~~~~~~~~~~\x1b[m\x1b[K\n'}
[8.531130] (ydlidar_ros2_driver) StderrLine: {'line': b'\x1b[01m\x1b[K/opt/ros/humble/include/rclcpp/rclcpp/node.hpp:391:3:\x1b[m\x1b[K \x1b[01;36m\x1b[Knote: \x1b[m\x1b[K  candidate expects 4 arguments, 1 provided\n'}
[8.531244] (ydlidar_ros2_driver) StderrLine: {'line': b'\x1b[01m\x1b[K/home/geonmo/ydlidar_ws/src/ydlidar_ros2_driver/src/ydlidar_ros2_driver_node.cpp:119:26:\x1b[m\x1b[K \x1b[01;31m\x1b[Kerror: \x1b[m\x1b[Kno matching function for call to \xe2\x80\x98\x1b[01m\x1b[Krclcpp::Node::declare_parameter(const char [10])\x1b[m\x1b[K\xe2\x80\x99\n'}
[8.531363] (ydlidar_ros2_driver) StderrLine: {'line': b'  119 |   \x1b[01;31m\x1b[Knode->declare_parameter("intensity")\x1b[m\x1b[K;\n'}
[8.531477] (ydlidar_ros2_driver) StderrLine: {'line': b'      |   \x1b[01;31m\x1b[K~~~~~~~~~~~~~~~~~~~~~~~^~~~~~~~~~~~~\x1b[m\x1b[K\n'}
[8.531592] (ydlidar_ros2_driver) StderrLine: {'line': b'In file included from \x1b[01m\x1b[K/opt/ros/humble/include/rclcpp/rclcpp/executors/single_threaded_executor.hpp:28\x1b[m\x1b[K,\n'}
[8.531706] (ydlidar_ros2_driver) StderrLine: {'line': b'                 from \x1b[01m\x1b[K/opt/ros/humble/include/rclcpp/rclcpp/executors.hpp:22\x1b[m\x1b[K,\n'}
[8.531842] (ydlidar_ros2_driver) StderrLine: {'line': b'                 from \x1b[01m\x1b[K/opt/ros/humble/include/rclcpp/rclcpp/rclcpp.hpp:155\x1b[m\x1b[K,\n'}
[8.531964] (ydlidar_ros2_driver) StderrLine: {'line': b'                 from \x1b[01m\x1b[K/home/geonmo/ydlidar_ws/src/ydlidar_ros2_driver/src/ydlidar_ros2_driver_node.cpp:23\x1b[m\x1b[K:\n'}
[8.532082] (ydlidar_ros2_driver) StderrLine: {'line': b'\x1b[01m\x1b[K/opt/ros/humble/include/rclcpp/rclcpp/node.hpp:421:3:\x1b[m\x1b[K \x1b[01;36m\x1b[Knote: \x1b[m\x1b[Kcandidate: \xe2\x80\x98\x1b[01m\x1b[Ktemplate<class ParameterT> auto rclcpp::Node::declare_parameter(const string&, const ParameterT&, const ParameterDescriptor&, bool)\x1b[m\x1b[K\xe2\x80\x99\n'}
[8.532220] (ydlidar_ros2_driver) StderrLine: {'line': b'  421 |   \x1b[01;36m\x1b[Kdeclare_parameter\x1b[m\x1b[K(\n'}
[8.532336] (ydlidar_ros2_driver) StderrLine: {'line': b'      |   \x1b[01;36m\x1b[K^~~~~~~~~~~~~~~~~\x1b[m\x1b[K\n'}
[8.532449] (ydlidar_ros2_driver) StderrLine: {'line': b'\x1b[01m\x1b[K/opt/ros/humble/include/rclcpp/rclcpp/node.hpp:421:3:\x1b[m\x1b[K \x1b[01;36m\x1b[Knote: \x1b[m\x1b[K  template argument deduction/substitution failed:\n'}
[8.532565] (ydlidar_ros2_driver) StderrLine: {'line': b'\x1b[01m\x1b[K/home/geonmo/ydlidar_ws/src/ydlidar_ros2_driver/src/ydlidar_ros2_driver_node.cpp:119:26:\x1b[m\x1b[K \x1b[01;36m\x1b[Knote: \x1b[m\x1b[K  candidate expects 4 arguments, 1 provided\n'}
[8.532679] (ydlidar_ros2_driver) StderrLine: {'line': b'  119 |   \x1b[01;36m\x1b[Knode->declare_parameter("intensity")\x1b[m\x1b[K;\n'}
[8.532793] (ydlidar_ros2_driver) StderrLine: {'line': b'      |   \x1b[01;36m\x1b[K~~~~~~~~~~~~~~~~~~~~~~~^~~~~~~~~~~~~\x1b[m\x1b[K\n'}
[8.532907] (ydlidar_ros2_driver) StderrLine: {'line': b'In file included from \x1b[01m\x1b[K/opt/ros/humble/include/rclcpp/rclcpp/executors/single_threaded_executor.hpp:28\x1b[m\x1b[K,\n'}
[8.533036] (ydlidar_ros2_driver) StderrLine: {'line': b'                 from \x1b[01m\x1b[K/opt/ros/humble/include/rclcpp/rclcpp/executors.hpp:22\x1b[m\x1b[K,\n'}
[8.533152] (ydlidar_ros2_driver) StderrLine: {'line': b'                 from \x1b[01m\x1b[K/opt/ros/humble/include/rclcpp/rclcpp/rclcpp.hpp:155\x1b[m\x1b[K,\n'}
[8.533267] (ydlidar_ros2_driver) StderrLine: {'line': b'                 from \x1b[01m\x1b[K/home/geonmo/ydlidar_ws/src/ydlidar_ros2_driver/src/ydlidar_ros2_driver_node.cpp:23\x1b[m\x1b[K:\n'}
[8.533383] (ydlidar_ros2_driver) StderrLine: {'line': b'\x1b[01m\x1b[K/opt/ros/humble/include/rclcpp/rclcpp/node.hpp:434:3:\x1b[m\x1b[K \x1b[01;36m\x1b[Knote: \x1b[m\x1b[Kcandidate: \xe2\x80\x98\x1b[01m\x1b[Ktemplate<class ParameterT> auto rclcpp::Node::declare_parameter(const string&, const ParameterDescriptor&, bool)\x1b[m\x1b[K\xe2\x80\x99\n'}
[8.533502] (ydlidar_ros2_driver) StderrLine: {'line': b'  434 |   \x1b[01;36m\x1b[Kdeclare_parameter\x1b[m\x1b[K(\n'}
[8.533620] (ydlidar_ros2_driver) StderrLine: {'line': b'      |   \x1b[01;36m\x1b[K^~~~~~~~~~~~~~~~~\x1b[m\x1b[K\n'}
[8.533737] (ydlidar_ros2_driver) StderrLine: {'line': b'\x1b[01m\x1b[K/opt/ros/humble/include/rclcpp/rclcpp/node.hpp:434:3:\x1b[m\x1b[K \x1b[01;36m\x1b[Knote: \x1b[m\x1b[K  template argument deduction/substitution failed:\n'}
[8.533854] (ydlidar_ros2_driver) StderrLine: {'line': b'\x1b[01m\x1b[K/home/geonmo/ydlidar_ws/src/ydlidar_ros2_driver/src/ydlidar_ros2_driver_node.cpp:119:26:\x1b[m\x1b[K \x1b[01;36m\x1b[Knote: \x1b[m\x1b[K  couldn\xe2\x80\x99t deduce template parameter \xe2\x80\x98\x1b[01m\x1b[KParameterT\x1b[m\x1b[K\xe2\x80\x99\n'}
[8.533970] (ydlidar_ros2_driver) StderrLine: {'line': b'  119 |   \x1b[01;36m\x1b[Knode->declare_parameter("intensity")\x1b[m\x1b[K;\n'}
[8.534084] (ydlidar_ros2_driver) StderrLine: {'line': b'      |   \x1b[01;36m\x1b[K~~~~~~~~~~~~~~~~~~~~~~~^~~~~~~~~~~~~\x1b[m\x1b[K\n'}
[8.534215] (ydlidar_ros2_driver) StderrLine: {'line': b'In file included from \x1b[01m\x1b[K/opt/ros/humble/include/rclcpp/rclcpp/executors/single_threaded_executor.hpp:28\x1b[m\x1b[K,\n'}
[8.534330] (ydlidar_ros2_driver) StderrLine: {'line': b'                 from \x1b[01m\x1b[K/opt/ros/humble/include/rclcpp/rclcpp/executors.hpp:22\x1b[m\x1b[K,\n'}
[8.534444] (ydlidar_ros2_driver) StderrLine: {'line': b'                 from \x1b[01m\x1b[K/opt/ros/humble/include/rclcpp/rclcpp/rclcpp.hpp:155\x1b[m\x1b[K,\n'}
[8.534558] (ydlidar_ros2_driver) StderrLine: {'line': b'                 from \x1b[01m\x1b[K/home/geonmo/ydlidar_ws/src/ydlidar_ros2_driver/src/ydlidar_ros2_driver_node.cpp:23\x1b[m\x1b[K:\n'}
[8.534671] (ydlidar_ros2_driver) StderrLine: {'line': b'\x1b[01m\x1b[K/opt/ros/humble/include/rclcpp/rclcpp/node.hpp:366:3:\x1b[m\x1b[K \x1b[01;36m\x1b[Knote: \x1b[m\x1b[Kcandidate: \xe2\x80\x98\x1b[01m\x1b[Kconst rclcpp::ParameterValue& rclcpp::Node::declare_parameter(const string&, const rclcpp::ParameterValue&, const ParameterDescriptor&, bool)\x1b[m\x1b[K\xe2\x80\x99\n'}
[8.534809] (ydlidar_ros2_driver) StderrLine: {'line': b'  366 |   \x1b[01;36m\x1b[Kdeclare_parameter\x1b[m\x1b[K(\n'}
[8.534926] (ydlidar_ros2_driver) StderrLine: {'line': b'      |   \x1b[01;36m\x1b[K^~~~~~~~~~~~~~~~~\x1b[m\x1b[K\n'}
[8.535039] (ydlidar_ros2_driver) StderrLine: {'line': b'\x1b[01m\x1b[K/opt/ros/humble/include/rclcpp/rclcpp/node.hpp:366:3:\x1b[m\x1b[K \x1b[01;36m\x1b[Knote: \x1b[m\x1b[K  candidate expects 4 arguments, 1 provided\n'}
[8.535171] (ydlidar_ros2_driver) StderrLine: {'line': b'\x1b[01m\x1b[K/opt/ros/humble/include/rclcpp/rclcpp/node.hpp:391:3:\x1b[m\x1b[K \x1b[01;36m\x1b[Knote: \x1b[m\x1b[Kcandidate: \xe2\x80\x98\x1b[01m\x1b[Kconst rclcpp::ParameterValue& rclcpp::Node::declare_parameter(const string&, rclcpp::ParameterType, const ParameterDescriptor&, bool)\x1b[m\x1b[K\xe2\x80\x99\n'}
[8.535290] (ydlidar_ros2_driver) StderrLine: {'line': b'  391 |   \x1b[01;36m\x1b[Kdeclare_parameter\x1b[m\x1b[K(\n'}
[8.535404] (ydlidar_ros2_driver) StderrLine: {'line': b'      |   \x1b[01;36m\x1b[K^~~~~~~~~~~~~~~~~\x1b[m\x1b[K\n'}
[8.535517] (ydlidar_ros2_driver) StderrLine: {'line': b'\x1b[01m\x1b[K/opt/ros/humble/include/rclcpp/rclcpp/node.hpp:391:3:\x1b[m\x1b[K \x1b[01;36m\x1b[Knote: \x1b[m\x1b[K  candidate expects 4 arguments, 1 provided\n'}
[8.535633] (ydlidar_ros2_driver) StderrLine: {'line': b'\x1b[01m\x1b[K/home/geonmo/ydlidar_ws/src/ydlidar_ros2_driver/src/ydlidar_ros2_driver_node.cpp:124:26:\x1b[m\x1b[K \x1b[01;31m\x1b[Kerror: \x1b[m\x1b[Kno matching function for call to \xe2\x80\x98\x1b[01m\x1b[Krclcpp::Node::declare_parameter(const char [18])\x1b[m\x1b[K\xe2\x80\x99\n'}
[8.535984] (ydlidar_ros2_driver) StderrLine: {'line': b'  124 |   \x1b[01;31m\x1b[Knode->declare_parameter("support_motor_dtr")\x1b[m\x1b[K;\n'}
[8.536112] (ydlidar_ros2_driver) StderrLine: {'line': b'      |   \x1b[01;31m\x1b[K~~~~~~~~~~~~~~~~~~~~~~~^~~~~~~~~~~~~~~~~~~~~\x1b[m\x1b[K\n'}
[8.536230] (ydlidar_ros2_driver) StderrLine: {'line': b'In file included from \x1b[01m\x1b[K/opt/ros/humble/include/rclcpp/rclcpp/executors/single_threaded_executor.hpp:28\x1b[m\x1b[K,\n'}
[8.536349] (ydlidar_ros2_driver) StderrLine: {'line': b'                 from \x1b[01m\x1b[K/opt/ros/humble/include/rclcpp/rclcpp/executors.hpp:22\x1b[m\x1b[K,\n'}
[8.536465] (ydlidar_ros2_driver) StderrLine: {'line': b'                 from \x1b[01m\x1b[K/opt/ros/humble/include/rclcpp/rclcpp/rclcpp.hpp:155\x1b[m\x1b[K,\n'}
[8.536580] (ydlidar_ros2_driver) StderrLine: {'line': b'                 from \x1b[01m\x1b[K/home/geonmo/ydlidar_ws/src/ydlidar_ros2_driver/src/ydlidar_ros2_driver_node.cpp:23\x1b[m\x1b[K:\n'}
[8.536696] (ydlidar_ros2_driver) StderrLine: {'line': b'\x1b[01m\x1b[K/opt/ros/humble/include/rclcpp/rclcpp/node.hpp:421:3:\x1b[m\x1b[K \x1b[01;36m\x1b[Knote: \x1b[m\x1b[Kcandidate: \xe2\x80\x98\x1b[01m\x1b[Ktemplate<class ParameterT> auto rclcpp::Node::declare_parameter(const string&, const ParameterT&, const ParameterDescriptor&, bool)\x1b[m\x1b[K\xe2\x80\x99\n'}
[8.536815] (ydlidar_ros2_driver) StderrLine: {'line': b'  421 |   \x1b[01;36m\x1b[Kdeclare_parameter\x1b[m\x1b[K(\n'}
[8.536929] (ydlidar_ros2_driver) StderrLine: {'line': b'      |   \x1b[01;36m\x1b[K^~~~~~~~~~~~~~~~~\x1b[m\x1b[K\n'}
[8.537044] (ydlidar_ros2_driver) StderrLine: {'line': b'\x1b[01m\x1b[K/opt/ros/humble/include/rclcpp/rclcpp/node.hpp:421:3:\x1b[m\x1b[K \x1b[01;36m\x1b[Knote: \x1b[m\x1b[K  template argument deduction/substitution failed:\n'}
[8.537178] (ydlidar_ros2_driver) StderrLine: {'line': b'\x1b[01m\x1b[K/home/geonmo/ydlidar_ws/src/ydlidar_ros2_driver/src/ydlidar_ros2_driver_node.cpp:124:26:\x1b[m\x1b[K \x1b[01;36m\x1b[Knote: \x1b[m\x1b[K  candidate expects 4 arguments, 1 provided\n'}
[8.537302] (ydlidar_ros2_driver) StderrLine: {'line': b'  124 |   \x1b[01;36m\x1b[Knode->declare_parameter("support_motor_dtr")\x1b[m\x1b[K;\n'}
[8.537433] (ydlidar_ros2_driver) StderrLine: {'line': b'      |   \x1b[01;36m\x1b[K~~~~~~~~~~~~~~~~~~~~~~~^~~~~~~~~~~~~~~~~~~~~\x1b[m\x1b[K\n'}
[8.537549] (ydlidar_ros2_driver) StderrLine: {'line': b'In file included from \x1b[01m\x1b[K/opt/ros/humble/include/rclcpp/rclcpp/executors/single_threaded_executor.hpp:28\x1b[m\x1b[K,\n'}
[8.537665] (ydlidar_ros2_driver) StderrLine: {'line': b'                 from \x1b[01m\x1b[K/opt/ros/humble/include/rclcpp/rclcpp/executors.hpp:22\x1b[m\x1b[K,\n'}
[8.537780] (ydlidar_ros2_driver) StderrLine: {'line': b'                 from \x1b[01m\x1b[K/opt/ros/humble/include/rclcpp/rclcpp/rclcpp.hpp:155\x1b[m\x1b[K,\n'}
[8.537894] (ydlidar_ros2_driver) StderrLine: {'line': b'                 from \x1b[01m\x1b[K/home/geonmo/ydlidar_ws/src/ydlidar_ros2_driver/src/ydlidar_ros2_driver_node.cpp:23\x1b[m\x1b[K:\n'}
[8.538008] (ydlidar_ros2_driver) StderrLine: {'line': b'\x1b[01m\x1b[K/opt/ros/humble/include/rclcpp/rclcpp/node.hpp:434:3:\x1b[m\x1b[K \x1b[01;36m\x1b[Knote: \x1b[m\x1b[Kcandidate: \xe2\x80\x98\x1b[01m\x1b[Ktemplate<class ParameterT> auto rclcpp::Node::declare_parameter(const string&, const ParameterDescriptor&, bool)\x1b[m\x1b[K\xe2\x80\x99\n'}
[8.538127] (ydlidar_ros2_driver) StderrLine: {'line': b'  434 |   \x1b[01;36m\x1b[Kdeclare_parameter\x1b[m\x1b[K(\n'}
[8.538240] (ydlidar_ros2_driver) StderrLine: {'line': b'      |   \x1b[01;36m\x1b[K^~~~~~~~~~~~~~~~~\x1b[m\x1b[K\n'}
[8.538354] (ydlidar_ros2_driver) StderrLine: {'line': b'\x1b[01m\x1b[K/opt/ros/humble/include/rclcpp/rclcpp/node.hpp:434:3:\x1b[m\x1b[K \x1b[01;36m\x1b[Knote: \x1b[m\x1b[K  template argument deduction/substitution failed:\n'}
[8.538471] (ydlidar_ros2_driver) StderrLine: {'line': b'\x1b[01m\x1b[K/home/geonmo/ydlidar_ws/src/ydlidar_ros2_driver/src/ydlidar_ros2_driver_node.cpp:124:26:\x1b[m\x1b[K \x1b[01;36m\x1b[Knote: \x1b[m\x1b[K  couldn\xe2\x80\x99t deduce template parameter \xe2\x80\x98\x1b[01m\x1b[KParameterT\x1b[m\x1b[K\xe2\x80\x99\n'}
[8.538588] (ydlidar_ros2_driver) StderrLine: {'line': b'  124 |   \x1b[01;36m\x1b[Knode->declare_parameter("support_motor_dtr")\x1b[m\x1b[K;\n'}
[8.538718] (ydlidar_ros2_driver) StderrLine: {'line': b'      |   \x1b[01;36m\x1b[K~~~~~~~~~~~~~~~~~~~~~~~^~~~~~~~~~~~~~~~~~~~~\x1b[m\x1b[K\n'}
[8.538835] (ydlidar_ros2_driver) StderrLine: {'line': b'In file included from \x1b[01m\x1b[K/opt/ros/humble/include/rclcpp/rclcpp/executors/single_threaded_executor.hpp:28\x1b[m\x1b[K,\n'}
[8.538949] (ydlidar_ros2_driver) StderrLine: {'line': b'                 from \x1b[01m\x1b[K/opt/ros/humble/include/rclcpp/rclcpp/executors.hpp:22\x1b[m\x1b[K,\n'}
[8.539062] (ydlidar_ros2_driver) StderrLine: {'line': b'                 from \x1b[01m\x1b[K/opt/ros/humble/include/rclcpp/rclcpp/rclcpp.hpp:155\x1b[m\x1b[K,\n'}
[8.539176] (ydlidar_ros2_driver) StderrLine: {'line': b'                 from \x1b[01m\x1b[K/home/geonmo/ydlidar_ws/src/ydlidar_ros2_driver/src/ydlidar_ros2_driver_node.cpp:23\x1b[m\x1b[K:\n'}
[8.539288] (ydlidar_ros2_driver) StderrLine: {'line': b'\x1b[01m\x1b[K/opt/ros/humble/include/rclcpp/rclcpp/node.hpp:366:3:\x1b[m\x1b[K \x1b[01;36m\x1b[Knote: \x1b[m\x1b[Kcandidate: \xe2\x80\x98\x1b[01m\x1b[Kconst rclcpp::ParameterValue& rclcpp::Node::declare_parameter(const string&, const rclcpp::ParameterValue&, const ParameterDescriptor&, bool)\x1b[m\x1b[K\xe2\x80\x99\n'}
[8.539424] (ydlidar_ros2_driver) StderrLine: {'line': b'  366 |   \x1b[01;36m\x1b[Kdeclare_parameter\x1b[m\x1b[K(\n'}
[8.539539] (ydlidar_ros2_driver) StderrLine: {'line': b'      |   \x1b[01;36m\x1b[K^~~~~~~~~~~~~~~~~\x1b[m\x1b[K\n'}
[8.539653] (ydlidar_ros2_driver) StderrLine: {'line': b'\x1b[01m\x1b[K/opt/ros/humble/include/rclcpp/rclcpp/node.hpp:366:3:\x1b[m\x1b[K \x1b[01;36m\x1b[Knote: \x1b[m\x1b[K  candidate expects 4 arguments, 1 provided\n'}
[8.539767] (ydlidar_ros2_driver) StderrLine: {'line': b'\x1b[01m\x1b[K/opt/ros/humble/include/rclcpp/rclcpp/node.hpp:391:3:\x1b[m\x1b[K \x1b[01;36m\x1b[Knote: \x1b[m\x1b[Kcandidate: \xe2\x80\x98\x1b[01m\x1b[Kconst rclcpp::ParameterValue& rclcpp::Node::declare_parameter(const string&, rclcpp::ParameterType, const ParameterDescriptor&, bool)\x1b[m\x1b[K\xe2\x80\x99\n'}
[8.539941] (ydlidar_ros2_driver) StderrLine: {'line': b'  391 |   \x1b[01;36m\x1b[Kdeclare_parameter\x1b[m\x1b[K(\n'}
[8.540057] (ydlidar_ros2_driver) StderrLine: {'line': b'      |   \x1b[01;36m\x1b[K^~~~~~~~~~~~~~~~~\x1b[m\x1b[K\n'}
[8.540172] (ydlidar_ros2_driver) StderrLine: {'line': b'\x1b[01m\x1b[K/opt/ros/humble/include/rclcpp/rclcpp/node.hpp:391:3:\x1b[m\x1b[K \x1b[01;36m\x1b[Knote: \x1b[m\x1b[K  candidate expects 4 arguments, 1 provided\n'}
[8.540296] (ydlidar_ros2_driver) StderrLine: {'line': b'\x1b[01m\x1b[K/home/geonmo/ydlidar_ws/src/ydlidar_ros2_driver/src/ydlidar_ros2_driver_node.cpp:129:26:\x1b[m\x1b[K \x1b[01;31m\x1b[Kerror: \x1b[m\x1b[Kno matching function for call to \xe2\x80\x98\x1b[01m\x1b[Krclcpp::Node::declare_parameter(const char [6])\x1b[m\x1b[K\xe2\x80\x99\n'}
[8.540420] (ydlidar_ros2_driver) StderrLine: {'line': b'  129 |   \x1b[01;31m\x1b[Knode->declare_parameter("debug")\x1b[m\x1b[K;\n'}
[8.540538] (ydlidar_ros2_driver) StderrLine: {'line': b'      |   \x1b[01;31m\x1b[K~~~~~~~~~~~~~~~~~~~~~~~^~~~~~~~~\x1b[m\x1b[K\n'}
[8.540654] (ydlidar_ros2_driver) StderrLine: {'line': b'In file included from \x1b[01m\x1b[K/opt/ros/humble/include/rclcpp/rclcpp/executors/single_threaded_executor.hpp:28\x1b[m\x1b[K,\n'}
[8.540769] (ydlidar_ros2_driver) StderrLine: {'line': b'                 from \x1b[01m\x1b[K/opt/ros/humble/include/rclcpp/rclcpp/executors.hpp:22\x1b[m\x1b[K,\n'}
[8.540884] (ydlidar_ros2_driver) StderrLine: {'line': b'                 from \x1b[01m\x1b[K/opt/ros/humble/include/rclcpp/rclcpp/rclcpp.hpp:155\x1b[m\x1b[K,\n'}
[8.540999] (ydlidar_ros2_driver) StderrLine: {'line': b'                 from \x1b[01m\x1b[K/home/geonmo/ydlidar_ws/src/ydlidar_ros2_driver/src/ydlidar_ros2_driver_node.cpp:23\x1b[m\x1b[K:\n'}
[8.541115] (ydlidar_ros2_driver) StderrLine: {'line': b'\x1b[01m\x1b[K/opt/ros/humble/include/rclcpp/rclcpp/node.hpp:421:3:\x1b[m\x1b[K \x1b[01;36m\x1b[Knote: \x1b[m\x1b[Kcandidate: \xe2\x80\x98\x1b[01m\x1b[Ktemplate<class ParameterT> auto rclcpp::Node::declare_parameter(const string&, const ParameterT&, const ParameterDescriptor&, bool)\x1b[m\x1b[K\xe2\x80\x99\n'}
[8.541246] (ydlidar_ros2_driver) StderrLine: {'line': b'  421 |   \x1b[01;36m\x1b[Kdeclare_parameter\x1b[m\x1b[K(\n'}
[8.541363] (ydlidar_ros2_driver) StderrLine: {'line': b'      |   \x1b[01;36m\x1b[K^~~~~~~~~~~~~~~~~\x1b[m\x1b[K\n'}
[8.541476] (ydlidar_ros2_driver) StderrLine: {'line': b'\x1b[01m\x1b[K/opt/ros/humble/include/rclcpp/rclcpp/node.hpp:421:3:\x1b[m\x1b[K \x1b[01;36m\x1b[Knote: \x1b[m\x1b[K  template argument deduction/substitution failed:\n'}
[8.541590] (ydlidar_ros2_driver) StderrLine: {'line': b'\x1b[01m\x1b[K/home/geonmo/ydlidar_ws/src/ydlidar_ros2_driver/src/ydlidar_ros2_driver_node.cpp:129:26:\x1b[m\x1b[K \x1b[01;36m\x1b[Knote: \x1b[m\x1b[K  candidate expects 4 arguments, 1 provided\n'}
[8.541706] (ydlidar_ros2_driver) StderrLine: {'line': b'  129 |   \x1b[01;36m\x1b[Knode->declare_parameter("debug")\x1b[m\x1b[K;\n'}
[8.541821] (ydlidar_ros2_driver) StderrLine: {'line': b'      |   \x1b[01;36m\x1b[K~~~~~~~~~~~~~~~~~~~~~~~^~~~~~~~~\x1b[m\x1b[K\n'}
[8.541933] (ydlidar_ros2_driver) StderrLine: {'line': b'In file included from \x1b[01m\x1b[K/opt/ros/humble/include/rclcpp/rclcpp/executors/single_threaded_executor.hpp:28\x1b[m\x1b[K,\n'}
[8.542047] (ydlidar_ros2_driver) StderrLine: {'line': b'                 from \x1b[01m\x1b[K/opt/ros/humble/include/rclcpp/rclcpp/executors.hpp:22\x1b[m\x1b[K,\n'}
[8.542161] (ydlidar_ros2_driver) StderrLine: {'line': b'                 from \x1b[01m\x1b[K/opt/ros/humble/include/rclcpp/rclcpp/rclcpp.hpp:155\x1b[m\x1b[K,\n'}
[8.542276] (ydlidar_ros2_driver) StderrLine: {'line': b'                 from \x1b[01m\x1b[K/home/geonmo/ydlidar_ws/src/ydlidar_ros2_driver/src/ydlidar_ros2_driver_node.cpp:23\x1b[m\x1b[K:\n'}
[8.542390] (ydlidar_ros2_driver) StderrLine: {'line': b'\x1b[01m\x1b[K/opt/ros/humble/include/rclcpp/rclcpp/node.hpp:434:3:\x1b[m\x1b[K \x1b[01;36m\x1b[Knote: \x1b[m\x1b[Kcandidate: \xe2\x80\x98\x1b[01m\x1b[Ktemplate<class ParameterT> auto rclcpp::Node::declare_parameter(const string&, const ParameterDescriptor&, bool)\x1b[m\x1b[K\xe2\x80\x99\n'}
[8.542526] (ydlidar_ros2_driver) StderrLine: {'line': b'  434 |   \x1b[01;36m\x1b[Kdeclare_parameter\x1b[m\x1b[K(\n'}
[8.542642] (ydlidar_ros2_driver) StderrLine: {'line': b'      |   \x1b[01;36m\x1b[K^~~~~~~~~~~~~~~~~\x1b[m\x1b[K\n'}
[8.542757] (ydlidar_ros2_driver) StderrLine: {'line': b'\x1b[01m\x1b[K/opt/ros/humble/include/rclcpp/rclcpp/node.hpp:434:3:\x1b[m\x1b[K \x1b[01;36m\x1b[Knote: \x1b[m\x1b[K  template argument deduction/substitution failed:\n'}
[8.542871] (ydlidar_ros2_driver) StderrLine: {'line': b'\x1b[01m\x1b[K/home/geonmo/ydlidar_ws/src/ydlidar_ros2_driver/src/ydlidar_ros2_driver_node.cpp:129:26:\x1b[m\x1b[K \x1b[01;36m\x1b[Knote: \x1b[m\x1b[K  couldn\xe2\x80\x99t deduce template parameter \xe2\x80\x98\x1b[01m\x1b[KParameterT\x1b[m\x1b[K\xe2\x80\x99\n'}
[8.543012] (ydlidar_ros2_driver) StderrLine: {'line': b'  129 |   \x1b[01;36m\x1b[Knode->declare_parameter("debug")\x1b[m\x1b[K;\n'}
[8.543127] (ydlidar_ros2_driver) StderrLine: {'line': b'      |   \x1b[01;36m\x1b[K~~~~~~~~~~~~~~~~~~~~~~~^~~~~~~~~\x1b[m\x1b[K\n'}
[8.543241] (ydlidar_ros2_driver) StderrLine: {'line': b'In file included from \x1b[01m\x1b[K/opt/ros/humble/include/rclcpp/rclcpp/executors/single_threaded_executor.hpp:28\x1b[m\x1b[K,\n'}
[8.543353] (ydlidar_ros2_driver) StderrLine: {'line': b'                 from \x1b[01m\x1b[K/opt/ros/humble/include/rclcpp/rclcpp/executors.hpp:22\x1b[m\x1b[K,\n'}
[8.543468] (ydlidar_ros2_driver) StderrLine: {'line': b'                 from \x1b[01m\x1b[K/opt/ros/humble/include/rclcpp/rclcpp/rclcpp.hpp:155\x1b[m\x1b[K,\n'}
[8.543582] (ydlidar_ros2_driver) StderrLine: {'line': b'                 from \x1b[01m\x1b[K/home/geonmo/ydlidar_ws/src/ydlidar_ros2_driver/src/ydlidar_ros2_driver_node.cpp:23\x1b[m\x1b[K:\n'}
[8.543698] (ydlidar_ros2_driver) StderrLine: {'line': b'\x1b[01m\x1b[K/opt/ros/humble/include/rclcpp/rclcpp/node.hpp:366:3:\x1b[m\x1b[K \x1b[01;36m\x1b[Knote: \x1b[m\x1b[Kcandidate: \xe2\x80\x98\x1b[01m\x1b[Kconst rclcpp::ParameterValue& rclcpp::Node::declare_parameter(const string&, const rclcpp::ParameterValue&, const ParameterDescriptor&, bool)\x1b[m\x1b[K\xe2\x80\x99\n'}
[8.543855] (ydlidar_ros2_driver) StderrLine: {'line': b'  366 |   \x1b[01;36m\x1b[Kdeclare_parameter\x1b[m\x1b[K(\n'}
[8.543979] (ydlidar_ros2_driver) StderrLine: {'line': b'      |   \x1b[01;36m\x1b[K^~~~~~~~~~~~~~~~~\x1b[m\x1b[K\n'}
[8.544095] (ydlidar_ros2_driver) StderrLine: {'line': b'\x1b[01m\x1b[K/opt/ros/humble/include/rclcpp/rclcpp/node.hpp:366:3:\x1b[m\x1b[K \x1b[01;36m\x1b[Knote: \x1b[m\x1b[K  candidate expects 4 arguments, 1 provided\n'}
[8.544210] (ydlidar_ros2_driver) StderrLine: {'line': b'\x1b[01m\x1b[K/opt/ros/humble/include/rclcpp/rclcpp/node.hpp:391:3:\x1b[m\x1b[K \x1b[01;36m\x1b[Knote: \x1b[m\x1b[Kcandidate: \xe2\x80\x98\x1b[01m\x1b[Kconst rclcpp::ParameterValue& rclcpp::Node::declare_parameter(const string&, rclcpp::ParameterType, const ParameterDescriptor&, bool)\x1b[m\x1b[K\xe2\x80\x99\n'}
[8.544329] (ydlidar_ros2_driver) StderrLine: {'line': b'  391 |   \x1b[01;36m\x1b[Kdeclare_parameter\x1b[m\x1b[K(\n'}
[8.544441] (ydlidar_ros2_driver) StderrLine: {'line': b'      |   \x1b[01;36m\x1b[K^~~~~~~~~~~~~~~~~\x1b[m\x1b[K\n'}
[8.544552] (ydlidar_ros2_driver) StderrLine: {'line': b'\x1b[01m\x1b[K/opt/ros/humble/include/rclcpp/rclcpp/node.hpp:391:3:\x1b[m\x1b[K \x1b[01;36m\x1b[Knote: \x1b[m\x1b[K  candidate expects 4 arguments, 1 provided\n'}
[8.544667] (ydlidar_ros2_driver) StderrLine: {'line': b'\x1b[01m\x1b[K/home/geonmo/ydlidar_ws/src/ydlidar_ros2_driver/src/ydlidar_ros2_driver_node.cpp:136:26:\x1b[m\x1b[K \x1b[01;31m\x1b[Kerror: \x1b[m\x1b[Kno matching function for call to \xe2\x80\x98\x1b[01m\x1b[Krclcpp::Node::declare_parameter(const char [10])\x1b[m\x1b[K\xe2\x80\x99\n'}
[8.544785] (ydlidar_ros2_driver) StderrLine: {'line': b'  136 |   \x1b[01;31m\x1b[Knode->declare_parameter("angle_max")\x1b[m\x1b[K;\n'}
[8.544916] (ydlidar_ros2_driver) StderrLine: {'line': b'      |   \x1b[01;31m\x1b[K~~~~~~~~~~~~~~~~~~~~~~~^~~~~~~~~~~~~\x1b[m\x1b[K\n'}
[8.545030] (ydlidar_ros2_driver) StderrLine: {'line': b'In file included from \x1b[01m\x1b[K/opt/ros/humble/include/rclcpp/rclcpp/executors/single_threaded_executor.hpp:28\x1b[m\x1b[K,\n'}
[8.545156] (ydlidar_ros2_driver) StderrLine: {'line': b'                 from \x1b[01m\x1b[K/opt/ros/humble/include/rclcpp/rclcpp/executors.hpp:22\x1b[m\x1b[K,\n'}
[8.545272] (ydlidar_ros2_driver) StderrLine: {'line': b'                 from \x1b[01m\x1b[K/opt/ros/humble/include/rclcpp/rclcpp/rclcpp.hpp:155\x1b[m\x1b[K,\n'}
[8.545384] (-) TimerEvent: {}
[8.546058] (ydlidar_ros2_driver) StderrLine: {'line': b'                 from \x1b[01m\x1b[K/home/geonmo/ydlidar_ws/src/ydlidar_ros2_driver/src/ydlidar_ros2_driver_node.cpp:23\x1b[m\x1b[K:\n'}
[8.546238] (ydlidar_ros2_driver) StderrLine: {'line': b'\x1b[01m\x1b[K/opt/ros/humble/include/rclcpp/rclcpp/node.hpp:421:3:\x1b[m\x1b[K \x1b[01;36m\x1b[Knote: \x1b[m\x1b[Kcandidate: \xe2\x80\x98\x1b[01m\x1b[Ktemplate<class ParameterT> auto rclcpp::Node::declare_parameter(const string&, const ParameterT&, const ParameterDescriptor&, bool)\x1b[m\x1b[K\xe2\x80\x99\n'}
[8.546371] (ydlidar_ros2_driver) StderrLine: {'line': b'  421 |   \x1b[01;36m\x1b[Kdeclare_parameter\x1b[m\x1b[K(\n'}
[8.546494] (ydlidar_ros2_driver) StderrLine: {'line': b'      |   \x1b[01;36m\x1b[K^~~~~~~~~~~~~~~~~\x1b[m\x1b[K\n'}
[8.546612] (ydlidar_ros2_driver) StderrLine: {'line': b'\x1b[01m\x1b[K/opt/ros/humble/include/rclcpp/rclcpp/node.hpp:421:3:\x1b[m\x1b[K \x1b[01;36m\x1b[Knote: \x1b[m\x1b[K  template argument deduction/substitution failed:\n'}
[8.546729] (ydlidar_ros2_driver) StderrLine: {'line': b'\x1b[01m\x1b[K/home/geonmo/ydlidar_ws/src/ydlidar_ros2_driver/src/ydlidar_ros2_driver_node.cpp:136:26:\x1b[m\x1b[K \x1b[01;36m\x1b[Knote: \x1b[m\x1b[K  candidate expects 4 arguments, 1 provided\n'}
[8.546849] (ydlidar_ros2_driver) StderrLine: {'line': b'  136 |   \x1b[01;36m\x1b[Knode->declare_parameter("angle_max")\x1b[m\x1b[K;\n'}
[8.546966] (ydlidar_ros2_driver) StderrLine: {'line': b'      |   \x1b[01;36m\x1b[K~~~~~~~~~~~~~~~~~~~~~~~^~~~~~~~~~~~~\x1b[m\x1b[K\n'}
[8.547082] (ydlidar_ros2_driver) StderrLine: {'line': b'In file included from \x1b[01m\x1b[K/opt/ros/humble/include/rclcpp/rclcpp/executors/single_threaded_executor.hpp:28\x1b[m\x1b[K,\n'}
[8.547197] (ydlidar_ros2_driver) StderrLine: {'line': b'                 from \x1b[01m\x1b[K/opt/ros/humble/include/rclcpp/rclcpp/executors.hpp:22\x1b[m\x1b[K,\n'}
[8.547315] (ydlidar_ros2_driver) StderrLine: {'line': b'                 from \x1b[01m\x1b[K/opt/ros/humble/include/rclcpp/rclcpp/rclcpp.hpp:155\x1b[m\x1b[K,\n'}
[8.547430] (ydlidar_ros2_driver) StderrLine: {'line': b'                 from \x1b[01m\x1b[K/home/geonmo/ydlidar_ws/src/ydlidar_ros2_driver/src/ydlidar_ros2_driver_node.cpp:23\x1b[m\x1b[K:\n'}
[8.547545] (ydlidar_ros2_driver) StderrLine: {'line': b'\x1b[01m\x1b[K/opt/ros/humble/include/rclcpp/rclcpp/node.hpp:434:3:\x1b[m\x1b[K \x1b[01;36m\x1b[Knote: \x1b[m\x1b[Kcandidate: \xe2\x80\x98\x1b[01m\x1b[Ktemplate<class ParameterT> auto rclcpp::Node::declare_parameter(const string&, const ParameterDescriptor&, bool)\x1b[m\x1b[K\xe2\x80\x99\n'}
[8.547664] (ydlidar_ros2_driver) StderrLine: {'line': b'  434 |   \x1b[01;36m\x1b[Kdeclare_parameter\x1b[m\x1b[K(\n'}
[8.547780] (ydlidar_ros2_driver) StderrLine: {'line': b'      |   \x1b[01;36m\x1b[K^~~~~~~~~~~~~~~~~\x1b[m\x1b[K\n'}
[8.547940] (ydlidar_ros2_driver) StderrLine: {'line': b'\x1b[01m\x1b[K/opt/ros/humble/include/rclcpp/rclcpp/node.hpp:434:3:\x1b[m\x1b[K \x1b[01;36m\x1b[Knote: \x1b[m\x1b[K  template argument deduction/substitution failed:\n'}
[8.548061] (ydlidar_ros2_driver) StderrLine: {'line': b'\x1b[01m\x1b[K/home/geonmo/ydlidar_ws/src/ydlidar_ros2_driver/src/ydlidar_ros2_driver_node.cpp:136:26:\x1b[m\x1b[K \x1b[01;36m\x1b[Knote: \x1b[m\x1b[K  couldn\xe2\x80\x99t deduce template parameter \xe2\x80\x98\x1b[01m\x1b[KParameterT\x1b[m\x1b[K\xe2\x80\x99\n'}
[8.548209] (ydlidar_ros2_driver) StderrLine: {'line': b'  136 |   \x1b[01;36m\x1b[Knode->declare_parameter("angle_max")\x1b[m\x1b[K;\n'}
[8.548345] (ydlidar_ros2_driver) StderrLine: {'line': b'      |   \x1b[01;36m\x1b[K~~~~~~~~~~~~~~~~~~~~~~~^~~~~~~~~~~~~\x1b[m\x1b[K\n'}
[8.548462] (ydlidar_ros2_driver) StderrLine: {'line': b'In file included from \x1b[01m\x1b[K/opt/ros/humble/include/rclcpp/rclcpp/executors/single_threaded_executor.hpp:28\x1b[m\x1b[K,\n'}
[8.548580] (ydlidar_ros2_driver) StderrLine: {'line': b'                 from \x1b[01m\x1b[K/opt/ros/humble/include/rclcpp/rclcpp/executors.hpp:22\x1b[m\x1b[K,\n'}
[8.548694] (ydlidar_ros2_driver) StderrLine: {'line': b'                 from \x1b[01m\x1b[K/opt/ros/humble/include/rclcpp/rclcpp/rclcpp.hpp:155\x1b[m\x1b[K,\n'}
[8.548809] (ydlidar_ros2_driver) StderrLine: {'line': b'                 from \x1b[01m\x1b[K/home/geonmo/ydlidar_ws/src/ydlidar_ros2_driver/src/ydlidar_ros2_driver_node.cpp:23\x1b[m\x1b[K:\n'}
[8.548924] (ydlidar_ros2_driver) StderrLine: {'line': b'\x1b[01m\x1b[K/opt/ros/humble/include/rclcpp/rclcpp/node.hpp:366:3:\x1b[m\x1b[K \x1b[01;36m\x1b[Knote: \x1b[m\x1b[Kcandidate: \xe2\x80\x98\x1b[01m\x1b[Kconst rclcpp::ParameterValue& rclcpp::Node::declare_parameter(const string&, const rclcpp::ParameterValue&, const ParameterDescriptor&, bool)\x1b[m\x1b[K\xe2\x80\x99\n'}
[8.549065] (ydlidar_ros2_driver) StderrLine: {'line': b'  366 |   \x1b[01;36m\x1b[Kdeclare_parameter\x1b[m\x1b[K(\n'}
[8.549182] (ydlidar_ros2_driver) StderrLine: {'line': b'      |   \x1b[01;36m\x1b[K^~~~~~~~~~~~~~~~~\x1b[m\x1b[K\n'}
[8.549295] (ydlidar_ros2_driver) StderrLine: {'line': b'\x1b[01m\x1b[K/opt/ros/humble/include/rclcpp/rclcpp/node.hpp:366:3:\x1b[m\x1b[K \x1b[01;36m\x1b[Knote: \x1b[m\x1b[K  candidate expects 4 arguments, 1 provided\n'}
[8.549413] (ydlidar_ros2_driver) StderrLine: {'line': b'\x1b[01m\x1b[K/opt/ros/humble/include/rclcpp/rclcpp/node.hpp:391:3:\x1b[m\x1b[K \x1b[01;36m\x1b[Knote: \x1b[m\x1b[Kcandidate: \xe2\x80\x98\x1b[01m\x1b[Kconst rclcpp::ParameterValue& rclcpp::Node::declare_parameter(const string&, rclcpp::ParameterType, const ParameterDescriptor&, bool)\x1b[m\x1b[K\xe2\x80\x99\n'}
[8.549532] (ydlidar_ros2_driver) StderrLine: {'line': b'  391 |   \x1b[01;36m\x1b[Kdeclare_parameter\x1b[m\x1b[K(\n'}
[8.549648] (ydlidar_ros2_driver) StderrLine: {'line': b'      |   \x1b[01;36m\x1b[K^~~~~~~~~~~~~~~~~\x1b[m\x1b[K\n'}
[8.549762] (ydlidar_ros2_driver) StderrLine: {'line': b'\x1b[01m\x1b[K/opt/ros/humble/include/rclcpp/rclcpp/node.hpp:391:3:\x1b[m\x1b[K \x1b[01;36m\x1b[Knote: \x1b[m\x1b[K  candidate expects 4 arguments, 1 provided\n'}
[8.549878] (ydlidar_ros2_driver) StderrLine: {'line': b'\x1b[01m\x1b[K/home/geonmo/ydlidar_ws/src/ydlidar_ros2_driver/src/ydlidar_ros2_driver_node.cpp:140:26:\x1b[m\x1b[K \x1b[01;31m\x1b[Kerror: \x1b[m\x1b[Kno matching function for call to \xe2\x80\x98\x1b[01m\x1b[Krclcpp::Node::declare_parameter(const char [10])\x1b[m\x1b[K\xe2\x80\x99\n'}
[8.550012] (ydlidar_ros2_driver) StderrLine: {'line': b'  140 |   \x1b[01;31m\x1b[Knode->declare_parameter("angle_min")\x1b[m\x1b[K;\n'}
[8.550132] (ydlidar_ros2_driver) StderrLine: {'line': b'      |   \x1b[01;31m\x1b[K~~~~~~~~~~~~~~~~~~~~~~~^~~~~~~~~~~~~\x1b[m\x1b[K\n'}
[8.550249] (ydlidar_ros2_driver) StderrLine: {'line': b'In file included from \x1b[01m\x1b[K/opt/ros/humble/include/rclcpp/rclcpp/executors/single_threaded_executor.hpp:28\x1b[m\x1b[K,\n'}
[8.550366] (ydlidar_ros2_driver) StderrLine: {'line': b'                 from \x1b[01m\x1b[K/opt/ros/humble/include/rclcpp/rclcpp/executors.hpp:22\x1b[m\x1b[K,\n'}
[8.550482] (ydlidar_ros2_driver) StderrLine: {'line': b'                 from \x1b[01m\x1b[K/opt/ros/humble/include/rclcpp/rclcpp/rclcpp.hpp:155\x1b[m\x1b[K,\n'}
[8.550598] (ydlidar_ros2_driver) StderrLine: {'line': b'                 from \x1b[01m\x1b[K/home/geonmo/ydlidar_ws/src/ydlidar_ros2_driver/src/ydlidar_ros2_driver_node.cpp:23\x1b[m\x1b[K:\n'}
[8.550715] (ydlidar_ros2_driver) StderrLine: {'line': b'\x1b[01m\x1b[K/opt/ros/humble/include/rclcpp/rclcpp/node.hpp:421:3:\x1b[m\x1b[K \x1b[01;36m\x1b[Knote: \x1b[m\x1b[Kcandidate: \xe2\x80\x98\x1b[01m\x1b[Ktemplate<class ParameterT> auto rclcpp::Node::declare_parameter(const string&, const ParameterT&, const ParameterDescriptor&, bool)\x1b[m\x1b[K\xe2\x80\x99\n'}
[8.550850] (ydlidar_ros2_driver) StderrLine: {'line': b'  421 |   \x1b[01;36m\x1b[Kdeclare_parameter\x1b[m\x1b[K(\n'}
[8.550967] (ydlidar_ros2_driver) StderrLine: {'line': b'      |   \x1b[01;36m\x1b[K^~~~~~~~~~~~~~~~~\x1b[m\x1b[K\n'}
[8.551087] (ydlidar_ros2_driver) StderrLine: {'line': b'\x1b[01m\x1b[K/opt/ros/humble/include/rclcpp/rclcpp/node.hpp:421:3:\x1b[m\x1b[K \x1b[01;36m\x1b[Knote: \x1b[m\x1b[K  template argument deduction/substitution failed:\n'}
[8.551202] (ydlidar_ros2_driver) StderrLine: {'line': b'\x1b[01m\x1b[K/home/geonmo/ydlidar_ws/src/ydlidar_ros2_driver/src/ydlidar_ros2_driver_node.cpp:140:26:\x1b[m\x1b[K \x1b[01;36m\x1b[Knote: \x1b[m\x1b[K  candidate expects 4 arguments, 1 provided\n'}
[8.551320] (ydlidar_ros2_driver) StderrLine: {'line': b'  140 |   \x1b[01;36m\x1b[Knode->declare_parameter("angle_min")\x1b[m\x1b[K;\n'}
[8.551434] (ydlidar_ros2_driver) StderrLine: {'line': b'      |   \x1b[01;36m\x1b[K~~~~~~~~~~~~~~~~~~~~~~~^~~~~~~~~~~~~\x1b[m\x1b[K\n'}
[8.551548] (ydlidar_ros2_driver) StderrLine: {'line': b'In file included from \x1b[01m\x1b[K/opt/ros/humble/include/rclcpp/rclcpp/executors/single_threaded_executor.hpp:28\x1b[m\x1b[K,\n'}
[8.551662] (ydlidar_ros2_driver) StderrLine: {'line': b'                 from \x1b[01m\x1b[K/opt/ros/humble/include/rclcpp/rclcpp/executors.hpp:22\x1b[m\x1b[K,\n'}
[8.551779] (ydlidar_ros2_driver) StderrLine: {'line': b'                 from \x1b[01m\x1b[K/opt/ros/humble/include/rclcpp/rclcpp/rclcpp.hpp:155\x1b[m\x1b[K,\n'}
[8.551925] (ydlidar_ros2_driver) StderrLine: {'line': b'                 from \x1b[01m\x1b[K/home/geonmo/ydlidar_ws/src/ydlidar_ros2_driver/src/ydlidar_ros2_driver_node.cpp:23\x1b[m\x1b[K:\n'}
[8.552044] (ydlidar_ros2_driver) StderrLine: {'line': b'\x1b[01m\x1b[K/opt/ros/humble/include/rclcpp/rclcpp/node.hpp:434:3:\x1b[m\x1b[K \x1b[01;36m\x1b[Knote: \x1b[m\x1b[Kcandidate: \xe2\x80\x98\x1b[01m\x1b[Ktemplate<class ParameterT> auto rclcpp::Node::declare_parameter(const string&, const ParameterDescriptor&, bool)\x1b[m\x1b[K\xe2\x80\x99\n'}
[8.552165] (ydlidar_ros2_driver) StderrLine: {'line': b'  434 |   \x1b[01;36m\x1b[Kdeclare_parameter\x1b[m\x1b[K(\n'}
[8.552281] (ydlidar_ros2_driver) StderrLine: {'line': b'      |   \x1b[01;36m\x1b[K^~~~~~~~~~~~~~~~~\x1b[m\x1b[K\n'}
[8.552396] (ydlidar_ros2_driver) StderrLine: {'line': b'\x1b[01m\x1b[K/opt/ros/humble/include/rclcpp/rclcpp/node.hpp:434:3:\x1b[m\x1b[K \x1b[01;36m\x1b[Knote: \x1b[m\x1b[K  template argument deduction/substitution failed:\n'}
[8.552535] (ydlidar_ros2_driver) StderrLine: {'line': b'\x1b[01m\x1b[K/home/geonmo/ydlidar_ws/src/ydlidar_ros2_driver/src/ydlidar_ros2_driver_node.cpp:140:26:\x1b[m\x1b[K \x1b[01;36m\x1b[Knote: \x1b[m\x1b[K  couldn\xe2\x80\x99t deduce template parameter \xe2\x80\x98\x1b[01m\x1b[KParameterT\x1b[m\x1b[K\xe2\x80\x99\n'}
[8.552653] (ydlidar_ros2_driver) StderrLine: {'line': b'  140 |   \x1b[01;36m\x1b[Knode->declare_parameter("angle_min")\x1b[m\x1b[K;\n'}
[8.552770] (ydlidar_ros2_driver) StderrLine: {'line': b'      |   \x1b[01;36m\x1b[K~~~~~~~~~~~~~~~~~~~~~~~^~~~~~~~~~~~~\x1b[m\x1b[K\n'}
[8.552885] (ydlidar_ros2_driver) StderrLine: {'line': b'In file included from \x1b[01m\x1b[K/opt/ros/humble/include/rclcpp/rclcpp/executors/single_threaded_executor.hpp:28\x1b[m\x1b[K,\n'}
[8.553001] (ydlidar_ros2_driver) StderrLine: {'line': b'                 from \x1b[01m\x1b[K/opt/ros/humble/include/rclcpp/rclcpp/executors.hpp:22\x1b[m\x1b[K,\n'}
[8.553118] (ydlidar_ros2_driver) StderrLine: {'line': b'                 from \x1b[01m\x1b[K/opt/ros/humble/include/rclcpp/rclcpp/rclcpp.hpp:155\x1b[m\x1b[K,\n'}
[8.553234] (ydlidar_ros2_driver) StderrLine: {'line': b'                 from \x1b[01m\x1b[K/home/geonmo/ydlidar_ws/src/ydlidar_ros2_driver/src/ydlidar_ros2_driver_node.cpp:23\x1b[m\x1b[K:\n'}
[8.553350] (ydlidar_ros2_driver) StderrLine: {'line': b'\x1b[01m\x1b[K/opt/ros/humble/include/rclcpp/rclcpp/node.hpp:366:3:\x1b[m\x1b[K \x1b[01;36m\x1b[Knote: \x1b[m\x1b[Kcandidate: \xe2\x80\x98\x1b[01m\x1b[Kconst rclcpp::ParameterValue& rclcpp::Node::declare_parameter(const string&, const rclcpp::ParameterValue&, const ParameterDescriptor&, bool)\x1b[m\x1b[K\xe2\x80\x99\n'}
[8.553505] (ydlidar_ros2_driver) StderrLine: {'line': b'  366 |   \x1b[01;36m\x1b[Kdeclare_parameter\x1b[m\x1b[K(\n'}
[8.553621] (ydlidar_ros2_driver) StderrLine: {'line': b'      |   \x1b[01;36m\x1b[K^~~~~~~~~~~~~~~~~\x1b[m\x1b[K\n'}
[8.553736] (ydlidar_ros2_driver) StderrLine: {'line': b'\x1b[01m\x1b[K/opt/ros/humble/include/rclcpp/rclcpp/node.hpp:366:3:\x1b[m\x1b[K \x1b[01;36m\x1b[Knote: \x1b[m\x1b[K  candidate expects 4 arguments, 1 provided\n'}
[8.553852] (ydlidar_ros2_driver) StderrLine: {'line': b'\x1b[01m\x1b[K/opt/ros/humble/include/rclcpp/rclcpp/node.hpp:391:3:\x1b[m\x1b[K \x1b[01;36m\x1b[Knote: \x1b[m\x1b[Kcandidate: \xe2\x80\x98\x1b[01m\x1b[Kconst rclcpp::ParameterValue& rclcpp::Node::declare_parameter(const string&, rclcpp::ParameterType, const ParameterDescriptor&, bool)\x1b[m\x1b[K\xe2\x80\x99\n'}
[8.553983] (ydlidar_ros2_driver) StderrLine: {'line': b'  391 |   \x1b[01;36m\x1b[Kdeclare_parameter\x1b[m\x1b[K(\n'}
[8.554103] (ydlidar_ros2_driver) StderrLine: {'line': b'      |   \x1b[01;36m\x1b[K^~~~~~~~~~~~~~~~~\x1b[m\x1b[K\n'}
[8.554220] (ydlidar_ros2_driver) StderrLine: {'line': b'\x1b[01m\x1b[K/opt/ros/humble/include/rclcpp/rclcpp/node.hpp:391:3:\x1b[m\x1b[K \x1b[01;36m\x1b[Knote: \x1b[m\x1b[K  candidate expects 4 arguments, 1 provided\n'}
[8.554337] (ydlidar_ros2_driver) StderrLine: {'line': b'\x1b[01m\x1b[K/home/geonmo/ydlidar_ws/src/ydlidar_ros2_driver/src/ydlidar_ros2_driver_node.cpp:145:26:\x1b[m\x1b[K \x1b[01;31m\x1b[Kerror: \x1b[m\x1b[Kno matching function for call to \xe2\x80\x98\x1b[01m\x1b[Krclcpp::Node::declare_parameter(const char [10])\x1b[m\x1b[K\xe2\x80\x99\n'}
[8.554457] (ydlidar_ros2_driver) StderrLine: {'line': b'  145 |   \x1b[01;31m\x1b[Knode->declare_parameter("range_max")\x1b[m\x1b[K;\n'}
[8.554574] (ydlidar_ros2_driver) StderrLine: {'line': b'      |   \x1b[01;31m\x1b[K~~~~~~~~~~~~~~~~~~~~~~~^~~~~~~~~~~~~\x1b[m\x1b[K\n'}
[8.554690] (ydlidar_ros2_driver) StderrLine: {'line': b'In file included from \x1b[01m\x1b[K/opt/ros/humble/include/rclcpp/rclcpp/executors/single_threaded_executor.hpp:28\x1b[m\x1b[K,\n'}
[8.554806] (ydlidar_ros2_driver) StderrLine: {'line': b'                 from \x1b[01m\x1b[K/opt/ros/humble/include/rclcpp/rclcpp/executors.hpp:22\x1b[m\x1b[K,\n'}
[8.554923] (ydlidar_ros2_driver) StderrLine: {'line': b'                 from \x1b[01m\x1b[K/opt/ros/humble/include/rclcpp/rclcpp/rclcpp.hpp:155\x1b[m\x1b[K,\n'}
[8.555040] (ydlidar_ros2_driver) StderrLine: {'line': b'                 from \x1b[01m\x1b[K/home/geonmo/ydlidar_ws/src/ydlidar_ros2_driver/src/ydlidar_ros2_driver_node.cpp:23\x1b[m\x1b[K:\n'}
[8.555157] (ydlidar_ros2_driver) StderrLine: {'line': b'\x1b[01m\x1b[K/opt/ros/humble/include/rclcpp/rclcpp/node.hpp:421:3:\x1b[m\x1b[K \x1b[01;36m\x1b[Knote: \x1b[m\x1b[Kcandidate: \xe2\x80\x98\x1b[01m\x1b[Ktemplate<class ParameterT> auto rclcpp::Node::declare_parameter(const string&, const ParameterT&, const ParameterDescriptor&, bool)\x1b[m\x1b[K\xe2\x80\x99\n'}
[8.555276] (ydlidar_ros2_driver) StderrLine: {'line': b'  421 |   \x1b[01;36m\x1b[Kdeclare_parameter\x1b[m\x1b[K(\n'}
[8.555391] (ydlidar_ros2_driver) StderrLine: {'line': b'      |   \x1b[01;36m\x1b[K^~~~~~~~~~~~~~~~~\x1b[m\x1b[K\n'}
[8.555505] (ydlidar_ros2_driver) StderrLine: {'line': b'\x1b[01m\x1b[K/opt/ros/humble/include/rclcpp/rclcpp/node.hpp:421:3:\x1b[m\x1b[K \x1b[01;36m\x1b[Knote: \x1b[m\x1b[K  template argument deduction/substitution failed:\n'}
[8.555621] (ydlidar_ros2_driver) StderrLine: {'line': b'\x1b[01m\x1b[K/home/geonmo/ydlidar_ws/src/ydlidar_ros2_driver/src/ydlidar_ros2_driver_node.cpp:145:26:\x1b[m\x1b[K \x1b[01;36m\x1b[Knote: \x1b[m\x1b[K  candidate expects 4 arguments, 1 provided\n'}
[8.555739] (ydlidar_ros2_driver) StderrLine: {'line': b'  145 |   \x1b[01;36m\x1b[Knode->declare_parameter("range_max")\x1b[m\x1b[K;\n'}
[8.555953] (ydlidar_ros2_driver) StderrLine: {'line': b'      |   \x1b[01;36m\x1b[K~~~~~~~~~~~~~~~~~~~~~~~^~~~~~~~~~~~~\x1b[m\x1b[K\n'}
[8.556074] (ydlidar_ros2_driver) StderrLine: {'line': b'In file included from \x1b[01m\x1b[K/opt/ros/humble/include/rclcpp/rclcpp/executors/single_threaded_executor.hpp:28\x1b[m\x1b[K,\n'}
[8.556192] (ydlidar_ros2_driver) StderrLine: {'line': b'                 from \x1b[01m\x1b[K/opt/ros/humble/include/rclcpp/rclcpp/executors.hpp:22\x1b[m\x1b[K,\n'}
[8.556307] (ydlidar_ros2_driver) StderrLine: {'line': b'                 from \x1b[01m\x1b[K/opt/ros/humble/include/rclcpp/rclcpp/rclcpp.hpp:155\x1b[m\x1b[K,\n'}
[8.556422] (ydlidar_ros2_driver) StderrLine: {'line': b'                 from \x1b[01m\x1b[K/home/geonmo/ydlidar_ws/src/ydlidar_ros2_driver/src/ydlidar_ros2_driver_node.cpp:23\x1b[m\x1b[K:\n'}
[8.556540] (ydlidar_ros2_driver) StderrLine: {'line': b'\x1b[01m\x1b[K/opt/ros/humble/include/rclcpp/rclcpp/node.hpp:434:3:\x1b[m\x1b[K \x1b[01;36m\x1b[Knote: \x1b[m\x1b[Kcandidate: \xe2\x80\x98\x1b[01m\x1b[Ktemplate<class ParameterT> auto rclcpp::Node::declare_parameter(const string&, const ParameterDescriptor&, bool)\x1b[m\x1b[K\xe2\x80\x99\n'}
[8.556659] (ydlidar_ros2_driver) StderrLine: {'line': b'  434 |   \x1b[01;36m\x1b[Kdeclare_parameter\x1b[m\x1b[K(\n'}
[8.556775] (ydlidar_ros2_driver) StderrLine: {'line': b'      |   \x1b[01;36m\x1b[K^~~~~~~~~~~~~~~~~\x1b[m\x1b[K\n'}
[8.556892] (ydlidar_ros2_driver) StderrLine: {'line': b'\x1b[01m\x1b[K/opt/ros/humble/include/rclcpp/rclcpp/node.hpp:434:3:\x1b[m\x1b[K \x1b[01;36m\x1b[Knote: \x1b[m\x1b[K  template argument deduction/substitution failed:\n'}
[8.557030] (ydlidar_ros2_driver) StderrLine: {'line': b'\x1b[01m\x1b[K/home/geonmo/ydlidar_ws/src/ydlidar_ros2_driver/src/ydlidar_ros2_driver_node.cpp:145:26:\x1b[m\x1b[K \x1b[01;36m\x1b[Knote: \x1b[m\x1b[K  couldn\xe2\x80\x99t deduce template parameter \xe2\x80\x98\x1b[01m\x1b[KParameterT\x1b[m\x1b[K\xe2\x80\x99\n'}
[8.557149] (ydlidar_ros2_driver) StderrLine: {'line': b'  145 |   \x1b[01;36m\x1b[Knode->declare_parameter("range_max")\x1b[m\x1b[K;\n'}
[8.557264] (ydlidar_ros2_driver) StderrLine: {'line': b'      |   \x1b[01;36m\x1b[K~~~~~~~~~~~~~~~~~~~~~~~^~~~~~~~~~~~~\x1b[m\x1b[K\n'}
[8.557377] (ydlidar_ros2_driver) StderrLine: {'line': b'In file included from \x1b[01m\x1b[K/opt/ros/humble/include/rclcpp/rclcpp/executors/single_threaded_executor.hpp:28\x1b[m\x1b[K,\n'}
[8.557493] (ydlidar_ros2_driver) StderrLine: {'line': b'                 from \x1b[01m\x1b[K/opt/ros/humble/include/rclcpp/rclcpp/executors.hpp:22\x1b[m\x1b[K,\n'}
[8.557606] (ydlidar_ros2_driver) StderrLine: {'line': b'                 from \x1b[01m\x1b[K/opt/ros/humble/include/rclcpp/rclcpp/rclcpp.hpp:155\x1b[m\x1b[K,\n'}
[8.557717] (ydlidar_ros2_driver) StderrLine: {'line': b'                 from \x1b[01m\x1b[K/home/geonmo/ydlidar_ws/src/ydlidar_ros2_driver/src/ydlidar_ros2_driver_node.cpp:23\x1b[m\x1b[K:\n'}
[8.557853] (ydlidar_ros2_driver) StderrLine: {'line': b'\x1b[01m\x1b[K/opt/ros/humble/include/rclcpp/rclcpp/node.hpp:366:3:\x1b[m\x1b[K \x1b[01;36m\x1b[Knote: \x1b[m\x1b[Kcandidate: \xe2\x80\x98\x1b[01m\x1b[Kconst rclcpp::ParameterValue& rclcpp::Node::declare_parameter(const string&, const rclcpp::ParameterValue&, const ParameterDescriptor&, bool)\x1b[m\x1b[K\xe2\x80\x99\n'}
[8.557978] (ydlidar_ros2_driver) StderrLine: {'line': b'  366 |   \x1b[01;36m\x1b[Kdeclare_parameter\x1b[m\x1b[K(\n'}
[8.558107] (ydlidar_ros2_driver) StderrLine: {'line': b'      |   \x1b[01;36m\x1b[K^~~~~~~~~~~~~~~~~\x1b[m\x1b[K\n'}
[8.558224] (ydlidar_ros2_driver) StderrLine: {'line': b'\x1b[01m\x1b[K/opt/ros/humble/include/rclcpp/rclcpp/node.hpp:366:3:\x1b[m\x1b[K \x1b[01;36m\x1b[Knote: \x1b[m\x1b[K  candidate expects 4 arguments, 1 provided\n'}
[8.558340] (ydlidar_ros2_driver) StderrLine: {'line': b'\x1b[01m\x1b[K/opt/ros/humble/include/rclcpp/rclcpp/node.hpp:391:3:\x1b[m\x1b[K \x1b[01;36m\x1b[Knote: \x1b[m\x1b[Kcandidate: \xe2\x80\x98\x1b[01m\x1b[Kconst rclcpp::ParameterValue& rclcpp::Node::declare_parameter(const string&, rclcpp::ParameterType, const ParameterDescriptor&, bool)\x1b[m\x1b[K\xe2\x80\x99\n'}
[8.558473] (ydlidar_ros2_driver) StderrLine: {'line': b'  391 |   \x1b[01;36m\x1b[Kdeclare_parameter\x1b[m\x1b[K(\n'}
[8.558589] (ydlidar_ros2_driver) StderrLine: {'line': b'      |   \x1b[01;36m\x1b[K^~~~~~~~~~~~~~~~~\x1b[m\x1b[K\n'}
[8.558703] (ydlidar_ros2_driver) StderrLine: {'line': b'\x1b[01m\x1b[K/opt/ros/humble/include/rclcpp/rclcpp/node.hpp:391:3:\x1b[m\x1b[K \x1b[01;36m\x1b[Knote: \x1b[m\x1b[K  candidate expects 4 arguments, 1 provided\n'}
[8.558822] (ydlidar_ros2_driver) StderrLine: {'line': b'\x1b[01m\x1b[K/home/geonmo/ydlidar_ws/src/ydlidar_ros2_driver/src/ydlidar_ros2_driver_node.cpp:149:26:\x1b[m\x1b[K \x1b[01;31m\x1b[Kerror: \x1b[m\x1b[Kno matching function for call to \xe2\x80\x98\x1b[01m\x1b[Krclcpp::Node::declare_parameter(const char [10])\x1b[m\x1b[K\xe2\x80\x99\n'}
[8.558945] (ydlidar_ros2_driver) StderrLine: {'line': b'  149 |   \x1b[01;31m\x1b[Knode->declare_parameter("range_min")\x1b[m\x1b[K;\n'}
[8.559061] (ydlidar_ros2_driver) StderrLine: {'line': b'      |   \x1b[01;31m\x1b[K~~~~~~~~~~~~~~~~~~~~~~~^~~~~~~~~~~~~\x1b[m\x1b[K\n'}
[8.559177] (ydlidar_ros2_driver) StderrLine: {'line': b'In file included from \x1b[01m\x1b[K/opt/ros/humble/include/rclcpp/rclcpp/executors/single_threaded_executor.hpp:28\x1b[m\x1b[K,\n'}
[8.559292] (ydlidar_ros2_driver) StderrLine: {'line': b'                 from \x1b[01m\x1b[K/opt/ros/humble/include/rclcpp/rclcpp/executors.hpp:22\x1b[m\x1b[K,\n'}
[8.559405] (ydlidar_ros2_driver) StderrLine: {'line': b'                 from \x1b[01m\x1b[K/opt/ros/humble/include/rclcpp/rclcpp/rclcpp.hpp:155\x1b[m\x1b[K,\n'}
[8.559519] (ydlidar_ros2_driver) StderrLine: {'line': b'                 from \x1b[01m\x1b[K/home/geonmo/ydlidar_ws/src/ydlidar_ros2_driver/src/ydlidar_ros2_driver_node.cpp:23\x1b[m\x1b[K:\n'}
[8.559636] (ydlidar_ros2_driver) StderrLine: {'line': b'\x1b[01m\x1b[K/opt/ros/humble/include/rclcpp/rclcpp/node.hpp:421:3:\x1b[m\x1b[K \x1b[01;36m\x1b[Knote: \x1b[m\x1b[Kcandidate: \xe2\x80\x98\x1b[01m\x1b[Ktemplate<class ParameterT> auto rclcpp::Node::declare_parameter(const string&, const ParameterT&, const ParameterDescriptor&, bool)\x1b[m\x1b[K\xe2\x80\x99\n'}
[8.559754] (ydlidar_ros2_driver) StderrLine: {'line': b'  421 |   \x1b[01;36m\x1b[Kdeclare_parameter\x1b[m\x1b[K(\n'}
[8.559902] (ydlidar_ros2_driver) StderrLine: {'line': b'      |   \x1b[01;36m\x1b[K^~~~~~~~~~~~~~~~~\x1b[m\x1b[K\n'}
[8.560019] (ydlidar_ros2_driver) StderrLine: {'line': b'\x1b[01m\x1b[K/opt/ros/humble/include/rclcpp/rclcpp/node.hpp:421:3:\x1b[m\x1b[K \x1b[01;36m\x1b[Knote: \x1b[m\x1b[K  template argument deduction/substitution failed:\n'}
[8.560132] (ydlidar_ros2_driver) StderrLine: {'line': b'\x1b[01m\x1b[K/home/geonmo/ydlidar_ws/src/ydlidar_ros2_driver/src/ydlidar_ros2_driver_node.cpp:149:26:\x1b[m\x1b[K \x1b[01;36m\x1b[Knote: \x1b[m\x1b[K  candidate expects 4 arguments, 1 provided\n'}
[8.560246] (ydlidar_ros2_driver) StderrLine: {'line': b'  149 |   \x1b[01;36m\x1b[Knode->declare_parameter("range_min")\x1b[m\x1b[K;\n'}
[8.560359] (ydlidar_ros2_driver) StderrLine: {'line': b'      |   \x1b[01;36m\x1b[K~~~~~~~~~~~~~~~~~~~~~~~^~~~~~~~~~~~~\x1b[m\x1b[K\n'}
[8.560474] (ydlidar_ros2_driver) StderrLine: {'line': b'In file included from \x1b[01m\x1b[K/opt/ros/humble/include/rclcpp/rclcpp/executors/single_threaded_executor.hpp:28\x1b[m\x1b[K,\n'}
[8.560589] (ydlidar_ros2_driver) StderrLine: {'line': b'                 from \x1b[01m\x1b[K/opt/ros/humble/include/rclcpp/rclcpp/executors.hpp:22\x1b[m\x1b[K,\n'}
[8.560702] (ydlidar_ros2_driver) StderrLine: {'line': b'                 from \x1b[01m\x1b[K/opt/ros/humble/include/rclcpp/rclcpp/rclcpp.hpp:155\x1b[m\x1b[K,\n'}
[8.560816] (ydlidar_ros2_driver) StderrLine: {'line': b'                 from \x1b[01m\x1b[K/home/geonmo/ydlidar_ws/src/ydlidar_ros2_driver/src/ydlidar_ros2_driver_node.cpp:23\x1b[m\x1b[K:\n'}
[8.560932] (ydlidar_ros2_driver) StderrLine: {'line': b'\x1b[01m\x1b[K/opt/ros/humble/include/rclcpp/rclcpp/node.hpp:434:3:\x1b[m\x1b[K \x1b[01;36m\x1b[Knote: \x1b[m\x1b[Kcandidate: \xe2\x80\x98\x1b[01m\x1b[Ktemplate<class ParameterT> auto rclcpp::Node::declare_parameter(const string&, const ParameterDescriptor&, bool)\x1b[m\x1b[K\xe2\x80\x99\n'}
[8.561069] (ydlidar_ros2_driver) StderrLine: {'line': b'  434 |   \x1b[01;36m\x1b[Kdeclare_parameter\x1b[m\x1b[K(\n'}
[8.561185] (ydlidar_ros2_driver) StderrLine: {'line': b'      |   \x1b[01;36m\x1b[K^~~~~~~~~~~~~~~~~\x1b[m\x1b[K\n'}
[8.561317] (ydlidar_ros2_driver) StderrLine: {'line': b'\x1b[01m\x1b[K/opt/ros/humble/include/rclcpp/rclcpp/node.hpp:434:3:\x1b[m\x1b[K \x1b[01;36m\x1b[Knote: \x1b[m\x1b[K  template argument deduction/substitution failed:\n'}
[8.561434] (ydlidar_ros2_driver) StderrLine: {'line': b'\x1b[01m\x1b[K/home/geonmo/ydlidar_ws/src/ydlidar_ros2_driver/src/ydlidar_ros2_driver_node.cpp:149:26:\x1b[m\x1b[K \x1b[01;36m\x1b[Knote: \x1b[m\x1b[K  couldn\xe2\x80\x99t deduce template parameter \xe2\x80\x98\x1b[01m\x1b[KParameterT\x1b[m\x1b[K\xe2\x80\x99\n'}
[8.561553] (ydlidar_ros2_driver) StderrLine: {'line': b'  149 |   \x1b[01;36m\x1b[Knode->declare_parameter("range_min")\x1b[m\x1b[K;\n'}
[8.561669] (ydlidar_ros2_driver) StderrLine: {'line': b'      |   \x1b[01;36m\x1b[K~~~~~~~~~~~~~~~~~~~~~~~^~~~~~~~~~~~~\x1b[m\x1b[K\n'}
[8.561783] (ydlidar_ros2_driver) StderrLine: {'line': b'In file included from \x1b[01m\x1b[K/opt/ros/humble/include/rclcpp/rclcpp/executors/single_threaded_executor.hpp:28\x1b[m\x1b[K,\n'}
[8.561898] (ydlidar_ros2_driver) StderrLine: {'line': b'                 from \x1b[01m\x1b[K/opt/ros/humble/include/rclcpp/rclcpp/executors.hpp:22\x1b[m\x1b[K,\n'}
[8.562014] (ydlidar_ros2_driver) StderrLine: {'line': b'                 from \x1b[01m\x1b[K/opt/ros/humble/include/rclcpp/rclcpp/rclcpp.hpp:155\x1b[m\x1b[K,\n'}
[8.562130] (ydlidar_ros2_driver) StderrLine: {'line': b'                 from \x1b[01m\x1b[K/home/geonmo/ydlidar_ws/src/ydlidar_ros2_driver/src/ydlidar_ros2_driver_node.cpp:23\x1b[m\x1b[K:\n'}
[8.562277] (ydlidar_ros2_driver) StderrLine: {'line': b'\x1b[01m\x1b[K/opt/ros/humble/include/rclcpp/rclcpp/node.hpp:366:3:\x1b[m\x1b[K \x1b[01;36m\x1b[Knote: \x1b[m\x1b[Kcandidate: \xe2\x80\x98\x1b[01m\x1b[Kconst rclcpp::ParameterValue& rclcpp::Node::declare_parameter(const string&, const rclcpp::ParameterValue&, const ParameterDescriptor&, bool)\x1b[m\x1b[K\xe2\x80\x99\n'}
[8.562401] (ydlidar_ros2_driver) StderrLine: {'line': b'  366 |   \x1b[01;36m\x1b[Kdeclare_parameter\x1b[m\x1b[K(\n'}
[8.562515] (ydlidar_ros2_driver) StderrLine: {'line': b'      |   \x1b[01;36m\x1b[K^~~~~~~~~~~~~~~~~\x1b[m\x1b[K\n'}
[8.562630] (ydlidar_ros2_driver) StderrLine: {'line': b'\x1b[01m\x1b[K/opt/ros/humble/include/rclcpp/rclcpp/node.hpp:366:3:\x1b[m\x1b[K \x1b[01;36m\x1b[Knote: \x1b[m\x1b[K  candidate expects 4 arguments, 1 provided\n'}
[8.562748] (ydlidar_ros2_driver) StderrLine: {'line': b'\x1b[01m\x1b[K/opt/ros/humble/include/rclcpp/rclcpp/node.hpp:391:3:\x1b[m\x1b[K \x1b[01;36m\x1b[Knote: \x1b[m\x1b[Kcandidate: \xe2\x80\x98\x1b[01m\x1b[Kconst rclcpp::ParameterValue& rclcpp::Node::declare_parameter(const string&, rclcpp::ParameterType, const ParameterDescriptor&, bool)\x1b[m\x1b[K\xe2\x80\x99\n'}
[8.562869] (ydlidar_ros2_driver) StderrLine: {'line': b'  391 |   \x1b[01;36m\x1b[Kdeclare_parameter\x1b[m\x1b[K(\n'}
[8.562984] (ydlidar_ros2_driver) StderrLine: {'line': b'      |   \x1b[01;36m\x1b[K^~~~~~~~~~~~~~~~~\x1b[m\x1b[K\n'}
[8.563097] (ydlidar_ros2_driver) StderrLine: {'line': b'\x1b[01m\x1b[K/opt/ros/humble/include/rclcpp/rclcpp/node.hpp:391:3:\x1b[m\x1b[K \x1b[01;36m\x1b[Knote: \x1b[m\x1b[K  candidate expects 4 arguments, 1 provided\n'}
[8.563215] (ydlidar_ros2_driver) StderrLine: {'line': b'\x1b[01m\x1b[K/home/geonmo/ydlidar_ws/src/ydlidar_ros2_driver/src/ydlidar_ros2_driver_node.cpp:154:26:\x1b[m\x1b[K \x1b[01;31m\x1b[Kerror: \x1b[m\x1b[Kno matching function for call to \xe2\x80\x98\x1b[01m\x1b[Krclcpp::Node::declare_parameter(const char [10])\x1b[m\x1b[K\xe2\x80\x99\n'}
[8.563332] (ydlidar_ros2_driver) StderrLine: {'line': b'  154 |   \x1b[01;31m\x1b[Knode->declare_parameter("frequency")\x1b[m\x1b[K;\n'}
[8.563447] (ydlidar_ros2_driver) StderrLine: {'line': b'      |   \x1b[01;31m\x1b[K~~~~~~~~~~~~~~~~~~~~~~~^~~~~~~~~~~~~\x1b[m\x1b[K\n'}
[8.563577] (ydlidar_ros2_driver) StderrLine: {'line': b'In file included from \x1b[01m\x1b[K/opt/ros/humble/include/rclcpp/rclcpp/executors/single_threaded_executor.hpp:28\x1b[m\x1b[K,\n'}
[8.563694] (ydlidar_ros2_driver) StderrLine: {'line': b'                 from \x1b[01m\x1b[K/opt/ros/humble/include/rclcpp/rclcpp/executors.hpp:22\x1b[m\x1b[K,\n'}
[8.563830] (ydlidar_ros2_driver) StderrLine: {'line': b'                 from \x1b[01m\x1b[K/opt/ros/humble/include/rclcpp/rclcpp/rclcpp.hpp:155\x1b[m\x1b[K,\n'}
[8.563955] (ydlidar_ros2_driver) StderrLine: {'line': b'                 from \x1b[01m\x1b[K/home/geonmo/ydlidar_ws/src/ydlidar_ros2_driver/src/ydlidar_ros2_driver_node.cpp:23\x1b[m\x1b[K:\n'}
[8.564070] (ydlidar_ros2_driver) StderrLine: {'line': b'\x1b[01m\x1b[K/opt/ros/humble/include/rclcpp/rclcpp/node.hpp:421:3:\x1b[m\x1b[K \x1b[01;36m\x1b[Knote: \x1b[m\x1b[Kcandidate: \xe2\x80\x98\x1b[01m\x1b[Ktemplate<class ParameterT> auto rclcpp::Node::declare_parameter(const string&, const ParameterT&, const ParameterDescriptor&, bool)\x1b[m\x1b[K\xe2\x80\x99\n'}
[8.564188] (ydlidar_ros2_driver) StderrLine: {'line': b'  421 |   \x1b[01;36m\x1b[Kdeclare_parameter\x1b[m\x1b[K(\n'}
[8.564304] (ydlidar_ros2_driver) StderrLine: {'line': b'      |   \x1b[01;36m\x1b[K^~~~~~~~~~~~~~~~~\x1b[m\x1b[K\n'}
[8.564419] (ydlidar_ros2_driver) StderrLine: {'line': b'\x1b[01m\x1b[K/opt/ros/humble/include/rclcpp/rclcpp/node.hpp:421:3:\x1b[m\x1b[K \x1b[01;36m\x1b[Knote: \x1b[m\x1b[K  template argument deduction/substitution failed:\n'}
[8.564534] (ydlidar_ros2_driver) StderrLine: {'line': b'\x1b[01m\x1b[K/home/geonmo/ydlidar_ws/src/ydlidar_ros2_driver/src/ydlidar_ros2_driver_node.cpp:154:26:\x1b[m\x1b[K \x1b[01;36m\x1b[Knote: \x1b[m\x1b[K  candidate expects 4 arguments, 1 provided\n'}
[8.564651] (ydlidar_ros2_driver) StderrLine: {'line': b'  154 |   \x1b[01;36m\x1b[Knode->declare_parameter("frequency")\x1b[m\x1b[K;\n'}
[8.564764] (ydlidar_ros2_driver) StderrLine: {'line': b'      |   \x1b[01;36m\x1b[K~~~~~~~~~~~~~~~~~~~~~~~^~~~~~~~~~~~~\x1b[m\x1b[K\n'}
[8.564878] (ydlidar_ros2_driver) StderrLine: {'line': b'In file included from \x1b[01m\x1b[K/opt/ros/humble/include/rclcpp/rclcpp/executors/single_threaded_executor.hpp:28\x1b[m\x1b[K,\n'}
[8.564993] (ydlidar_ros2_driver) StderrLine: {'line': b'                 from \x1b[01m\x1b[K/opt/ros/humble/include/rclcpp/rclcpp/executors.hpp:22\x1b[m\x1b[K,\n'}
[8.565106] (ydlidar_ros2_driver) StderrLine: {'line': b'                 from \x1b[01m\x1b[K/opt/ros/humble/include/rclcpp/rclcpp/rclcpp.hpp:155\x1b[m\x1b[K,\n'}
[8.565221] (ydlidar_ros2_driver) StderrLine: {'line': b'                 from \x1b[01m\x1b[K/home/geonmo/ydlidar_ws/src/ydlidar_ros2_driver/src/ydlidar_ros2_driver_node.cpp:23\x1b[m\x1b[K:\n'}
[8.565335] (ydlidar_ros2_driver) StderrLine: {'line': b'\x1b[01m\x1b[K/opt/ros/humble/include/rclcpp/rclcpp/node.hpp:434:3:\x1b[m\x1b[K \x1b[01;36m\x1b[Knote: \x1b[m\x1b[Kcandidate: \xe2\x80\x98\x1b[01m\x1b[Ktemplate<class ParameterT> auto rclcpp::Node::declare_parameter(const string&, const ParameterDescriptor&, bool)\x1b[m\x1b[K\xe2\x80\x99\n'}
[8.565454] (ydlidar_ros2_driver) StderrLine: {'line': b'  434 |   \x1b[01;36m\x1b[Kdeclare_parameter\x1b[m\x1b[K(\n'}
[8.565587] (ydlidar_ros2_driver) StderrLine: {'line': b'      |   \x1b[01;36m\x1b[K^~~~~~~~~~~~~~~~~\x1b[m\x1b[K\n'}
[8.565705] (ydlidar_ros2_driver) StderrLine: {'line': b'\x1b[01m\x1b[K/opt/ros/humble/include/rclcpp/rclcpp/node.hpp:434:3:\x1b[m\x1b[K \x1b[01;36m\x1b[Knote: \x1b[m\x1b[K  template argument deduction/substitution failed:\n'}
[8.565824] (ydlidar_ros2_driver) StderrLine: {'line': b'\x1b[01m\x1b[K/home/geonmo/ydlidar_ws/src/ydlidar_ros2_driver/src/ydlidar_ros2_driver_node.cpp:154:26:\x1b[m\x1b[K \x1b[01;36m\x1b[Knote: \x1b[m\x1b[K  couldn\xe2\x80\x99t deduce template parameter \xe2\x80\x98\x1b[01m\x1b[KParameterT\x1b[m\x1b[K\xe2\x80\x99\n'}
[8.565942] (ydlidar_ros2_driver) StderrLine: {'line': b'  154 |   \x1b[01;36m\x1b[Knode->declare_parameter("frequency")\x1b[m\x1b[K;\n'}
[8.566075] (ydlidar_ros2_driver) StderrLine: {'line': b'      |   \x1b[01;36m\x1b[K~~~~~~~~~~~~~~~~~~~~~~~^~~~~~~~~~~~~\x1b[m\x1b[K\n'}
[8.566203] (ydlidar_ros2_driver) StderrLine: {'line': b'In file included from \x1b[01m\x1b[K/opt/ros/humble/include/rclcpp/rclcpp/executors/single_threaded_executor.hpp:28\x1b[m\x1b[K,\n'}
[8.566321] (ydlidar_ros2_driver) StderrLine: {'line': b'                 from \x1b[01m\x1b[K/opt/ros/humble/include/rclcpp/rclcpp/executors.hpp:22\x1b[m\x1b[K,\n'}
[8.566437] (ydlidar_ros2_driver) StderrLine: {'line': b'                 from \x1b[01m\x1b[K/opt/ros/humble/include/rclcpp/rclcpp/rclcpp.hpp:155\x1b[m\x1b[K,\n'}
[8.566567] (ydlidar_ros2_driver) StderrLine: {'line': b'                 from \x1b[01m\x1b[K/home/geonmo/ydlidar_ws/src/ydlidar_ros2_driver/src/ydlidar_ros2_driver_node.cpp:23\x1b[m\x1b[K:\n'}
[8.566684] (ydlidar_ros2_driver) StderrLine: {'line': b'\x1b[01m\x1b[K/opt/ros/humble/include/rclcpp/rclcpp/node.hpp:366:3:\x1b[m\x1b[K \x1b[01;36m\x1b[Knote: \x1b[m\x1b[Kcandidate: \xe2\x80\x98\x1b[01m\x1b[Kconst rclcpp::ParameterValue& rclcpp::Node::declare_parameter(const string&, const rclcpp::ParameterValue&, const ParameterDescriptor&, bool)\x1b[m\x1b[K\xe2\x80\x99\n'}
[8.566808] (ydlidar_ros2_driver) StderrLine: {'line': b'  366 |   \x1b[01;36m\x1b[Kdeclare_parameter\x1b[m\x1b[K(\n'}
[8.566923] (ydlidar_ros2_driver) StderrLine: {'line': b'      |   \x1b[01;36m\x1b[K^~~~~~~~~~~~~~~~~\x1b[m\x1b[K\n'}
[8.567037] (ydlidar_ros2_driver) StderrLine: {'line': b'\x1b[01m\x1b[K/opt/ros/humble/include/rclcpp/rclcpp/node.hpp:366:3:\x1b[m\x1b[K \x1b[01;36m\x1b[Knote: \x1b[m\x1b[K  candidate expects 4 arguments, 1 provided\n'}
[8.567150] (ydlidar_ros2_driver) StderrLine: {'line': b'\x1b[01m\x1b[K/opt/ros/humble/include/rclcpp/rclcpp/node.hpp:391:3:\x1b[m\x1b[K \x1b[01;36m\x1b[Knote: \x1b[m\x1b[Kcandidate: \xe2\x80\x98\x1b[01m\x1b[Kconst rclcpp::ParameterValue& rclcpp::Node::declare_parameter(const string&, rclcpp::ParameterType, const ParameterDescriptor&, bool)\x1b[m\x1b[K\xe2\x80\x99\n'}
[8.567268] (ydlidar_ros2_driver) StderrLine: {'line': b'  391 |   \x1b[01;36m\x1b[Kdeclare_parameter\x1b[m\x1b[K(\n'}
[8.567380] (ydlidar_ros2_driver) StderrLine: {'line': b'      |   \x1b[01;36m\x1b[K^~~~~~~~~~~~~~~~~\x1b[m\x1b[K\n'}
[8.567494] (ydlidar_ros2_driver) StderrLine: {'line': b'\x1b[01m\x1b[K/opt/ros/humble/include/rclcpp/rclcpp/node.hpp:391:3:\x1b[m\x1b[K \x1b[01;36m\x1b[Knote: \x1b[m\x1b[K  candidate expects 4 arguments, 1 provided\n'}
[8.567607] (ydlidar_ros2_driver) StderrLine: {'line': b'\x1b[01m\x1b[K/home/geonmo/ydlidar_ws/src/ydlidar_ros2_driver/src/ydlidar_ros2_driver_node.cpp:159:26:\x1b[m\x1b[K \x1b[01;31m\x1b[Kerror: \x1b[m\x1b[Kno matching function for call to \xe2\x80\x98\x1b[01m\x1b[Krclcpp::Node::declare_parameter(const char [21])\x1b[m\x1b[K\xe2\x80\x99\n'}
[8.567723] (ydlidar_ros2_driver) StderrLine: {'line': b'  159 |   \x1b[01;31m\x1b[Knode->declare_parameter("invalid_range_is_inf")\x1b[m\x1b[K;\n'}
[8.567866] (ydlidar_ros2_driver) StderrLine: {'line': b'      |   \x1b[01;31m\x1b[K~~~~~~~~~~~~~~~~~~~~~~~^~~~~~~~~~~~~~~~~~~~~~~~\x1b[m\x1b[K\n'}
[8.567987] (ydlidar_ros2_driver) StderrLine: {'line': b'In file included from \x1b[01m\x1b[K/opt/ros/humble/include/rclcpp/rclcpp/executors/single_threaded_executor.hpp:28\x1b[m\x1b[K,\n'}
[8.568103] (ydlidar_ros2_driver) StderrLine: {'line': b'                 from \x1b[01m\x1b[K/opt/ros/humble/include/rclcpp/rclcpp/executors.hpp:22\x1b[m\x1b[K,\n'}
[8.568219] (ydlidar_ros2_driver) StderrLine: {'line': b'                 from \x1b[01m\x1b[K/opt/ros/humble/include/rclcpp/rclcpp/rclcpp.hpp:155\x1b[m\x1b[K,\n'}
[8.568335] (ydlidar_ros2_driver) StderrLine: {'line': b'                 from \x1b[01m\x1b[K/home/geonmo/ydlidar_ws/src/ydlidar_ros2_driver/src/ydlidar_ros2_driver_node.cpp:23\x1b[m\x1b[K:\n'}
[8.568450] (ydlidar_ros2_driver) StderrLine: {'line': b'\x1b[01m\x1b[K/opt/ros/humble/include/rclcpp/rclcpp/node.hpp:421:3:\x1b[m\x1b[K \x1b[01;36m\x1b[Knote: \x1b[m\x1b[Kcandidate: \xe2\x80\x98\x1b[01m\x1b[Ktemplate<class ParameterT> auto rclcpp::Node::declare_parameter(const string&, const ParameterT&, const ParameterDescriptor&, bool)\x1b[m\x1b[K\xe2\x80\x99\n'}
[8.568585] (ydlidar_ros2_driver) StderrLine: {'line': b'  421 |   \x1b[01;36m\x1b[Kdeclare_parameter\x1b[m\x1b[K(\n'}
[8.568702] (ydlidar_ros2_driver) StderrLine: {'line': b'      |   \x1b[01;36m\x1b[K^~~~~~~~~~~~~~~~~\x1b[m\x1b[K\n'}
[8.568817] (ydlidar_ros2_driver) StderrLine: {'line': b'\x1b[01m\x1b[K/opt/ros/humble/include/rclcpp/rclcpp/node.hpp:421:3:\x1b[m\x1b[K \x1b[01;36m\x1b[Knote: \x1b[m\x1b[K  template argument deduction/substitution failed:\n'}
[8.568934] (ydlidar_ros2_driver) StderrLine: {'line': b'\x1b[01m\x1b[K/home/geonmo/ydlidar_ws/src/ydlidar_ros2_driver/src/ydlidar_ros2_driver_node.cpp:159:26:\x1b[m\x1b[K \x1b[01;36m\x1b[Knote: \x1b[m\x1b[K  candidate expects 4 arguments, 1 provided\n'}
[8.569053] (ydlidar_ros2_driver) StderrLine: {'line': b'  159 |   \x1b[01;36m\x1b[Knode->declare_parameter("invalid_range_is_inf")\x1b[m\x1b[K;\n'}
[8.569170] (ydlidar_ros2_driver) StderrLine: {'line': b'      |   \x1b[01;36m\x1b[K~~~~~~~~~~~~~~~~~~~~~~~^~~~~~~~~~~~~~~~~~~~~~~~\x1b[m\x1b[K\n'}
[8.569286] (ydlidar_ros2_driver) StderrLine: {'line': b'In file included from \x1b[01m\x1b[K/opt/ros/humble/include/rclcpp/rclcpp/executors/single_threaded_executor.hpp:28\x1b[m\x1b[K,\n'}
[8.569401] (ydlidar_ros2_driver) StderrLine: {'line': b'                 from \x1b[01m\x1b[K/opt/ros/humble/include/rclcpp/rclcpp/executors.hpp:22\x1b[m\x1b[K,\n'}
[8.569518] (ydlidar_ros2_driver) StderrLine: {'line': b'                 from \x1b[01m\x1b[K/opt/ros/humble/include/rclcpp/rclcpp/rclcpp.hpp:155\x1b[m\x1b[K,\n'}
[8.569634] (ydlidar_ros2_driver) StderrLine: {'line': b'                 from \x1b[01m\x1b[K/home/geonmo/ydlidar_ws/src/ydlidar_ros2_driver/src/ydlidar_ros2_driver_node.cpp:23\x1b[m\x1b[K:\n'}
[8.569748] (ydlidar_ros2_driver) StderrLine: {'line': b'\x1b[01m\x1b[K/opt/ros/humble/include/rclcpp/rclcpp/node.hpp:434:3:\x1b[m\x1b[K \x1b[01;36m\x1b[Knote: \x1b[m\x1b[Kcandidate: \xe2\x80\x98\x1b[01m\x1b[Ktemplate<class ParameterT> auto rclcpp::Node::declare_parameter(const string&, const ParameterDescriptor&, bool)\x1b[m\x1b[K\xe2\x80\x99\n'}
[8.569888] (ydlidar_ros2_driver) StderrLine: {'line': b'  434 |   \x1b[01;36m\x1b[Kdeclare_parameter\x1b[m\x1b[K(\n'}
[8.570004] (ydlidar_ros2_driver) StderrLine: {'line': b'      |   \x1b[01;36m\x1b[K^~~~~~~~~~~~~~~~~\x1b[m\x1b[K\n'}
[8.570120] (ydlidar_ros2_driver) StderrLine: {'line': b'\x1b[01m\x1b[K/opt/ros/humble/include/rclcpp/rclcpp/node.hpp:434:3:\x1b[m\x1b[K \x1b[01;36m\x1b[Knote: \x1b[m\x1b[K  template argument deduction/substitution failed:\n'}
[8.570250] (ydlidar_ros2_driver) StderrLine: {'line': b'\x1b[01m\x1b[K/home/geonmo/ydlidar_ws/src/ydlidar_ros2_driver/src/ydlidar_ros2_driver_node.cpp:159:26:\x1b[m\x1b[K \x1b[01;36m\x1b[Knote: \x1b[m\x1b[K  couldn\xe2\x80\x99t deduce template parameter \xe2\x80\x98\x1b[01m\x1b[KParameterT\x1b[m\x1b[K\xe2\x80\x99\n'}
[8.570371] (ydlidar_ros2_driver) StderrLine: {'line': b'  159 |   \x1b[01;36m\x1b[Knode->declare_parameter("invalid_range_is_inf")\x1b[m\x1b[K;\n'}
[8.570486] (ydlidar_ros2_driver) StderrLine: {'line': b'      |   \x1b[01;36m\x1b[K~~~~~~~~~~~~~~~~~~~~~~~^~~~~~~~~~~~~~~~~~~~~~~~\x1b[m\x1b[K\n'}
[8.570601] (ydlidar_ros2_driver) StderrLine: {'line': b'In file included from \x1b[01m\x1b[K/opt/ros/humble/include/rclcpp/rclcpp/executors/single_threaded_executor.hpp:28\x1b[m\x1b[K,\n'}
[8.570716] (ydlidar_ros2_driver) StderrLine: {'line': b'                 from \x1b[01m\x1b[K/opt/ros/humble/include/rclcpp/rclcpp/executors.hpp:22\x1b[m\x1b[K,\n'}
[8.570852] (ydlidar_ros2_driver) StderrLine: {'line': b'                 from \x1b[01m\x1b[K/opt/ros/humble/include/rclcpp/rclcpp/rclcpp.hpp:155\x1b[m\x1b[K,\n'}
[8.570968] (ydlidar_ros2_driver) StderrLine: {'line': b'                 from \x1b[01m\x1b[K/home/geonmo/ydlidar_ws/src/ydlidar_ros2_driver/src/ydlidar_ros2_driver_node.cpp:23\x1b[m\x1b[K:\n'}
[8.571082] (ydlidar_ros2_driver) StderrLine: {'line': b'\x1b[01m\x1b[K/opt/ros/humble/include/rclcpp/rclcpp/node.hpp:366:3:\x1b[m\x1b[K \x1b[01;36m\x1b[Knote: \x1b[m\x1b[Kcandidate: \xe2\x80\x98\x1b[01m\x1b[Kconst rclcpp::ParameterValue& rclcpp::Node::declare_parameter(const string&, const rclcpp::ParameterValue&, const ParameterDescriptor&, bool)\x1b[m\x1b[K\xe2\x80\x99\n'}
[8.571220] (ydlidar_ros2_driver) StderrLine: {'line': b'  366 |   \x1b[01;36m\x1b[Kdeclare_parameter\x1b[m\x1b[K(\n'}
[8.571336] (ydlidar_ros2_driver) StderrLine: {'line': b'      |   \x1b[01;36m\x1b[K^~~~~~~~~~~~~~~~~\x1b[m\x1b[K\n'}
[8.571450] (ydlidar_ros2_driver) StderrLine: {'line': b'\x1b[01m\x1b[K/opt/ros/humble/include/rclcpp/rclcpp/node.hpp:366:3:\x1b[m\x1b[K \x1b[01;36m\x1b[Knote: \x1b[m\x1b[K  candidate expects 4 arguments, 1 provided\n'}
[8.571567] (ydlidar_ros2_driver) StderrLine: {'line': b'\x1b[01m\x1b[K/opt/ros/humble/include/rclcpp/rclcpp/node.hpp:391:3:\x1b[m\x1b[K \x1b[01;36m\x1b[Knote: \x1b[m\x1b[Kcandidate: \xe2\x80\x98\x1b[01m\x1b[Kconst rclcpp::ParameterValue& rclcpp::Node::declare_parameter(const string&, rclcpp::ParameterType, const ParameterDescriptor&, bool)\x1b[m\x1b[K\xe2\x80\x99\n'}
[8.571687] (ydlidar_ros2_driver) StderrLine: {'line': b'  391 |   \x1b[01;36m\x1b[Kdeclare_parameter\x1b[m\x1b[K(\n'}
[8.571822] (ydlidar_ros2_driver) StderrLine: {'line': b'      |   \x1b[01;36m\x1b[K^~~~~~~~~~~~~~~~~\x1b[m\x1b[K\n'}
[8.571950] (ydlidar_ros2_driver) StderrLine: {'line': b'\x1b[01m\x1b[K/opt/ros/humble/include/rclcpp/rclcpp/node.hpp:391:3:\x1b[m\x1b[K \x1b[01;36m\x1b[Knote: \x1b[m\x1b[K  candidate expects 4 arguments, 1 provided\n'}
[8.572069] (ydlidar_ros2_driver) StderrLine: {'line': b'\x1b[01m\x1b[K/home/geonmo/ydlidar_ws/src/ydlidar_ros2_driver/src/ydlidar_ros2_driver_node.cpp:168:28:\x1b[m\x1b[K \x1b[01;31m\x1b[Kerror: \x1b[m\x1b[Kno matching function for call to \xe2\x80\x98\x1b[01m\x1b[Krclcpp::Node::declare_parameter(const char [8])\x1b[m\x1b[K\xe2\x80\x99\n'}
[8.572189] (ydlidar_ros2_driver) StderrLine: {'line': b'  168 |     \x1b[01;31m\x1b[Knode->declare_parameter("m1_mode")\x1b[m\x1b[K;\n'}
[8.572305] (ydlidar_ros2_driver) StderrLine: {'line': b'      |     \x1b[01;31m\x1b[K~~~~~~~~~~~~~~~~~~~~~~~^~~~~~~~~~~\x1b[m\x1b[K\n'}
[8.572418] (ydlidar_ros2_driver) StderrLine: {'line': b'In file included from \x1b[01m\x1b[K/opt/ros/humble/include/rclcpp/rclcpp/executors/single_threaded_executor.hpp:28\x1b[m\x1b[K,\n'}
[8.572534] (ydlidar_ros2_driver) StderrLine: {'line': b'                 from \x1b[01m\x1b[K/opt/ros/humble/include/rclcpp/rclcpp/executors.hpp:22\x1b[m\x1b[K,\n'}
[8.572650] (ydlidar_ros2_driver) StderrLine: {'line': b'                 from \x1b[01m\x1b[K/opt/ros/humble/include/rclcpp/rclcpp/rclcpp.hpp:155\x1b[m\x1b[K,\n'}
[8.572764] (ydlidar_ros2_driver) StderrLine: {'line': b'                 from \x1b[01m\x1b[K/home/geonmo/ydlidar_ws/src/ydlidar_ros2_driver/src/ydlidar_ros2_driver_node.cpp:23\x1b[m\x1b[K:\n'}
[8.572880] (ydlidar_ros2_driver) StderrLine: {'line': b'\x1b[01m\x1b[K/opt/ros/humble/include/rclcpp/rclcpp/node.hpp:421:3:\x1b[m\x1b[K \x1b[01;36m\x1b[Knote: \x1b[m\x1b[Kcandidate: \xe2\x80\x98\x1b[01m\x1b[Ktemplate<class ParameterT> auto rclcpp::Node::declare_parameter(const string&, const ParameterT&, const ParameterDescriptor&, bool)\x1b[m\x1b[K\xe2\x80\x99\n'}
[8.572999] (ydlidar_ros2_driver) StderrLine: {'line': b'  421 |   \x1b[01;36m\x1b[Kdeclare_parameter\x1b[m\x1b[K(\n'}
[8.573115] (ydlidar_ros2_driver) StderrLine: {'line': b'      |   \x1b[01;36m\x1b[K^~~~~~~~~~~~~~~~~\x1b[m\x1b[K\n'}
[8.573230] (ydlidar_ros2_driver) StderrLine: {'line': b'\x1b[01m\x1b[K/opt/ros/humble/include/rclcpp/rclcpp/node.hpp:421:3:\x1b[m\x1b[K \x1b[01;36m\x1b[Knote: \x1b[m\x1b[K  template argument deduction/substitution failed:\n'}
[8.573346] (ydlidar_ros2_driver) StderrLine: {'line': b'\x1b[01m\x1b[K/home/geonmo/ydlidar_ws/src/ydlidar_ros2_driver/src/ydlidar_ros2_driver_node.cpp:168:28:\x1b[m\x1b[K \x1b[01;36m\x1b[Knote: \x1b[m\x1b[K  candidate expects 4 arguments, 1 provided\n'}
[8.573464] (ydlidar_ros2_driver) StderrLine: {'line': b'  168 |     \x1b[01;36m\x1b[Knode->declare_parameter("m1_mode")\x1b[m\x1b[K;\n'}
[8.573597] (ydlidar_ros2_driver) StderrLine: {'line': b'      |     \x1b[01;36m\x1b[K~~~~~~~~~~~~~~~~~~~~~~~^~~~~~~~~~~\x1b[m\x1b[K\n'}
[8.573713] (ydlidar_ros2_driver) StderrLine: {'line': b'In file included from \x1b[01m\x1b[K/opt/ros/humble/include/rclcpp/rclcpp/executors/single_threaded_executor.hpp:28\x1b[m\x1b[K,\n'}
[8.573829] (ydlidar_ros2_driver) StderrLine: {'line': b'                 from \x1b[01m\x1b[K/opt/ros/humble/include/rclcpp/rclcpp/executors.hpp:22\x1b[m\x1b[K,\n'}
[8.573942] (ydlidar_ros2_driver) StderrLine: {'line': b'                 from \x1b[01m\x1b[K/opt/ros/humble/include/rclcpp/rclcpp/rclcpp.hpp:155\x1b[m\x1b[K,\n'}
[8.574057] (ydlidar_ros2_driver) StderrLine: {'line': b'                 from \x1b[01m\x1b[K/home/geonmo/ydlidar_ws/src/ydlidar_ros2_driver/src/ydlidar_ros2_driver_node.cpp:23\x1b[m\x1b[K:\n'}
[8.574187] (ydlidar_ros2_driver) StderrLine: {'line': b'\x1b[01m\x1b[K/opt/ros/humble/include/rclcpp/rclcpp/node.hpp:434:3:\x1b[m\x1b[K \x1b[01;36m\x1b[Knote: \x1b[m\x1b[Kcandidate: \xe2\x80\x98\x1b[01m\x1b[Ktemplate<class ParameterT> auto rclcpp::Node::declare_parameter(const string&, const ParameterDescriptor&, bool)\x1b[m\x1b[K\xe2\x80\x99\n'}
[8.574322] (ydlidar_ros2_driver) StderrLine: {'line': b'  434 |   \x1b[01;36m\x1b[Kdeclare_parameter\x1b[m\x1b[K(\n'}
[8.574438] (ydlidar_ros2_driver) StderrLine: {'line': b'      |   \x1b[01;36m\x1b[K^~~~~~~~~~~~~~~~~\x1b[m\x1b[K\n'}
[8.574552] (ydlidar_ros2_driver) StderrLine: {'line': b'\x1b[01m\x1b[K/opt/ros/humble/include/rclcpp/rclcpp/node.hpp:434:3:\x1b[m\x1b[K \x1b[01;36m\x1b[Knote: \x1b[m\x1b[K  template argument deduction/substitution failed:\n'}
[8.574668] (ydlidar_ros2_driver) StderrLine: {'line': b'\x1b[01m\x1b[K/home/geonmo/ydlidar_ws/src/ydlidar_ros2_driver/src/ydlidar_ros2_driver_node.cpp:168:28:\x1b[m\x1b[K \x1b[01;36m\x1b[Knote: \x1b[m\x1b[K  couldn\xe2\x80\x99t deduce template parameter \xe2\x80\x98\x1b[01m\x1b[KParameterT\x1b[m\x1b[K\xe2\x80\x99\n'}
[8.574786] (ydlidar_ros2_driver) StderrLine: {'line': b'  168 |     \x1b[01;36m\x1b[Knode->declare_parameter("m1_mode")\x1b[m\x1b[K;\n'}
[8.574900] (ydlidar_ros2_driver) StderrLine: {'line': b'      |     \x1b[01;36m\x1b[K~~~~~~~~~~~~~~~~~~~~~~~^~~~~~~~~~~\x1b[m\x1b[K\n'}
[8.575015] (ydlidar_ros2_driver) StderrLine: {'line': b'In file included from \x1b[01m\x1b[K/opt/ros/humble/include/rclcpp/rclcpp/executors/single_threaded_executor.hpp:28\x1b[m\x1b[K,\n'}
[8.575155] (ydlidar_ros2_driver) StderrLine: {'line': b'                 from \x1b[01m\x1b[K/opt/ros/humble/include/rclcpp/rclcpp/executors.hpp:22\x1b[m\x1b[K,\n'}
[8.575312] (ydlidar_ros2_driver) StderrLine: {'line': b'                 from \x1b[01m\x1b[K/opt/ros/humble/include/rclcpp/rclcpp/rclcpp.hpp:155\x1b[m\x1b[K,\n'}
[8.575441] (ydlidar_ros2_driver) StderrLine: {'line': b'                 from \x1b[01m\x1b[K/home/geonmo/ydlidar_ws/src/ydlidar_ros2_driver/src/ydlidar_ros2_driver_node.cpp:23\x1b[m\x1b[K:\n'}
[8.575562] (ydlidar_ros2_driver) StderrLine: {'line': b'\x1b[01m\x1b[K/opt/ros/humble/include/rclcpp/rclcpp/node.hpp:366:3:\x1b[m\x1b[K \x1b[01;36m\x1b[Knote: \x1b[m\x1b[Kcandidate: \xe2\x80\x98\x1b[01m\x1b[Kconst rclcpp::ParameterValue& rclcpp::Node::declare_parameter(const string&, const rclcpp::ParameterValue&, const ParameterDescriptor&, bool)\x1b[m\x1b[K\xe2\x80\x99\n'}
[8.575689] (ydlidar_ros2_driver) StderrLine: {'line': b'  366 |   \x1b[01;36m\x1b[Kdeclare_parameter\x1b[m\x1b[K(\n'}
[8.575824] (ydlidar_ros2_driver) StderrLine: {'line': b'      |   \x1b[01;36m\x1b[K^~~~~~~~~~~~~~~~~\x1b[m\x1b[K\n'}
[8.575952] (ydlidar_ros2_driver) StderrLine: {'line': b'\x1b[01m\x1b[K/opt/ros/humble/include/rclcpp/rclcpp/node.hpp:366:3:\x1b[m\x1b[K \x1b[01;36m\x1b[Knote: \x1b[m\x1b[K  candidate expects 4 arguments, 1 provided\n'}
[8.576071] (ydlidar_ros2_driver) StderrLine: {'line': b'\x1b[01m\x1b[K/opt/ros/humble/include/rclcpp/rclcpp/node.hpp:391:3:\x1b[m\x1b[K \x1b[01;36m\x1b[Knote: \x1b[m\x1b[Kcandidate: \xe2\x80\x98\x1b[01m\x1b[Kconst rclcpp::ParameterValue& rclcpp::Node::declare_parameter(const string&, rclcpp::ParameterType, const ParameterDescriptor&, bool)\x1b[m\x1b[K\xe2\x80\x99\n'}
[8.576207] (ydlidar_ros2_driver) StderrLine: {'line': b'  391 |   \x1b[01;36m\x1b[Kdeclare_parameter\x1b[m\x1b[K(\n'}
[8.576322] (ydlidar_ros2_driver) StderrLine: {'line': b'      |   \x1b[01;36m\x1b[K^~~~~~~~~~~~~~~~~\x1b[m\x1b[K\n'}
[8.576434] (ydlidar_ros2_driver) StderrLine: {'line': b'\x1b[01m\x1b[K/opt/ros/humble/include/rclcpp/rclcpp/node.hpp:391:3:\x1b[m\x1b[K \x1b[01;36m\x1b[Knote: \x1b[m\x1b[K  candidate expects 4 arguments, 1 provided\n'}
[8.576548] (ydlidar_ros2_driver) StderrLine: {'line': b'\x1b[01m\x1b[K/home/geonmo/ydlidar_ws/src/ydlidar_ros2_driver/src/ydlidar_ros2_driver_node.cpp:172:28:\x1b[m\x1b[K \x1b[01;31m\x1b[Kerror: \x1b[m\x1b[Kno matching function for call to \xe2\x80\x98\x1b[01m\x1b[Krclcpp::Node::declare_parameter(const char [8])\x1b[m\x1b[K\xe2\x80\x99\n'}
[8.576662] (ydlidar_ros2_driver) StderrLine: {'line': b'  172 |     \x1b[01;31m\x1b[Knode->declare_parameter("m2_mode")\x1b[m\x1b[K;\n'}
[8.576775] (ydlidar_ros2_driver) StderrLine: {'line': b'      |     \x1b[01;31m\x1b[K~~~~~~~~~~~~~~~~~~~~~~~^~~~~~~~~~~\x1b[m\x1b[K\n'}
[8.576886] (ydlidar_ros2_driver) StderrLine: {'line': b'In file included from \x1b[01m\x1b[K/opt/ros/humble/include/rclcpp/rclcpp/executors/single_threaded_executor.hpp:28\x1b[m\x1b[K,\n'}
[8.576998] (ydlidar_ros2_driver) StderrLine: {'line': b'                 from \x1b[01m\x1b[K/opt/ros/humble/include/rclcpp/rclcpp/executors.hpp:22\x1b[m\x1b[K,\n'}
[8.577110] (ydlidar_ros2_driver) StderrLine: {'line': b'                 from \x1b[01m\x1b[K/opt/ros/humble/include/rclcpp/rclcpp/rclcpp.hpp:155\x1b[m\x1b[K,\n'}
[8.577222] (ydlidar_ros2_driver) StderrLine: {'line': b'                 from \x1b[01m\x1b[K/home/geonmo/ydlidar_ws/src/ydlidar_ros2_driver/src/ydlidar_ros2_driver_node.cpp:23\x1b[m\x1b[K:\n'}
[8.577335] (ydlidar_ros2_driver) StderrLine: {'line': b'\x1b[01m\x1b[K/opt/ros/humble/include/rclcpp/rclcpp/node.hpp:421:3:\x1b[m\x1b[K \x1b[01;36m\x1b[Knote: \x1b[m\x1b[Kcandidate: \xe2\x80\x98\x1b[01m\x1b[Ktemplate<class ParameterT> auto rclcpp::Node::declare_parameter(const string&, const ParameterT&, const ParameterDescriptor&, bool)\x1b[m\x1b[K\xe2\x80\x99\n'}
[8.577451] (ydlidar_ros2_driver) StderrLine: {'line': b'  421 |   \x1b[01;36m\x1b[Kdeclare_parameter\x1b[m\x1b[K(\n'}
[8.577563] (ydlidar_ros2_driver) StderrLine: {'line': b'      |   \x1b[01;36m\x1b[K^~~~~~~~~~~~~~~~~\x1b[m\x1b[K\n'}
[8.577674] (ydlidar_ros2_driver) StderrLine: {'line': b'\x1b[01m\x1b[K/opt/ros/humble/include/rclcpp/rclcpp/node.hpp:421:3:\x1b[m\x1b[K \x1b[01;36m\x1b[Knote: \x1b[m\x1b[K  template argument deduction/substitution failed:\n'}
[8.577786] (ydlidar_ros2_driver) StderrLine: {'line': b'\x1b[01m\x1b[K/home/geonmo/ydlidar_ws/src/ydlidar_ros2_driver/src/ydlidar_ros2_driver_node.cpp:172:28:\x1b[m\x1b[K \x1b[01;36m\x1b[Knote: \x1b[m\x1b[K  candidate expects 4 arguments, 1 provided\n'}
[8.577898] (ydlidar_ros2_driver) StderrLine: {'line': b'  172 |     \x1b[01;36m\x1b[Knode->declare_parameter("m2_mode")\x1b[m\x1b[K;\n'}
[8.578010] (ydlidar_ros2_driver) StderrLine: {'line': b'      |     \x1b[01;36m\x1b[K~~~~~~~~~~~~~~~~~~~~~~~^~~~~~~~~~~\x1b[m\x1b[K\n'}
[8.578120] (ydlidar_ros2_driver) StderrLine: {'line': b'In file included from \x1b[01m\x1b[K/opt/ros/humble/include/rclcpp/rclcpp/executors/single_threaded_executor.hpp:28\x1b[m\x1b[K,\n'}
[8.578248] (ydlidar_ros2_driver) StderrLine: {'line': b'                 from \x1b[01m\x1b[K/opt/ros/humble/include/rclcpp/rclcpp/executors.hpp:22\x1b[m\x1b[K,\n'}
[8.578364] (ydlidar_ros2_driver) StderrLine: {'line': b'                 from \x1b[01m\x1b[K/opt/ros/humble/include/rclcpp/rclcpp/rclcpp.hpp:155\x1b[m\x1b[K,\n'}
[8.578476] (ydlidar_ros2_driver) StderrLine: {'line': b'                 from \x1b[01m\x1b[K/home/geonmo/ydlidar_ws/src/ydlidar_ros2_driver/src/ydlidar_ros2_driver_node.cpp:23\x1b[m\x1b[K:\n'}
[8.578607] (ydlidar_ros2_driver) StderrLine: {'line': b'\x1b[01m\x1b[K/opt/ros/humble/include/rclcpp/rclcpp/node.hpp:434:3:\x1b[m\x1b[K \x1b[01;36m\x1b[Knote: \x1b[m\x1b[Kcandidate: \xe2\x80\x98\x1b[01m\x1b[Ktemplate<class ParameterT> auto rclcpp::Node::declare_parameter(const string&, const ParameterDescriptor&, bool)\x1b[m\x1b[K\xe2\x80\x99\n'}
[8.578738] (ydlidar_ros2_driver) StderrLine: {'line': b'  434 |   \x1b[01;36m\x1b[Kdeclare_parameter\x1b[m\x1b[K(\n'}
[8.578852] (ydlidar_ros2_driver) StderrLine: {'line': b'      |   \x1b[01;36m\x1b[K^~~~~~~~~~~~~~~~~\x1b[m\x1b[K\n'}
[8.578965] (ydlidar_ros2_driver) StderrLine: {'line': b'\x1b[01m\x1b[K/opt/ros/humble/include/rclcpp/rclcpp/node.hpp:434:3:\x1b[m\x1b[K \x1b[01;36m\x1b[Knote: \x1b[m\x1b[K  template argument deduction/substitution failed:\n'}
[8.579077] (ydlidar_ros2_driver) StderrLine: {'line': b'\x1b[01m\x1b[K/home/geonmo/ydlidar_ws/src/ydlidar_ros2_driver/src/ydlidar_ros2_driver_node.cpp:172:28:\x1b[m\x1b[K \x1b[01;36m\x1b[Knote: \x1b[m\x1b[K  couldn\xe2\x80\x99t deduce template parameter \xe2\x80\x98\x1b[01m\x1b[KParameterT\x1b[m\x1b[K\xe2\x80\x99\n'}
[8.579194] (ydlidar_ros2_driver) StderrLine: {'line': b'  172 |     \x1b[01;36m\x1b[Knode->declare_parameter("m2_mode")\x1b[m\x1b[K;\n'}
[8.579309] (ydlidar_ros2_driver) StderrLine: {'line': b'      |     \x1b[01;36m\x1b[K~~~~~~~~~~~~~~~~~~~~~~~^~~~~~~~~~~\x1b[m\x1b[K\n'}
[8.579438] (ydlidar_ros2_driver) StderrLine: {'line': b'In file included from \x1b[01m\x1b[K/opt/ros/humble/include/rclcpp/rclcpp/executors/single_threaded_executor.hpp:28\x1b[m\x1b[K,\n'}
[8.579555] (ydlidar_ros2_driver) StderrLine: {'line': b'                 from \x1b[01m\x1b[K/opt/ros/humble/include/rclcpp/rclcpp/executors.hpp:22\x1b[m\x1b[K,\n'}
[8.579668] (ydlidar_ros2_driver) StderrLine: {'line': b'                 from \x1b[01m\x1b[K/opt/ros/humble/include/rclcpp/rclcpp/rclcpp.hpp:155\x1b[m\x1b[K,\n'}
[8.579781] (ydlidar_ros2_driver) StderrLine: {'line': b'                 from \x1b[01m\x1b[K/home/geonmo/ydlidar_ws/src/ydlidar_ros2_driver/src/ydlidar_ros2_driver_node.cpp:23\x1b[m\x1b[K:\n'}
[8.579926] (ydlidar_ros2_driver) StderrLine: {'line': b'\x1b[01m\x1b[K/opt/ros/humble/include/rclcpp/rclcpp/node.hpp:366:3:\x1b[m\x1b[K \x1b[01;36m\x1b[Knote: \x1b[m\x1b[Kcandidate: \xe2\x80\x98\x1b[01m\x1b[Kconst rclcpp::ParameterValue& rclcpp::Node::declare_parameter(const string&, const rclcpp::ParameterValue&, const ParameterDescriptor&, bool)\x1b[m\x1b[K\xe2\x80\x99\n'}
[8.580050] (ydlidar_ros2_driver) StderrLine: {'line': b'  366 |   \x1b[01;36m\x1b[Kdeclare_parameter\x1b[m\x1b[K(\n'}
[8.580165] (ydlidar_ros2_driver) StderrLine: {'line': b'      |   \x1b[01;36m\x1b[K^~~~~~~~~~~~~~~~~\x1b[m\x1b[K\n'}
[8.580279] (ydlidar_ros2_driver) StderrLine: {'line': b'\x1b[01m\x1b[K/opt/ros/humble/include/rclcpp/rclcpp/node.hpp:366:3:\x1b[m\x1b[K \x1b[01;36m\x1b[Knote: \x1b[m\x1b[K  candidate expects 4 arguments, 1 provided\n'}
[8.580391] (ydlidar_ros2_driver) StderrLine: {'line': b'\x1b[01m\x1b[K/opt/ros/humble/include/rclcpp/rclcpp/node.hpp:391:3:\x1b[m\x1b[K \x1b[01;36m\x1b[Knote: \x1b[m\x1b[Kcandidate: \xe2\x80\x98\x1b[01m\x1b[Kconst rclcpp::ParameterValue& rclcpp::Node::declare_parameter(const string&, rclcpp::ParameterType, const ParameterDescriptor&, bool)\x1b[m\x1b[K\xe2\x80\x99\n'}
[8.580506] (ydlidar_ros2_driver) StderrLine: {'line': b'  391 |   \x1b[01;36m\x1b[Kdeclare_parameter\x1b[m\x1b[K(\n'}
[8.580618] (ydlidar_ros2_driver) StderrLine: {'line': b'      |   \x1b[01;36m\x1b[K^~~~~~~~~~~~~~~~~\x1b[m\x1b[K\n'}
[8.580730] (ydlidar_ros2_driver) StderrLine: {'line': b'\x1b[01m\x1b[K/opt/ros/humble/include/rclcpp/rclcpp/node.hpp:391:3:\x1b[m\x1b[K \x1b[01;36m\x1b[Knote: \x1b[m\x1b[K  candidate expects 4 arguments, 1 provided\n'}
[8.580844] (ydlidar_ros2_driver) StderrLine: {'line': b'\x1b[01m\x1b[K/home/geonmo/ydlidar_ws/src/ydlidar_ros2_driver/src/ydlidar_ros2_driver_node.cpp:176:28:\x1b[m\x1b[K \x1b[01;31m\x1b[Kerror: \x1b[m\x1b[Kno matching function for call to \xe2\x80\x98\x1b[01m\x1b[Krclcpp::Node::declare_parameter(const char [8])\x1b[m\x1b[K\xe2\x80\x99\n'}
[8.580958] (ydlidar_ros2_driver) StderrLine: {'line': b'  176 |     \x1b[01;31m\x1b[Knode->declare_parameter("m3_mode")\x1b[m\x1b[K;\n'}
[8.581085] (ydlidar_ros2_driver) StderrLine: {'line': b'      |     \x1b[01;31m\x1b[K~~~~~~~~~~~~~~~~~~~~~~~^~~~~~~~~~~\x1b[m\x1b[K\n'}
[8.581197] (ydlidar_ros2_driver) StderrLine: {'line': b'In file included from \x1b[01m\x1b[K/opt/ros/humble/include/rclcpp/rclcpp/executors/single_threaded_executor.hpp:28\x1b[m\x1b[K,\n'}
[8.581309] (ydlidar_ros2_driver) StderrLine: {'line': b'                 from \x1b[01m\x1b[K/opt/ros/humble/include/rclcpp/rclcpp/executors.hpp:22\x1b[m\x1b[K,\n'}
[8.581421] (ydlidar_ros2_driver) StderrLine: {'line': b'                 from \x1b[01m\x1b[K/opt/ros/humble/include/rclcpp/rclcpp/rclcpp.hpp:155\x1b[m\x1b[K,\n'}
[8.581533] (ydlidar_ros2_driver) StderrLine: {'line': b'                 from \x1b[01m\x1b[K/home/geonmo/ydlidar_ws/src/ydlidar_ros2_driver/src/ydlidar_ros2_driver_node.cpp:23\x1b[m\x1b[K:\n'}
[8.581644] (ydlidar_ros2_driver) StderrLine: {'line': b'\x1b[01m\x1b[K/opt/ros/humble/include/rclcpp/rclcpp/node.hpp:421:3:\x1b[m\x1b[K \x1b[01;36m\x1b[Knote: \x1b[m\x1b[Kcandidate: \xe2\x80\x98\x1b[01m\x1b[Ktemplate<class ParameterT> auto rclcpp::Node::declare_parameter(const string&, const ParameterT&, const ParameterDescriptor&, bool)\x1b[m\x1b[K\xe2\x80\x99\n'}
[8.581759] (ydlidar_ros2_driver) StderrLine: {'line': b'  421 |   \x1b[01;36m\x1b[Kdeclare_parameter\x1b[m\x1b[K(\n'}
[8.581869] (ydlidar_ros2_driver) StderrLine: {'line': b'      |   \x1b[01;36m\x1b[K^~~~~~~~~~~~~~~~~\x1b[m\x1b[K\n'}
[8.581980] (ydlidar_ros2_driver) StderrLine: {'line': b'\x1b[01m\x1b[K/opt/ros/humble/include/rclcpp/rclcpp/node.hpp:421:3:\x1b[m\x1b[K \x1b[01;36m\x1b[Knote: \x1b[m\x1b[K  template argument deduction/substitution failed:\n'}
[8.582109] (ydlidar_ros2_driver) StderrLine: {'line': b'\x1b[01m\x1b[K/home/geonmo/ydlidar_ws/src/ydlidar_ros2_driver/src/ydlidar_ros2_driver_node.cpp:176:28:\x1b[m\x1b[K \x1b[01;36m\x1b[Knote: \x1b[m\x1b[K  candidate expects 4 arguments, 1 provided\n'}
[8.582226] (ydlidar_ros2_driver) StderrLine: {'line': b'  176 |     \x1b[01;36m\x1b[Knode->declare_parameter("m3_mode")\x1b[m\x1b[K;\n'}
[8.582338] (ydlidar_ros2_driver) StderrLine: {'line': b'      |     \x1b[01;36m\x1b[K~~~~~~~~~~~~~~~~~~~~~~~^~~~~~~~~~~\x1b[m\x1b[K\n'}
[8.582450] (ydlidar_ros2_driver) StderrLine: {'line': b'In file included from \x1b[01m\x1b[K/opt/ros/humble/include/rclcpp/rclcpp/executors/single_threaded_executor.hpp:28\x1b[m\x1b[K,\n'}
[8.582564] (ydlidar_ros2_driver) StderrLine: {'line': b'                 from \x1b[01m\x1b[K/opt/ros/humble/include/rclcpp/rclcpp/executors.hpp:22\x1b[m\x1b[K,\n'}
[8.582676] (ydlidar_ros2_driver) StderrLine: {'line': b'                 from \x1b[01m\x1b[K/opt/ros/humble/include/rclcpp/rclcpp/rclcpp.hpp:155\x1b[m\x1b[K,\n'}
[8.582787] (ydlidar_ros2_driver) StderrLine: {'line': b'                 from \x1b[01m\x1b[K/home/geonmo/ydlidar_ws/src/ydlidar_ros2_driver/src/ydlidar_ros2_driver_node.cpp:23\x1b[m\x1b[K:\n'}
[8.582917] (ydlidar_ros2_driver) StderrLine: {'line': b'\x1b[01m\x1b[K/opt/ros/humble/include/rclcpp/rclcpp/node.hpp:434:3:\x1b[m\x1b[K \x1b[01;36m\x1b[Knote: \x1b[m\x1b[Kcandidate: \xe2\x80\x98\x1b[01m\x1b[Ktemplate<class ParameterT> auto rclcpp::Node::declare_parameter(const string&, const ParameterDescriptor&, bool)\x1b[m\x1b[K\xe2\x80\x99\n'}
[8.583036] (ydlidar_ros2_driver) StderrLine: {'line': b'  434 |   \x1b[01;36m\x1b[Kdeclare_parameter\x1b[m\x1b[K(\n'}
[8.583148] (ydlidar_ros2_driver) StderrLine: {'line': b'      |   \x1b[01;36m\x1b[K^~~~~~~~~~~~~~~~~\x1b[m\x1b[K\n'}
[8.583259] (ydlidar_ros2_driver) StderrLine: {'line': b'\x1b[01m\x1b[K/opt/ros/humble/include/rclcpp/rclcpp/node.hpp:434:3:\x1b[m\x1b[K \x1b[01;36m\x1b[Knote: \x1b[m\x1b[K  template argument deduction/substitution failed:\n'}
[8.583372] (ydlidar_ros2_driver) StderrLine: {'line': b'\x1b[01m\x1b[K/home/geonmo/ydlidar_ws/src/ydlidar_ros2_driver/src/ydlidar_ros2_driver_node.cpp:176:28:\x1b[m\x1b[K \x1b[01;36m\x1b[Knote: \x1b[m\x1b[K  couldn\xe2\x80\x99t deduce template parameter \xe2\x80\x98\x1b[01m\x1b[KParameterT\x1b[m\x1b[K\xe2\x80\x99\n'}
[8.583484] (ydlidar_ros2_driver) StderrLine: {'line': b'  176 |     \x1b[01;36m\x1b[Knode->declare_parameter("m3_mode")\x1b[m\x1b[K;\n'}
[8.583626] (ydlidar_ros2_driver) StderrLine: {'line': b'      |     \x1b[01;36m\x1b[K~~~~~~~~~~~~~~~~~~~~~~~^~~~~~~~~~~\x1b[m\x1b[K\n'}
[8.583738] (ydlidar_ros2_driver) StderrLine: {'line': b'In file included from \x1b[01m\x1b[K/opt/ros/humble/include/rclcpp/rclcpp/executors/single_threaded_executor.hpp:28\x1b[m\x1b[K,\n'}
[8.583886] (ydlidar_ros2_driver) StderrLine: {'line': b'                 from \x1b[01m\x1b[K/opt/ros/humble/include/rclcpp/rclcpp/executors.hpp:22\x1b[m\x1b[K,\n'}
[8.584006] (ydlidar_ros2_driver) StderrLine: {'line': b'                 from \x1b[01m\x1b[K/opt/ros/humble/include/rclcpp/rclcpp/rclcpp.hpp:155\x1b[m\x1b[K,\n'}
[8.584120] (ydlidar_ros2_driver) StderrLine: {'line': b'                 from \x1b[01m\x1b[K/home/geonmo/ydlidar_ws/src/ydlidar_ros2_driver/src/ydlidar_ros2_driver_node.cpp:23\x1b[m\x1b[K:\n'}
[8.584234] (ydlidar_ros2_driver) StderrLine: {'line': b'\x1b[01m\x1b[K/opt/ros/humble/include/rclcpp/rclcpp/node.hpp:366:3:\x1b[m\x1b[K \x1b[01;36m\x1b[Knote: \x1b[m\x1b[Kcandidate: \xe2\x80\x98\x1b[01m\x1b[Kconst rclcpp::ParameterValue& rclcpp::Node::declare_parameter(const string&, const rclcpp::ParameterValue&, const ParameterDescriptor&, bool)\x1b[m\x1b[K\xe2\x80\x99\n'}
[8.584354] (ydlidar_ros2_driver) StderrLine: {'line': b'  366 |   \x1b[01;36m\x1b[Kdeclare_parameter\x1b[m\x1b[K(\n'}
[8.584469] (ydlidar_ros2_driver) StderrLine: {'line': b'      |   \x1b[01;36m\x1b[K^~~~~~~~~~~~~~~~~\x1b[m\x1b[K\n'}
[8.584581] (ydlidar_ros2_driver) StderrLine: {'line': b'\x1b[01m\x1b[K/opt/ros/humble/include/rclcpp/rclcpp/node.hpp:366:3:\x1b[m\x1b[K \x1b[01;36m\x1b[Knote: \x1b[m\x1b[K  candidate expects 4 arguments, 1 provided\n'}
[8.584693] (ydlidar_ros2_driver) StderrLine: {'line': b'\x1b[01m\x1b[K/opt/ros/humble/include/rclcpp/rclcpp/node.hpp:391:3:\x1b[m\x1b[K \x1b[01;36m\x1b[Knote: \x1b[m\x1b[Kcandidate: \xe2\x80\x98\x1b[01m\x1b[Kconst rclcpp::ParameterValue& rclcpp::Node::declare_parameter(const string&, rclcpp::ParameterType, const ParameterDescriptor&, bool)\x1b[m\x1b[K\xe2\x80\x99\n'}
[8.584810] (ydlidar_ros2_driver) StderrLine: {'line': b'  391 |   \x1b[01;36m\x1b[Kdeclare_parameter\x1b[m\x1b[K(\n'}
[8.584921] (ydlidar_ros2_driver) StderrLine: {'line': b'      |   \x1b[01;36m\x1b[K^~~~~~~~~~~~~~~~~\x1b[m\x1b[K\n'}
[8.585033] (ydlidar_ros2_driver) StderrLine: {'line': b'\x1b[01m\x1b[K/opt/ros/humble/include/rclcpp/rclcpp/node.hpp:391:3:\x1b[m\x1b[K \x1b[01;36m\x1b[Knote: \x1b[m\x1b[K  candidate expects 4 arguments, 1 provided\n'}
[8.585146] (ydlidar_ros2_driver) StderrLine: {'line': b'\x1b[01m\x1b[K/home/geonmo/ydlidar_ws/src/ydlidar_ros2_driver/src/ydlidar_ros2_driver_node.cpp:\x1b[m\x1b[K In lambda function:\n'}
[8.585263] (ydlidar_ros2_driver) StderrLine: {'line': b'\x1b[01m\x1b[K/home/geonmo/ydlidar_ws/src/ydlidar_ros2_driver/src/ydlidar_ros2_driver_node.cpp:190:54:\x1b[m\x1b[K \x1b[01;35m\x1b[Kwarning: \x1b[m\x1b[Kunused parameter \xe2\x80\x98\x1b[01m\x1b[Krequest_header\x1b[m\x1b[K\xe2\x80\x99 [\x1b[01;35m\x1b[K\x1b]8;;https://gcc.gnu.org/onlinedocs/gcc/Warning-Options.html#index-Wunused-parameter\x07-Wunused-parameter\x1b]8;;\x07\x1b[m\x1b[K]\n'}
[8.585392] (ydlidar_ros2_driver) StderrLine: {'line': b'  190 |     [&laser](\x1b[01;35m\x1b[Kconst std::shared_ptr<rmw_request_id_t> request_header\x1b[m\x1b[K,\n'}
[8.585508] (ydlidar_ros2_driver) StderrLine: {'line': b'      |              \x1b[01;35m\x1b[K~~~~~~~~~~~~~~~~~~~~~~~~~~~~~~~~~~~~~~~~^~~~~~~~~~~~~~\x1b[m\x1b[K\n'}
[8.585621] (ydlidar_ros2_driver) StderrLine: {'line': b'\x1b[01m\x1b[K/home/geonmo/ydlidar_ws/src/ydlidar_ros2_driver/src/ydlidar_ros2_driver_node.cpp:191:56:\x1b[m\x1b[K \x1b[01;35m\x1b[Kwarning: \x1b[m\x1b[Kunused parameter \xe2\x80\x98\x1b[01m\x1b[Kreq\x1b[m\x1b[K\xe2\x80\x99 [\x1b[01;35m\x1b[K\x1b]8;;https://gcc.gnu.org/onlinedocs/gcc/Warning-Options.html#index-Wunused-parameter\x07-Wunused-parameter\x1b]8;;\x07\x1b[m\x1b[K]\n'}
[8.585765] (ydlidar_ros2_driver) StderrLine: {'line': b'  191 |   \x1b[01;35m\x1b[Kconst std::shared_ptr<std_srvs::srv::Empty::Request> req\x1b[m\x1b[K,\n'}
[8.585901] (ydlidar_ros2_driver) StderrLine: {'line': b'      |   \x1b[01;35m\x1b[K~~~~~~~~~~~~~~~~~~~~~~~~~~~~~~~~~~~~~~~~~~~~~~~~~~~~~^~~\x1b[m\x1b[K\n'}
[8.586017] (ydlidar_ros2_driver) StderrLine: {'line': b'\x1b[01m\x1b[K/home/geonmo/ydlidar_ws/src/ydlidar_ros2_driver/src/ydlidar_ros2_driver_node.cpp:192:51:\x1b[m\x1b[K \x1b[01;35m\x1b[Kwarning: \x1b[m\x1b[Kunused parameter \xe2\x80\x98\x1b[01m\x1b[Kresponse\x1b[m\x1b[K\xe2\x80\x99 [\x1b[01;35m\x1b[K\x1b]8;;https://gcc.gnu.org/onlinedocs/gcc/Warning-Options.html#index-Wunused-parameter\x07-Wunused-parameter\x1b]8;;\x07\x1b[m\x1b[K]\n'}
[8.586137] (ydlidar_ros2_driver) StderrLine: {'line': b'  192 |   \x1b[01;35m\x1b[Kstd::shared_ptr<std_srvs::srv::Empty::Response> response\x1b[m\x1b[K) -> bool\n'}
[8.586248] (ydlidar_ros2_driver) StderrLine: {'line': b'      |   \x1b[01;35m\x1b[K~~~~~~~~~~~~~~~~~~~~~~~~~~~~~~~~~~~~~~~~~~~~~~~~^~~~~~~~\x1b[m\x1b[K\n'}
[8.586360] (ydlidar_ros2_driver) StderrLine: {'line': b'\x1b[01m\x1b[K/home/geonmo/ydlidar_ws/src/ydlidar_ros2_driver/src/ydlidar_ros2_driver_node.cpp:\x1b[m\x1b[K In lambda function:\n'}
[8.586474] (ydlidar_ros2_driver) StderrLine: {'line': b'\x1b[01m\x1b[K/home/geonmo/ydlidar_ws/src/ydlidar_ros2_driver/src/ydlidar_ros2_driver_node.cpp:200:54:\x1b[m\x1b[K \x1b[01;35m\x1b[Kwarning: \x1b[m\x1b[Kunused parameter \xe2\x80\x98\x1b[01m\x1b[Krequest_header\x1b[m\x1b[K\xe2\x80\x99 [\x1b[01;35m\x1b[K\x1b]8;;https://gcc.gnu.org/onlinedocs/gcc/Warning-Options.html#index-Wunused-parameter\x07-Wunused-parameter\x1b]8;;\x07\x1b[m\x1b[K]\n'}
[8.586608] (ydlidar_ros2_driver) StderrLine: {'line': b'  200 |     [&laser](\x1b[01;35m\x1b[Kconst std::shared_ptr<rmw_request_id_t> request_header\x1b[m\x1b[K,\n'}
[8.586721] (ydlidar_ros2_driver) StderrLine: {'line': b'      |              \x1b[01;35m\x1b[K~~~~~~~~~~~~~~~~~~~~~~~~~~~~~~~~~~~~~~~~^~~~~~~~~~~~~~\x1b[m\x1b[K\n'}
[8.586833] (ydlidar_ros2_driver) StderrLine: {'line': b'\x1b[01m\x1b[K/home/geonmo/ydlidar_ws/src/ydlidar_ros2_driver/src/ydlidar_ros2_driver_node.cpp:201:56:\x1b[m\x1b[K \x1b[01;35m\x1b[Kwarning: \x1b[m\x1b[Kunused parameter \xe2\x80\x98\x1b[01m\x1b[Kreq\x1b[m\x1b[K\xe2\x80\x99 [\x1b[01;35m\x1b[K\x1b]8;;https://gcc.gnu.org/onlinedocs/gcc/Warning-Options.html#index-Wunused-parameter\x07-Wunused-parameter\x1b]8;;\x07\x1b[m\x1b[K]\n'}
[8.586950] (ydlidar_ros2_driver) StderrLine: {'line': b'  201 |   \x1b[01;35m\x1b[Kconst std::shared_ptr<std_srvs::srv::Empty::Request> req\x1b[m\x1b[K,\n'}
[8.587061] (ydlidar_ros2_driver) StderrLine: {'line': b'      |   \x1b[01;35m\x1b[K~~~~~~~~~~~~~~~~~~~~~~~~~~~~~~~~~~~~~~~~~~~~~~~~~~~~~^~~\x1b[m\x1b[K\n'}
[8.587188] (ydlidar_ros2_driver) StderrLine: {'line': b'\x1b[01m\x1b[K/home/geonmo/ydlidar_ws/src/ydlidar_ros2_driver/src/ydlidar_ros2_driver_node.cpp:202:51:\x1b[m\x1b[K \x1b[01;35m\x1b[Kwarning: \x1b[m\x1b[Kunused parameter \xe2\x80\x98\x1b[01m\x1b[Kresponse\x1b[m\x1b[K\xe2\x80\x99 [\x1b[01;35m\x1b[K\x1b]8;;https://gcc.gnu.org/onlinedocs/gcc/Warning-Options.html#index-Wunused-parameter\x07-Wunused-parameter\x1b]8;;\x07\x1b[m\x1b[K]\n'}
[8.587319] (ydlidar_ros2_driver) StderrLine: {'line': b'  202 |   \x1b[01;35m\x1b[Kstd::shared_ptr<std_srvs::srv::Empty::Response> response\x1b[m\x1b[K) -> bool\n'}
[8.587437] (ydlidar_ros2_driver) StderrLine: {'line': b'      |   \x1b[01;35m\x1b[K~~~~~~~~~~~~~~~~~~~~~~~~~~~~~~~~~~~~~~~~~~~~~~~~^~~~~~~~\x1b[m\x1b[K\n'}
[8.587549] (ydlidar_ros2_driver) StderrLine: {'line': b'\x1b[01m\x1b[K/home/geonmo/ydlidar_ws/src/ydlidar_ros2_driver/src/ydlidar_ros2_driver_node.cpp:\x1b[m\x1b[K In function \xe2\x80\x98\x1b[01m\x1b[Kint main(int, char**)\x1b[m\x1b[K\xe2\x80\x99:\n'}
[8.587663] (ydlidar_ros2_driver) StderrLine: {'line': b'\x1b[01m\x1b[K/home/geonmo/ydlidar_ws/src/ydlidar_ros2_driver/src/ydlidar_ros2_driver_node.cpp:235:21:\x1b[m\x1b[K \x1b[01;35m\x1b[Kwarning: \x1b[m\x1b[Kunused variable \xe2\x80\x98\x1b[01m\x1b[Kp\x1b[m\x1b[K\xe2\x80\x99 [\x1b[01;35m\x1b[K\x1b]8;;https://gcc.gnu.org/onlinedocs/gcc/Warning-Options.html#index-Wunused-variable\x07-Wunused-variable\x1b]8;;\x07\x1b[m\x1b[K]\n'}
[8.587829] (ydlidar_ros2_driver) StderrLine: {'line': b'  235 |         const auto& \x1b[01;35m\x1b[Kp\x1b[m\x1b[K = scan.points.at(i);\n'}
[8.587962] (ydlidar_ros2_driver) StderrLine: {'line': b'      |                     \x1b[01;35m\x1b[K^\x1b[m\x1b[K\n'}
[8.645566] (-) TimerEvent: {}
[8.746196] (-) TimerEvent: {}
[8.846881] (-) TimerEvent: {}
[8.947563] (-) TimerEvent: {}
[9.048456] (-) TimerEvent: {}
[9.149243] (-) TimerEvent: {}
[9.249975] (-) TimerEvent: {}
[9.350952] (-) TimerEvent: {}
[9.451970] (-) TimerEvent: {}
[9.552951] (-) TimerEvent: {}
[9.653658] (-) TimerEvent: {}
[9.754351] (-) TimerEvent: {}
[9.855069] (-) TimerEvent: {}
[9.955784] (-) TimerEvent: {}
[10.056528] (-) TimerEvent: {}
[10.157262] (-) TimerEvent: {}
[10.258276] (-) TimerEvent: {}
[10.359007] (-) TimerEvent: {}
[10.460016] (-) TimerEvent: {}
[10.560995] (-) TimerEvent: {}
[10.661690] (-) TimerEvent: {}
[10.762406] (-) TimerEvent: {}
[10.863143] (-) TimerEvent: {}
[10.963883] (-) TimerEvent: {}
[10.984547] (ydlidar_ros2_driver) StderrLine: {'line': b'gmake[2]: *** [CMakeFiles/ydlidar_ros2_driver_node.dir/build.make:76: CMakeFiles/ydlidar_ros2_driver_node.dir/src/ydlidar_ros2_driver_node.cpp.o] Error 1\n'}
[10.985098] (ydlidar_ros2_driver) StderrLine: {'line': b'gmake[1]: *** [CMakeFiles/Makefile2:139: CMakeFiles/ydlidar_ros2_driver_node.dir/all] Error 2\n'}
[10.985269] (ydlidar_ros2_driver) StderrLine: {'line': b'gmake[1]: *** Waiting for unfinished jobs....\n'}
[11.064031] (-) TimerEvent: {}
[11.164676] (-) TimerEvent: {}
[11.265354] (-) TimerEvent: {}
[11.366320] (-) TimerEvent: {}
[11.467009] (-) TimerEvent: {}
[11.567712] (-) TimerEvent: {}
[11.668468] (-) TimerEvent: {}
[11.769199] (-) TimerEvent: {}
[11.869911] (-) TimerEvent: {}
[11.970613] (-) TimerEvent: {}
[12.071308] (-) TimerEvent: {}
[12.172071] (-) TimerEvent: {}
[12.272776] (-) TimerEvent: {}
[12.373498] (-) TimerEvent: {}
[12.474250] (-) TimerEvent: {}
[12.574955] (-) TimerEvent: {}
[12.675705] (-) TimerEvent: {}
[12.776477] (-) TimerEvent: {}
[12.877211] (-) TimerEvent: {}
[12.977905] (-) TimerEvent: {}
[13.078606] (-) TimerEvent: {}
[13.179318] (-) TimerEvent: {}
[13.280034] (-) TimerEvent: {}
[13.380991] (-) TimerEvent: {}
[13.481950] (-) TimerEvent: {}
[13.582933] (-) TimerEvent: {}
[13.683646] (-) TimerEvent: {}
[13.784339] (-) TimerEvent: {}
[13.885021] (-) TimerEvent: {}
[13.985719] (-) TimerEvent: {}
[14.086658] (-) TimerEvent: {}
[14.187364] (-) TimerEvent: {}
[14.288111] (-) TimerEvent: {}
[14.388824] (-) TimerEvent: {}
[14.489771] (-) TimerEvent: {}
[14.590727] (-) TimerEvent: {}
[14.691449] (-) TimerEvent: {}
[14.792224] (-) TimerEvent: {}
[14.892903] (-) TimerEvent: {}
[14.993711] (-) TimerEvent: {}
[15.094369] (-) TimerEvent: {}
[15.195004] (-) TimerEvent: {}
[15.295704] (-) TimerEvent: {}
[15.396381] (-) TimerEvent: {}
[15.497037] (-) TimerEvent: {}
[15.597672] (-) TimerEvent: {}
[15.698233] (-) TimerEvent: {}
[15.798856] (-) TimerEvent: {}
[15.899518] (-) TimerEvent: {}
[16.000208] (-) TimerEvent: {}
[16.100880] (-) TimerEvent: {}
[16.201522] (-) TimerEvent: {}
[16.302381] (-) TimerEvent: {}
[16.403020] (-) TimerEvent: {}
[16.503924] (-) TimerEvent: {}
[16.604558] (-) TimerEvent: {}
[16.705478] (-) TimerEvent: {}
[16.806124] (-) TimerEvent: {}
[16.906736] (-) TimerEvent: {}
[17.007391] (-) TimerEvent: {}
[17.108072] (-) TimerEvent: {}
[17.208720] (-) TimerEvent: {}
[17.309398] (-) TimerEvent: {}
[17.410037] (-) TimerEvent: {}
[17.510895] (-) TimerEvent: {}
[17.611536] (-) TimerEvent: {}
[17.712434] (-) TimerEvent: {}
[17.813076] (-) TimerEvent: {}
[17.913702] (-) TimerEvent: {}
[18.014353] (-) TimerEvent: {}
[18.115036] (-) TimerEvent: {}
[18.215699] (-) TimerEvent: {}
[18.316592] (-) TimerEvent: {}
[18.417218] (-) TimerEvent: {}
[18.517853] (-) TimerEvent: {}
[18.618497] (-) TimerEvent: {}
[18.719140] (-) TimerEvent: {}
[18.819777] (-) TimerEvent: {}
[18.920453] (-) TimerEvent: {}
[19.021107] (-) TimerEvent: {}
[19.121738] (-) TimerEvent: {}
[19.222375] (-) TimerEvent: {}
[19.323015] (-) TimerEvent: {}
[19.423636] (-) TimerEvent: {}
[19.524532] (-) TimerEvent: {}
[19.625406] (-) TimerEvent: {}
[19.726263] (-) TimerEvent: {}
[19.826900] (-) TimerEvent: {}
[19.927559] (-) TimerEvent: {}
[20.028223] (-) TimerEvent: {}
[20.128890] (-) TimerEvent: {}
[20.229567] (-) TimerEvent: {}
[20.330225] (-) TimerEvent: {}
[20.430911] (-) TimerEvent: {}
[20.531589] (-) TimerEvent: {}
[20.632305] (-) TimerEvent: {}
[20.732986] (-) TimerEvent: {}
[20.833635] (-) TimerEvent: {}
[20.934280] (-) TimerEvent: {}
[21.034957] (-) TimerEvent: {}
[21.135951] (-) TimerEvent: {}
[21.236894] (-) TimerEvent: {}
[21.337607] (-) TimerEvent: {}
[21.435267] (ydlidar_ros2_driver) StdoutLine: {'line': b'[ 75%] \x1b[32m\x1b[1mLinking CXX executable ydlidar_ros2_driver_client\x1b[0m\n'}
[21.437694] (-) TimerEvent: {}
[21.538236] (-) TimerEvent: {}
[21.638954] (-) TimerEvent: {}
[21.739679] (-) TimerEvent: {}
[21.840411] (-) TimerEvent: {}
[21.941086] (-) TimerEvent: {}
[22.041994] (-) TimerEvent: {}
[22.142692] (-) TimerEvent: {}
[22.243421] (-) TimerEvent: {}
[22.302794] (ydlidar_ros2_driver) StdoutLine: {'line': b'[ 75%] Built target ydlidar_ros2_driver_client\n'}
[22.305249] (ydlidar_ros2_driver) StderrLine: {'line': b'gmake: *** [Makefile:146: all] Error 2\n'}
[22.309802] (ydlidar_ros2_driver) CommandEnded: {'returncode': 2}
[22.341762] (ydlidar_ros2_driver) JobEnded: {'identifier': 'ydlidar_ros2_driver', 'rc': 2}
[22.347466] (-) TimerEvent: {}
[22.353066] (-) EventReactorShutdown: {}
